prefill_e2e_time,cdf
0.13724970817565918,0.0006583278472679394
0.1438741683959961,0.0013166556945358788
0.1447310447692871,0.0019749835418038184
0.15056419372558594,0.0026333113890717576
0.173720121383667,0.0032916392363396972
0.1768503189086914,0.003949967083607637
0.17719602584838867,0.004608294930875576
0.17838072776794434,0.005266622778143515
0.17845797538757324,0.005924950625411455
0.18232011795043945,0.0065832784726793945
0.18249177932739258,0.007241606319947334
0.1833782196044922,0.007899934167215274
0.18506622314453125,0.008558262014483212
0.18524622917175293,0.009216589861751152
0.1854705810546875,0.009874917709019092
0.1867971420288086,0.01053324555628703
0.18782901763916016,0.01119157340355497
0.18869781494140625,0.01184990125082291
0.1905055046081543,0.012508229098090849
0.19066071510314941,0.013166556945358789
0.1925795078277588,0.013824884792626729
0.19472336769104004,0.014483212639894667
0.1958613395690918,0.015141540487162607
0.19695425033569336,0.015799868334430547
0.19840574264526367,0.016458196181698487
0.1997368335723877,0.017116524028966424
0.19975519180297852,0.017774851876234364
0.2005910873413086,0.018433179723502304
0.20067048072814941,0.019091507570770244
0.20123505592346191,0.019749835418038184
0.20202898979187012,0.02040816326530612
0.20694756507873535,0.02106649111257406
0.2070622444152832,0.021724818959842
0.20815730094909668,0.02238314680710994
0.21059632301330566,0.02304147465437788
0.2158496379852295,0.02369980250164582
0.21914172172546387,0.024358130348913758
0.22219419479370117,0.025016458196181698
0.22255778312683105,0.025674786043449638
0.22266364097595215,0.026333113890717578
0.22330927848815918,0.026991441737985518
0.22499847412109375,0.027649769585253458
0.2292037010192871,0.028308097432521395
0.2312936782836914,0.028966425279789335
0.2320084571838379,0.029624753127057275
0.2320384979248047,0.030283080974325215
0.2327437400817871,0.030941408821593155
0.23321819305419922,0.031599736668861095
0.23348522186279297,0.03225806451612903
0.23401784896850586,0.032916392363396975
0.23427486419677734,0.03357472021066491
0.23479604721069336,0.03423304805793285
0.23487019538879395,0.03489137590520079
0.23509550094604492,0.03554970375246873
0.23598980903625488,0.03620803159973667
0.2369546890258789,0.03686635944700461
0.23765158653259277,0.037524687294272545
0.23851442337036133,0.03818301514154049
0.2398233413696289,0.038841342988808425
0.24097084999084473,0.03949967083607637
0.2417597770690918,0.040157998683344305
0.2423856258392334,0.04081632653061224
0.24246525764465332,0.041474654377880185
0.2442162036895752,0.04213298222514812
0.2447035312652588,0.042791310072416065
0.24486684799194336,0.043449637919684
0.24492979049682617,0.044107965766951945
0.24725747108459473,0.04476629361421988
0.24741101264953613,0.04542462146148782
0.24741458892822266,0.04608294930875576
0.24776554107666016,0.0467412771560237
0.2478034496307373,0.04739960500329164
0.24794983863830566,0.04805793285055958
0.24879097938537598,0.048716260697827515
0.2489302158355713,0.04937458854509546
0.24947738647460938,0.050032916392363395
0.2495429515838623,0.05069124423963134
0.24964046478271484,0.051349572086899276
0.24991679191589355,0.05200789993416721
0.2523770332336426,0.052666227781435156
0.25258684158325195,0.05332455562870309
0.25545644760131836,0.053982883475971036
0.2557075023651123,0.05464121132323897
0.2563624382019043,0.055299539170506916
0.25658392906188965,0.05595786701777485
0.2567627429962158,0.05661619486504279
0.25690507888793945,0.05727452271231073
0.25743961334228516,0.05793285055957867
0.25814294815063477,0.05859117840684661
0.25856900215148926,0.05924950625411455
0.2597157955169678,0.059907834101382486
0.26002931594848633,0.06056616194865043
0.2600879669189453,0.061224489795918366
0.261263370513916,0.06188281764318631
0.263486385345459,0.06254114549045425
0.2636985778808594,0.06319947333772219
0.2648942470550537,0.06385780118499013
0.26508188247680664,0.06451612903225806
0.2661316394805908,0.065174456879526
0.2672767639160156,0.06583278472679395
0.26808881759643555,0.06649111257406189
0.26967835426330566,0.06714944042132982
0.2703220844268799,0.06780776826859776
0.2707631587982178,0.0684660961158657
0.27239990234375,0.06912442396313365
0.2725813388824463,0.06978275181040158
0.2731592655181885,0.07044107965766952
0.2734372615814209,0.07109940750493746
0.2741682529449463,0.07175773535220539
0.2744596004486084,0.07241606319947334
0.2748086452484131,0.07307439104674128
0.27511143684387207,0.07373271889400922
0.2756357192993164,0.07439104674127715
0.2758595943450928,0.07504937458854509
0.2772212028503418,0.07570770243581304
0.27884697914123535,0.07636603028308098
0.27908754348754883,0.07702435813034891
0.27927589416503906,0.07768268597761685
0.27953100204467773,0.07834101382488479
0.27973413467407227,0.07899934167215274
0.282135009765625,0.07965766951942067
0.284045934677124,0.08031599736668861
0.28435230255126953,0.08097432521395655
0.2844698429107666,0.08163265306122448
0.2856299877166748,0.08229098090849243
0.28569889068603516,0.08294930875576037
0.2869529724121094,0.0836076366030283
0.287445068359375,0.08426596445029624
0.28763484954833984,0.08492429229756418
0.2896747589111328,0.08558262014483213
0.2906174659729004,0.08624094799210007
0.2916688919067383,0.086899275839368
0.291762113571167,0.08755760368663594
0.2926795482635498,0.08821593153390389
0.29467248916625977,0.08887425938117183
0.29555773735046387,0.08953258722843976
0.29635000228881836,0.0901909150757077
0.2972586154937744,0.09084924292297564
0.29796433448791504,0.09150757077024359
0.2979731559753418,0.09216589861751152
0.30022597312927246,0.09282422646477946
0.30254268646240234,0.0934825543120474
0.30298542976379395,0.09414088215931533
0.30344319343566895,0.09479921000658328
0.30370545387268066,0.09545753785385122
0.3039076328277588,0.09611586570111916
0.30406928062438965,0.0967741935483871
0.3045990467071533,0.09743252139565503
0.3049302101135254,0.09809084924292298
0.30614209175109863,0.09874917709019092
0.3063685894012451,0.09940750493745885
0.30770087242126465,0.10006583278472679
0.3081936836242676,0.10072416063199473
0.3083789348602295,0.10138248847926268
0.3097224235534668,0.10204081632653061
0.3105330467224121,0.10269914417379855
0.3110206127166748,0.10335747202106649
0.31148195266723633,0.10401579986833442
0.31225037574768066,0.10467412771560237
0.3128337860107422,0.10533245556287031
0.31330156326293945,0.10599078341013825
0.31330418586730957,0.10664911125740618
0.3133273124694824,0.10730743910467412
0.3134336471557617,0.10796576695194207
0.31430721282958984,0.10862409479921001
0.31444478034973145,0.10928242264647794
0.3145291805267334,0.10994075049374588
0.31563854217529297,0.11059907834101383
0.3164234161376953,0.11125740618828177
0.31711483001708984,0.1119157340355497
0.31777048110961914,0.11257406188281764
0.31832122802734375,0.11323238973008558
0.3186807632446289,0.11389071757735353
0.31978750228881836,0.11454904542462147
0.3200106620788574,0.1152073732718894
0.3202991485595703,0.11586570111915734
0.32251930236816406,0.11652402896642527
0.3250141143798828,0.11718235681369323
0.32581663131713867,0.11784068466096116
0.3266417980194092,0.1184990125082291
0.3274869918823242,0.11915734035549704
0.32783985137939453,0.11981566820276497
0.3282961845397949,0.12047399605003292
0.330794095993042,0.12113232389730086
0.3312356472015381,0.1217906517445688
0.3313746452331543,0.12244897959183673
0.3321206569671631,0.12310730743910467
0.3322181701660156,0.12376563528637262
0.33249664306640625,0.12442396313364056
0.332871675491333,0.1250822909809085
0.3331716060638428,0.12574061882817644
0.33318519592285156,0.12639894667544438
0.3338167667388916,0.12705727452271232
0.33467721939086914,0.12771560236998025
0.3349161148071289,0.1283739302172482
0.3356339931488037,0.12903225806451613
0.33646488189697266,0.12969058591178406
0.33665013313293457,0.130348913759052
0.3367774486541748,0.13100724160631994
0.33733034133911133,0.1316655694535879
0.33734941482543945,0.13232389730085584
0.3392658233642578,0.13298222514812377
0.3400719165802002,0.1336405529953917
0.3428914546966553,0.13429888084265965
0.3436276912689209,0.13495720868992758
0.3443160057067871,0.13561553653719552
0.34592628479003906,0.13627386438446346
0.3463919162750244,0.1369321922317314
0.3474094867706299,0.13759052007899933
0.3483288288116455,0.1382488479262673
0.3485403060913086,0.13890717577353523
0.34987878799438477,0.13956550362080317
0.3501911163330078,0.1402238314680711
0.35196876525878906,0.14088215931533904
0.35760021209716797,0.14154048716260698
0.35930633544921875,0.1421988150098749
0.35962510108947754,0.14285714285714285
0.3601701259613037,0.14351547070441079
0.3602914810180664,0.14417379855167872
0.363051176071167,0.1448321263989467
0.3650524616241455,0.14549045424621462
0.36516666412353516,0.14614878209348256
0.36571311950683594,0.1468071099407505
0.36696767807006836,0.14746543778801843
0.3699345588684082,0.14812376563528637
0.3706822395324707,0.1487820934825543
0.3710031509399414,0.14944042132982224
0.3719797134399414,0.15009874917709018
0.37296223640441895,0.15075707702435814
0.3750901222229004,0.15141540487162608
0.37747907638549805,0.15207373271889402
0.3779256343841553,0.15273206056616195
0.3782508373260498,0.1533903884134299
0.381563663482666,0.15404871626069783
0.3821115493774414,0.15470704410796576
0.3827059268951416,0.1553653719552337
0.3834402561187744,0.15602369980250164
0.3886110782623291,0.15668202764976957
0.38950395584106445,0.15734035549703754
0.39162373542785645,0.15799868334430547
0.3921468257904053,0.1586570111915734
0.39713478088378906,0.15931533903884135
0.39963817596435547,0.15997366688610928
0.40106797218322754,0.16063199473337722
0.4015228748321533,0.16129032258064516
0.4021918773651123,0.1619486504279131
0.40413522720336914,0.16260697827518103
0.4047408103942871,0.16326530612244897
0.40535593032836914,0.16392363396971693
0.4062032699584961,0.16458196181698487
0.40820789337158203,0.1652402896642528
0.4101850986480713,0.16589861751152074
0.41148900985717773,0.16655694535878868
0.4131166934967041,0.1672152732060566
0.4145815372467041,0.16787360105332455
0.4151604175567627,0.1685319289005925
0.4199223518371582,0.16919025674786042
0.4203357696533203,0.16984858459512836
0.425490140914917,0.17050691244239632
0.42576074600219727,0.17116524028966426
0.42586827278137207,0.1718235681369322
0.4268472194671631,0.17248189598420013
0.4271855354309082,0.17314022383146807
0.4314916133880615,0.173798551678736
0.43402862548828125,0.17445687952600394
0.43405866622924805,0.17511520737327188
0.4348583221435547,0.17577353522053982
0.4353816509246826,0.17643186306780778
0.43623876571655273,0.17709019091507572
0.43647027015686035,0.17774851876234365
0.43665552139282227,0.1784068466096116
0.43929481506347656,0.17906517445687953
0.4402651786804199,0.17972350230414746
0.441448450088501,0.1803818301514154
0.4419732093811035,0.18104015799868334
0.44231343269348145,0.18169848584595127
0.44238758087158203,0.1823568136932192
0.44332408905029297,0.18301514154048718
0.44476890563964844,0.1836734693877551
0.44548535346984863,0.18433179723502305
0.4462852478027344,0.18499012508229098
0.44659423828125,0.18564845292955892
0.44717979431152344,0.18630678077682686
0.449840784072876,0.1869651086240948
0.45113182067871094,0.18762343647136273
0.4535191059112549,0.18828176431863067
0.4541318416595459,0.1889400921658986
0.4562375545501709,0.18959842001316657
0.45774030685424805,0.1902567478604345
0.4577624797821045,0.19091507570770244
0.45815157890319824,0.19157340355497038
0.45951008796691895,0.19223173140223832
0.459545373916626,0.19289005924950625
0.4596719741821289,0.1935483870967742
0.4633214473724365,0.19420671494404212
0.46388816833496094,0.19486504279131006
0.4667544364929199,0.19552337063857803
0.4728264808654785,0.19618169848584596
0.4784586429595947,0.1968400263331139
0.4802258014678955,0.19749835418038184
0.48216748237609863,0.19815668202764977
0.486055850982666,0.1988150098749177
0.4867668151855469,0.19947333772218565
0.4871039390563965,0.20013166556945358
0.48754286766052246,0.20078999341672152
0.49073362350463867,0.20144832126398945
0.49579954147338867,0.20210664911125742
0.4968106746673584,0.20276497695852536
0.5024898052215576,0.2034233048057933
0.5037519931793213,0.20408163265306123
0.5064754486083984,0.20473996050032917
0.5084896087646484,0.2053982883475971
0.5092108249664307,0.20605661619486504
0.5102534294128418,0.20671494404213298
0.5121700763702393,0.2073732718894009
0.5135288238525391,0.20803159973666885
0.5139777660369873,0.2086899275839368
0.514437198638916,0.20934825543120475
0.5150270462036133,0.21000658327847269
0.5163137912750244,0.21066491112574062
0.518169641494751,0.21132323897300856
0.5199272632598877,0.2119815668202765
0.5257933139801025,0.21263989466754443
0.5267877578735352,0.21329822251481237
0.5277996063232422,0.2139565503620803
0.527885913848877,0.21461487820934824
0.5279920101165771,0.2152732060566162
0.5280961990356445,0.21593153390388414
0.5281641483306885,0.21658986175115208
0.5301659107208252,0.21724818959842002
0.5305731296539307,0.21790651744568795
0.5312149524688721,0.2185648452929559
0.5336732864379883,0.21922317314022383
0.5350666046142578,0.21988150098749176
0.5350801944732666,0.2205398288347597
0.5374410152435303,0.22119815668202766
0.5380797386169434,0.2218564845292956
0.5464003086090088,0.22251481237656354
0.546550989151001,0.22317314022383147
0.547088623046875,0.2238314680710994
0.547370195388794,0.22448979591836735
0.5516877174377441,0.22514812376563528
0.5530016422271729,0.22580645161290322
0.5553014278411865,0.22646477946017116
0.5593154430389404,0.2271231073074391
0.5599541664123535,0.22778143515470706
0.5617375373840332,0.228439763001975
0.5632040500640869,0.22909809084924293
0.5653657913208008,0.22975641869651087
0.5703134536743164,0.2304147465437788
0.5709562301635742,0.23107307439104674
0.5744824409484863,0.23173140223831468
0.5745968818664551,0.2323897300855826
0.5763444900512695,0.23304805793285055
0.5803256034851074,0.2337063857801185
0.5803930759429932,0.23436471362738645
0.5811324119567871,0.2350230414746544
0.5842585563659668,0.23568136932192232
0.5859761238098145,0.23633969716919026
0.5879106521606445,0.2369980250164582
0.5880346298217773,0.23765635286372613
0.5908989906311035,0.23831468071099407
0.5919666290283203,0.238973008558262
0.5939633846282959,0.23963133640552994
0.5991518497467041,0.24028966425279788
0.6010797023773193,0.24094799210006584
0.6018931865692139,0.24160631994733378
0.6020355224609375,0.24226464779460172
0.6040117740631104,0.24292297564186965
0.6044814586639404,0.2435813034891376
0.6094791889190674,0.24423963133640553
0.6109397411346436,0.24489795918367346
0.6129662990570068,0.2455562870309414
0.6186256408691406,0.24621461487820934
0.620624303817749,0.2468729427254773
0.622976541519165,0.24753127057274524
0.6241941452026367,0.24818959842001317
0.6269328594207764,0.2488479262672811
0.6269500255584717,0.24950625411454905
0.6275770664215088,0.250164581961817
0.6276559829711914,0.25082290980908495
0.6313602924346924,0.2514812376563529
0.6394290924072266,0.2521395655036208
0.6394946575164795,0.25279789335088876
0.6401920318603516,0.2534562211981567
0.64375901222229,0.25411454904542463
0.6461541652679443,0.25477287689269257
0.6470859050750732,0.2554312047399605
0.6486656665802002,0.25608953258722844
0.6562695503234863,0.2567478604344964
0.6562745571136475,0.2574061882817643
0.6575253009796143,0.25806451612903225
0.6576542854309082,0.2587228439763002
0.6592745780944824,0.2593811718235681
0.6600203514099121,0.26003949967083606
0.6608891487121582,0.260697827518104
0.6620397567749023,0.26135615536537193
0.6660182476043701,0.26201448321263987
0.6664059162139893,0.2626728110599078
0.6681623458862305,0.2633311389071758
0.6681957244873047,0.26398946675444374
0.6702196598052979,0.2646477946017117
0.6702911853790283,0.2653061224489796
0.6727242469787598,0.26596445029624755
0.673147439956665,0.2666227781435155
0.6782746315002441,0.2672811059907834
0.6818239688873291,0.26793943383805136
0.6837525367736816,0.2685977616853193
0.6868772506713867,0.26925608953258723
0.6878070831298828,0.26991441737985516
0.6887657642364502,0.2705727452271231
0.6943871974945068,0.27123107307439104
0.6997067928314209,0.271889400921659
0.7012701034545898,0.2725477287689269
0.7016892433166504,0.27320605661619485
0.7027528285980225,0.2738643844634628
0.7044539451599121,0.2745227123107307
0.7054402828216553,0.27518104015799866
0.7105324268341064,0.27583936800526665
0.7143959999084473,0.2764976958525346
0.7165670394897461,0.2771560236998025
0.7166831493377686,0.27781435154707046
0.7184438705444336,0.2784726793943384
0.7212657928466797,0.27913100724160633
0.7238473892211914,0.27978933508887427
0.7252318859100342,0.2804476629361422
0.7262513637542725,0.28110599078341014
0.7270960807800293,0.2817643186306781
0.7283844947814941,0.282422646477946
0.7299318313598633,0.28308097432521395
0.7321512699127197,0.2837393021724819
0.7354528903961182,0.2843976300197498
0.7396116256713867,0.28505595786701776
0.7400646209716797,0.2857142857142857
0.7401182651519775,0.28637261356155364
0.7413754463195801,0.28703094140882157
0.7558174133300781,0.2876892692560895
0.7566914558410645,0.28834759710335744
0.7594163417816162,0.28900592495062544
0.7596261501312256,0.2896642527978934
0.7596323490142822,0.2903225806451613
0.7613494396209717,0.29098090849242925
0.7618834972381592,0.2916392363396972
0.7632827758789062,0.2922975641869651
0.763850212097168,0.29295589203423306
0.7713487148284912,0.293614219881501
0.7718150615692139,0.29427254772876893
0.7783026695251465,0.29493087557603687
0.778846263885498,0.2955892034233048
0.781252384185791,0.29624753127057274
0.7825272083282471,0.2969058591178407
0.7830989360809326,0.2975641869651086
0.7848665714263916,0.29822251481237655
0.7887847423553467,0.2988808426596445
0.7890214920043945,0.2995391705069124
0.7902309894561768,0.30019749835418036
0.7910614013671875,0.3008558262014483
0.7915148735046387,0.3015141540487163
0.793708324432373,0.3021724818959842
0.7938177585601807,0.30283080974325216
0.7950911521911621,0.3034891375905201
0.7964956760406494,0.30414746543778803
0.7975566387176514,0.30480579328505597
0.797590970993042,0.3054641211323239
0.8002176284790039,0.30612244897959184
0.8022544384002686,0.3067807768268598
0.8033387660980225,0.3074391046741277
0.8047630786895752,0.30809743252139565
0.8073751926422119,0.3087557603686636
0.808438777923584,0.3094140882159315
0.8127686977386475,0.31007241606319946
0.8129422664642334,0.3107307439104674
0.8136239051818848,0.31138907175773534
0.814582109451294,0.3120473996050033
0.8154418468475342,0.3127057274522712
0.8160126209259033,0.31336405529953915
0.8192911148071289,0.3140223831468071
0.8204090595245361,0.3146807109940751
0.820810079574585,0.315339038841343
0.8223698139190674,0.31599736668861095
0.8247871398925781,0.3166556945358789
0.8277876377105713,0.3173140223831468
0.8309869766235352,0.31797235023041476
0.8310637474060059,0.3186306780776827
0.8383049964904785,0.31928900592495063
0.840015172958374,0.31994733377221857
0.841780424118042,0.3206056616194865
0.8447825908660889,0.32126398946675444
0.8448405265808105,0.3219223173140224
0.8456504344940186,0.3225806451612903
0.8490002155303955,0.32323897300855825
0.849097728729248,0.3238973008558262
0.850247859954834,0.3245556287030941
0.8534350395202637,0.32521395655036206
0.8548898696899414,0.32587228439763
0.8593034744262695,0.32653061224489793
0.8606233596801758,0.3271889400921659
0.8611850738525391,0.32784726793943386
0.8619117736816406,0.3285055957867018
0.8619718551635742,0.32916392363396973
0.8620548248291016,0.32982225148123767
0.862391471862793,0.3304805793285056
0.8631448745727539,0.33113890717577354
0.8661627769470215,0.3317972350230415
0.8667161464691162,0.3324555628703094
0.8667280673980713,0.33311389071757735
0.8669211864471436,0.3337722185648453
0.8735015392303467,0.3344305464121132
0.8745443820953369,0.33508887425938116
0.8746263980865479,0.3357472021066491
0.8781490325927734,0.33640552995391704
0.8823206424713135,0.337063857801185
0.8826248645782471,0.3377221856484529
0.8828153610229492,0.33838051349572085
0.8835194110870361,0.3390388413429888
0.8859379291534424,0.3396971691902567
0.8874263763427734,0.3403554970375247
0.8891565799713135,0.34101382488479265
0.8930127620697021,0.3416721527320606
0.8931484222412109,0.3423304805793285
0.893580436706543,0.34298880842659646
0.8945116996765137,0.3436471362738644
0.8964889049530029,0.34430546412113233
0.8973944187164307,0.34496379196840027
0.9015305042266846,0.3456221198156682
0.9022955894470215,0.34628044766293614
0.9067401885986328,0.3469387755102041
0.907670259475708,0.347597103357472
0.9089734554290771,0.34825543120473995
0.9122054576873779,0.3489137590520079
0.9133431911468506,0.3495720868992758
0.9158413410186768,0.35023041474654376
0.918975830078125,0.3508887425938117
0.9263930320739746,0.35154707044107963
0.9280879497528076,0.35220539828834757
0.9283592700958252,0.35286372613561556
0.9305346012115479,0.3535220539828835
0.931297779083252,0.35418038183015144
0.9359328746795654,0.3548387096774194
0.936272382736206,0.3554970375246873
0.9379215240478516,0.35615536537195525
0.9392189979553223,0.3568136932192232
0.9440116882324219,0.3574720210664911
0.9455361366271973,0.35813034891375906
0.9492833614349365,0.358788676761027
0.9525084495544434,0.35944700460829493
0.955665111541748,0.36010533245556287
0.9611687660217285,0.3607636603028308
0.9660749435424805,0.36142198815009874
0.9663276672363281,0.3620803159973667
0.9679081439971924,0.3627386438446346
0.9721274375915527,0.36339697169190255
0.9734621047973633,0.3640552995391705
0.9748992919921875,0.3647136273864384
0.9753017425537109,0.36537195523370636
0.977851390838623,0.36603028308097435
0.9830739498138428,0.3666886109282423
0.9830911159515381,0.3673469387755102
0.9842336177825928,0.36800526662277816
0.9847011566162109,0.3686635944700461
0.9938087463378906,0.36932192231731403
0.9945065975189209,0.36998025016458197
0.9952292442321777,0.3706385780118499
1.0103788375854492,0.37129690585911784
1.0151057243347168,0.3719552337063858
1.015833854675293,0.3726135615536537
1.021867275238037,0.37327188940092165
1.022169589996338,0.3739302172481896
1.022359848022461,0.3745885450954575
1.0255770683288574,0.37524687294272546
1.0265891551971436,0.3759052007899934
1.030155897140503,0.37656352863726134
1.0315496921539307,0.37722185648452927
1.0321362018585205,0.3778801843317972
1.0331921577453613,0.3785385121790652
1.0364313125610352,0.37919684002633314
1.0370268821716309,0.3798551678736011
1.037550926208496,0.380513495720869
1.0411553382873535,0.38117182356813695
1.0455923080444336,0.3818301514154049
1.0459887981414795,0.3824884792626728
1.0504379272460938,0.38314680710994076
1.0522980690002441,0.3838051349572087
1.055030345916748,0.38446346280447663
1.0628089904785156,0.38512179065174457
1.065993309020996,0.3857801184990125
1.0673644542694092,0.38643844634628044
1.070115089416504,0.3870967741935484
1.071054220199585,0.3877551020408163
1.071821928024292,0.38841342988808425
1.0744943618774414,0.3890717577353522
1.0778765678405762,0.3897300855826201
1.0873160362243652,0.39038841342988806
1.0919854640960693,0.39104674127715605
1.0977063179016113,0.391705069124424
1.1008002758026123,0.3923633969716919
1.1024806499481201,0.39302172481895986
1.1025331020355225,0.3936800526662278
1.1031320095062256,0.39433838051349573
1.1036410331726074,0.39499670836076367
1.1077156066894531,0.3956550362080316
1.1081702709197998,0.39631336405529954
1.1097588539123535,0.3969716919025675
1.1116993427276611,0.3976300197498354
1.113370656967163,0.39828834759710335
1.1144375801086426,0.3989466754443713
1.1147103309631348,0.3996050032916392
1.1150147914886475,0.40026333113890716
1.1157708168029785,0.4009216589861751
1.117861032485962,0.40157998683344304
1.1190831661224365,0.402238314680711
1.1277425289154053,0.4028966425279789
1.1292285919189453,0.40355497037524685
1.1326274871826172,0.40421329822251484
1.1328694820404053,0.4048716260697828
1.1332266330718994,0.4055299539170507
1.1384084224700928,0.40618828176431865
1.1408629417419434,0.4068466096115866
1.1410901546478271,0.4075049374588545
1.1418917179107666,0.40816326530612246
1.1428816318511963,0.4088215931533904
1.1439530849456787,0.40947992100065833
1.15254545211792,0.41013824884792627
1.1557085514068604,0.4107965766951942
1.1598272323608398,0.41145490454246214
1.1611595153808594,0.4121132323897301
1.161750078201294,0.412771560236998
1.164862871170044,0.41342988808426595
1.1713488101959229,0.4140882159315339
1.179516077041626,0.4147465437788018
1.18428635597229,0.41540487162606976
1.1851446628570557,0.4160631994733377
1.190147876739502,0.4167215273206057
1.1931333541870117,0.4173798551678736
1.1934926509857178,0.41803818301514156
1.1948025226593018,0.4186965108624095
1.196974754333496,0.41935483870967744
1.1988136768341064,0.42001316655694537
1.1990394592285156,0.4206714944042133
1.1994822025299072,0.42132982225148125
1.2042691707611084,0.4219881500987492
1.205603837966919,0.4226464779460171
1.2081611156463623,0.42330480579328505
1.2094879150390625,0.423963133640553
1.2095296382904053,0.42462146148782093
1.2114460468292236,0.42527978933508886
1.2143216133117676,0.4259381171823568
1.2158386707305908,0.42659644502962474
1.2191483974456787,0.4272547728768927
1.2218315601348877,0.4279131007241606
1.2246885299682617,0.42857142857142855
1.2258687019348145,0.4292297564186965
1.2269246578216553,0.4298880842659645
1.2283110618591309,0.4305464121132324
1.233332633972168,0.43120473996050035
1.2361149787902832,0.4318630678077683
1.239210605621338,0.4325213956550362
1.2430338859558105,0.43317972350230416
1.246938943862915,0.4338380513495721
1.2482542991638184,0.43449637919684003
1.2503488063812256,0.43515470704410797
1.2527270317077637,0.4358130348913759
1.2585372924804688,0.43647136273864384
1.2615714073181152,0.4371296905859118
1.2624666690826416,0.4377880184331797
1.2690880298614502,0.43844634628044765
1.2744553089141846,0.4391046741277156
1.281290054321289,0.4397630019749835
1.2895777225494385,0.44042132982225146
1.2920043468475342,0.4410796576695194
1.294299602508545,0.44173798551678733
1.2944347858428955,0.4423963133640553
1.299591302871704,0.44305464121132326
1.3015098571777344,0.4437129690585912
1.3016905784606934,0.44437129690585914
1.3049190044403076,0.4450296247531271
1.3053455352783203,0.445687952600395
1.30600905418396,0.44634628044766295
1.309051275253296,0.4470046082949309
1.3090541362762451,0.4476629361421988
1.312546968460083,0.44832126398946676
1.318751335144043,0.4489795918367347
1.3216288089752197,0.44963791968400263
1.3228576183319092,0.45029624753127057
1.3257434368133545,0.4509545753785385
1.3257925510406494,0.45161290322580644
1.3303203582763672,0.4522712310730744
1.3313319683074951,0.4529295589203423
1.3404030799865723,0.45358788676761025
1.3438739776611328,0.4542462146148782
1.3444223403930664,0.4549045424621461
1.3468260765075684,0.4555628703094141
1.3495526313781738,0.45622119815668205
1.350036382675171,0.45687952600395
1.3502826690673828,0.4575378538512179
1.3522677421569824,0.45819618169848586
1.3569097518920898,0.4588545095457538
1.3607985973358154,0.45951283739302173
1.3613801002502441,0.46017116524028967
1.3620681762695312,0.4608294930875576
1.36881422996521,0.46148782093482554
1.3694407939910889,0.4621461487820935
1.3761651515960693,0.4628044766293614
1.377232551574707,0.46346280447662935
1.3778760433197021,0.4641211323238973
1.3909106254577637,0.4647794601711652
1.3954646587371826,0.46543778801843316
1.3958740234375,0.4660961158657011
1.4025681018829346,0.46675444371296904
1.4094045162200928,0.467412771560237
1.4130053520202637,0.46807109940750496
1.413710355758667,0.4687294272547729
1.4148201942443848,0.46938775510204084
1.4154725074768066,0.4700460829493088
1.4160714149475098,0.4707044107965767
1.416672945022583,0.47136273864384465
1.4170527458190918,0.4720210664911126
1.419917345046997,0.4726793943383805
1.4289119243621826,0.47333772218564846
1.4375042915344238,0.4739960500329164
1.4428322315216064,0.47465437788018433
1.4471921920776367,0.47531270572745227
1.4474806785583496,0.4759710335747202
1.453390121459961,0.47662936142198814
1.4537110328674316,0.4772876892692561
1.4541294574737549,0.477946017116524
1.461512804031372,0.47860434496379195
1.4620692729949951,0.4792626728110599
1.4627559185028076,0.4799210006583278
1.4634313583374023,0.48057932850559576
1.4648537635803223,0.48123765635286375
1.46640944480896,0.4818959842001317
1.467484712600708,0.4825543120473996
1.4736392498016357,0.48321263989466756
1.4770572185516357,0.4838709677419355
1.477271556854248,0.48452929558920343
1.479128360748291,0.48518762343647137
1.4793436527252197,0.4858459512837393
1.4894917011260986,0.48650427913100724
1.5029900074005127,0.4871626069782752
1.5032761096954346,0.4878209348255431
1.5044679641723633,0.48847926267281105
1.5046913623809814,0.489137590520079
1.5150065422058105,0.4897959183673469
1.5150110721588135,0.49045424621461486
1.5214416980743408,0.4911125740618828
1.5214545726776123,0.49177090190915074
1.5234739780426025,0.4924292297564187
1.532655954360962,0.4930875576036866
1.535526990890503,0.4937458854509546
1.5410683155059814,0.49440421329822254
1.5456244945526123,0.4950625411454905
1.5525050163269043,0.4957208689927584
1.557316541671753,0.49637919684002635
1.5601844787597656,0.4970375246872943
1.5618705749511719,0.4976958525345622
1.562056064605713,0.49835418038183016
1.564070463180542,0.4990125082290981
1.56667160987854,0.49967083607636603
1.5679340362548828,0.500329163923634
1.568824291229248,0.500987491770902
1.569749355316162,0.5016458196181699
1.570930004119873,0.5023041474654378
1.5709540843963623,0.5029624753127058
1.5721020698547363,0.5036208031599737
1.5794336795806885,0.5042791310072416
1.5818185806274414,0.5049374588545096
1.5841209888458252,0.5055957867017775
1.5904316902160645,0.5062541145490455
1.592054843902588,0.5069124423963134
1.594759464263916,0.5075707702435813
1.5971808433532715,0.5082290980908493
1.5974688529968262,0.5088874259381172
1.5994057655334473,0.5095457537853851
1.6003074645996094,0.5102040816326531
1.6007087230682373,0.510862409479921
1.6026511192321777,0.511520737327189
1.6036169528961182,0.5121790651744569
1.6046650409698486,0.5128373930217248
1.6048357486724854,0.5134957208689928
1.6105167865753174,0.5141540487162607
1.6135578155517578,0.5148123765635286
1.6142816543579102,0.5154707044107966
1.6157336235046387,0.5161290322580645
1.6162469387054443,0.5167873601053324
1.6183066368103027,0.5174456879526004
1.619753122329712,0.5181040157998683
1.6273586750030518,0.5187623436471362
1.6277241706848145,0.5194206714944042
1.6299641132354736,0.5200789993416721
1.635624647140503,0.5207373271889401
1.6390392780303955,0.521395655036208
1.6407177448272705,0.5220539828834759
1.643106460571289,0.5227123107307439
1.6481189727783203,0.5233706385780118
1.649031639099121,0.5240289664252797
1.6632716655731201,0.5246872942725477
1.663299560546875,0.5253456221198156
1.663994550704956,0.5260039499670837
1.6668469905853271,0.5266622778143516
1.671144962310791,0.5273206056616195
1.671684980392456,0.5279789335088875
1.6808562278747559,0.5286372613561554
1.6854133605957031,0.5292955892034233
1.6855378150939941,0.5299539170506913
1.6927223205566406,0.5306122448979592
1.6938426494598389,0.5312705727452272
1.696183204650879,0.5319289005924951
1.6965222358703613,0.532587228439763
1.698760986328125,0.533245556287031
1.7030906677246094,0.5339038841342989
1.7070364952087402,0.5345622119815668
1.707207202911377,0.5352205398288348
1.7105998992919922,0.5358788676761027
1.7161993980407715,0.5365371955233706
1.7193286418914795,0.5371955233706386
1.7208080291748047,0.5378538512179065
1.7220847606658936,0.5385121790651745
1.7290728092193604,0.5391705069124424
1.729320764541626,0.5398288347597103
1.730794906616211,0.5404871626069783
1.7335832118988037,0.5411454904542462
1.7337310314178467,0.5418038183015141
1.7353031635284424,0.5424621461487821
1.737036943435669,0.54312047399605
1.7418696880340576,0.543778801843318
1.7431397438049316,0.5444371296905859
1.7438957691192627,0.5450954575378538
1.746164321899414,0.5457537853851218
1.7482340335845947,0.5464121132323897
1.7504620552062988,0.5470704410796576
1.7506458759307861,0.5477287689269256
1.754640817642212,0.5483870967741935
1.7584989070892334,0.5490454246214614
1.7590527534484863,0.5497037524687294
1.7618186473846436,0.5503620803159973
1.7637064456939697,0.5510204081632653
1.766810655593872,0.5516787360105333
1.7753243446350098,0.5523370638578012
1.7765750885009766,0.5529953917050692
1.7770168781280518,0.5536537195523371
1.7785818576812744,0.554312047399605
1.781160593032837,0.554970375246873
1.781386375427246,0.5556287030941409
1.7825748920440674,0.5562870309414089
1.8047776222229004,0.5569453587886768
1.8134465217590332,0.5576036866359447
1.8313255310058594,0.5582620144832127
1.8341121673583984,0.5589203423304806
1.8343205451965332,0.5595786701777485
1.844918966293335,0.5602369980250165
1.8452486991882324,0.5608953258722844
1.8454642295837402,0.5615536537195523
1.8462309837341309,0.5622119815668203
1.847900629043579,0.5628703094140882
1.849637746810913,0.5635286372613562
1.8527395725250244,0.5641869651086241
1.8538000583648682,0.564845292955892
1.862424612045288,0.56550362080316
1.8693654537200928,0.5661619486504279
1.8709721565246582,0.5668202764976958
1.872133493423462,0.5674786043449638
1.8721506595611572,0.5681369321922317
1.8744933605194092,0.5687952600394997
1.8751864433288574,0.5694535878867676
1.875288963317871,0.5701119157340355
1.892791748046875,0.5707702435813035
1.894850730895996,0.5714285714285714
1.8981413841247559,0.5720868992758393
1.8991756439208984,0.5727452271231073
1.902289628982544,0.5734035549703752
1.9125044345855713,0.5740618828176431
1.9151854515075684,0.5747202106649111
1.9170174598693848,0.575378538512179
1.9184770584106445,0.576036866359447
1.9214248657226562,0.5766951942067149
1.9222981929779053,0.5773535220539829
1.9252710342407227,0.5780118499012509
1.9257004261016846,0.5786701777485188
1.925734281539917,0.5793285055957867
1.929816722869873,0.5799868334430547
1.9307382106781006,0.5806451612903226
1.9311444759368896,0.5813034891375906
1.933751106262207,0.5819618169848585
1.9366915225982666,0.5826201448321264
1.9418630599975586,0.5832784726793944
1.945375680923462,0.5839368005266623
1.9480640888214111,0.5845951283739302
1.9486677646636963,0.5852534562211982
1.9488720893859863,0.5859117840684661
1.953934669494629,0.586570111915734
1.9570958614349365,0.587228439763002
1.9571564197540283,0.5878867676102699
1.9574179649353027,0.5885450954575379
1.960418939590454,0.5892034233048058
1.9628326892852783,0.5898617511520737
1.9660837650299072,0.5905200789993417
1.9671375751495361,0.5911784068466096
1.9711158275604248,0.5918367346938775
1.9715445041656494,0.5924950625411455
1.975928783416748,0.5931533903884134
1.9806222915649414,0.5938117182356814
1.9881815910339355,0.5944700460829493
1.9986145496368408,0.5951283739302172
2.0003292560577393,0.5957867017774852
2.001976251602173,0.5964450296247531
2.0038256645202637,0.597103357472021
2.025862455368042,0.597761685319289
2.0278897285461426,0.5984200131665569
2.028947353363037,0.5990783410138248
2.0382485389709473,0.5997366688610928
2.0394251346588135,0.6003949967083607
2.0466318130493164,0.6010533245556287
2.050055980682373,0.6017116524028966
2.063392162322998,0.6023699802501645
2.0661191940307617,0.6030283080974326
2.069110870361328,0.6036866359447005
2.0725674629211426,0.6043449637919684
2.0727338790893555,0.6050032916392364
2.0734732151031494,0.6056616194865043
2.074209690093994,0.6063199473337723
2.07572603225708,0.6069782751810402
2.0764870643615723,0.6076366030283081
2.078324794769287,0.6082949308755761
2.0788562297821045,0.608953258722844
2.080780506134033,0.6096115865701119
2.0869579315185547,0.6102699144173799
2.0871431827545166,0.6109282422646478
2.087454319000244,0.6115865701119158
2.090895414352417,0.6122448979591837
2.092384099960327,0.6129032258064516
2.0981993675231934,0.6135615536537196
2.1058309078216553,0.6142198815009875
2.10597825050354,0.6148782093482554
2.109811782836914,0.6155365371955234
2.124605894088745,0.6161948650427913
2.1247220039367676,0.6168531928900592
2.1280360221862793,0.6175115207373272
2.1285126209259033,0.6181698485845951
2.1316072940826416,0.618828176431863
2.1425530910491943,0.619486504279131
2.1560418605804443,0.6201448321263989
2.1582541465759277,0.6208031599736669
2.1623141765594482,0.6214614878209348
2.164095640182495,0.6221198156682027
2.1647403240203857,0.6227781435154707
2.1653900146484375,0.6234364713627386
2.168032646179199,0.6240947992100065
2.171570062637329,0.6247531270572745
2.173124074935913,0.6254114549045424
2.1785433292388916,0.6260697827518104
2.1824936866760254,0.6267281105990783
2.1829166412353516,0.6273864384463462
2.186394453048706,0.6280447662936142
2.1934120655059814,0.6287030941408822
2.2027385234832764,0.6293614219881501
2.203261613845825,0.6300197498354181
2.2035672664642334,0.630678077682686
2.2208340167999268,0.631336405529954
2.2247846126556396,0.6319947333772219
2.225573778152466,0.6326530612244898
2.2271595001220703,0.6333113890717578
2.2280755043029785,0.6339697169190257
2.2298460006713867,0.6346280447662936
2.233492851257324,0.6352863726135616
2.236032247543335,0.6359447004608295
2.2438197135925293,0.6366030283080975
2.251767873764038,0.6372613561553654
2.2590785026550293,0.6379196840026333
2.2591798305511475,0.6385780118499013
2.2593836784362793,0.6392363396971692
2.267563819885254,0.6398946675444371
2.272069215774536,0.6405529953917051
2.2756447792053223,0.641211323238973
2.282484531402588,0.6418696510862409
2.2899625301361084,0.6425279789335089
2.2928197383880615,0.6431863067807768
2.2928600311279297,0.6438446346280448
2.2973999977111816,0.6445029624753127
2.3037261962890625,0.6451612903225806
2.3062546253204346,0.6458196181698486
2.307600736618042,0.6464779460171165
2.3154194355010986,0.6471362738643844
2.316373109817505,0.6477946017116524
2.3173563480377197,0.6484529295589203
2.317800521850586,0.6491112574061882
2.318540334701538,0.6497695852534562
2.319556474685669,0.6504279131007241
2.320512533187866,0.6510862409479921
2.321357488632202,0.65174456879526
2.3227458000183105,0.6524028966425279
2.3315486907958984,0.6530612244897959
2.3318943977355957,0.6537195523370638
2.3335721492767334,0.6543778801843319
2.3337349891662598,0.6550362080315998
2.3368117809295654,0.6556945358788677
2.3369827270507812,0.6563528637261357
2.3374621868133545,0.6570111915734036
2.3426430225372314,0.6576695194206715
2.346579074859619,0.6583278472679395
2.3479578495025635,0.6589861751152074
2.3568077087402344,0.6596445029624753
2.3609609603881836,0.6603028308097433
2.3661413192749023,0.6609611586570112
2.377459764480591,0.6616194865042792
2.3834495544433594,0.6622778143515471
2.393491506576538,0.662936142198815
2.3992583751678467,0.663594470046083
2.407334327697754,0.6642527978933509
2.4118738174438477,0.6649111257406188
2.4143595695495605,0.6655694535878868
2.415121078491211,0.6662277814351547
2.415163516998291,0.6668861092824226
2.4237711429595947,0.6675444371296906
2.4310660362243652,0.6682027649769585
2.4393138885498047,0.6688610928242265
2.453859329223633,0.6695194206714944
2.4868786334991455,0.6701777485187623
2.489196538925171,0.6708360763660303
2.4899353981018066,0.6714944042132982
2.4902889728546143,0.6721527320605661
2.4924509525299072,0.6728110599078341
2.4957149028778076,0.673469387755102
2.497729778289795,0.67412771560237
2.5049054622650146,0.6747860434496379
2.5125350952148438,0.6754443712969058
2.514679193496704,0.6761026991441738
2.5180797576904297,0.6767610269914417
2.5242645740509033,0.6774193548387096
2.529000759124756,0.6780776826859776
2.537454843521118,0.6787360105332455
2.5400891304016113,0.6793943383805134
2.541590690612793,0.6800526662277815
2.54250431060791,0.6807109940750494
2.5549678802490234,0.6813693219223174
2.558464288711548,0.6820276497695853
2.5652456283569336,0.6826859776168532
2.5699121952056885,0.6833443054641212
2.569937229156494,0.6840026333113891
2.577064275741577,0.684660961158657
2.5846407413482666,0.685319289005925
2.5901360511779785,0.6859776168531929
2.5926496982574463,0.6866359447004609
2.6005539894104004,0.6872942725477288
2.6036853790283203,0.6879526003949967
2.609926462173462,0.6886109282422647
2.627450466156006,0.6892692560895326
2.6274521350860596,0.6899275839368005
2.631767988204956,0.6905859117840685
2.6348743438720703,0.6912442396313364
2.639307975769043,0.6919025674786043
2.641786813735962,0.6925608953258723
2.642085313796997,0.6932192231731402
2.646401882171631,0.6938775510204082
2.6605865955352783,0.6945358788676761
2.661325216293335,0.695194206714944
2.665440320968628,0.695852534562212
2.667130708694458,0.6965108624094799
2.6754543781280518,0.6971691902567478
2.6759979724884033,0.6978275181040158
2.6765105724334717,0.6984858459512837
2.686161518096924,0.6991441737985516
2.7021865844726562,0.6998025016458196
2.7050271034240723,0.7004608294930875
2.712550401687622,0.7011191573403555
2.716481924057007,0.7017774851876234
2.7202324867248535,0.7024358130348913
2.723102331161499,0.7030941408821593
2.7257118225097656,0.7037524687294272
2.7275798320770264,0.7044107965766951
2.733431339263916,0.7050691244239631
2.7345070838928223,0.7057274522712311
2.744922637939453,0.7063857801184991
2.753129243850708,0.707044107965767
2.755811929702759,0.7077024358130349
2.7569222450256348,0.7083607636603029
2.757481575012207,0.7090190915075708
2.7598483562469482,0.7096774193548387
2.759934902191162,0.7103357472021067
2.7616171836853027,0.7109940750493746
2.7697606086730957,0.7116524028966426
2.7789063453674316,0.7123107307439105
2.78704833984375,0.7129690585911784
2.7880260944366455,0.7136273864384464
2.7931787967681885,0.7142857142857143
2.7935631275177,0.7149440421329822
2.7984206676483154,0.7156023699802502
2.80568790435791,0.7162606978275181
2.8115007877349854,0.716919025674786
2.8214304447174072,0.717577353522054
2.8303420543670654,0.7182356813693219
2.836517810821533,0.7188940092165899
2.8415896892547607,0.7195523370638578
2.843322277069092,0.7202106649111257
2.849428176879883,0.7208689927583937
2.853278636932373,0.7215273206056616
2.8557703495025635,0.7221856484529295
2.856231451034546,0.7228439763001975
2.865077495574951,0.7235023041474654
2.8874711990356445,0.7241606319947334
2.8886940479278564,0.7248189598420013
2.8895485401153564,0.7254772876892692
2.8907556533813477,0.7261356155365372
2.895756721496582,0.7267939433838051
2.913531541824341,0.727452271231073
2.9191362857818604,0.728110599078341
2.9241580963134766,0.7287689269256089
2.9247443675994873,0.7294272547728768
2.925778865814209,0.7300855826201448
2.926422119140625,0.7307439104674127
2.9341306686401367,0.7314022383146808
2.9346511363983154,0.7320605661619487
2.9428560733795166,0.7327188940092166
2.94413161277771,0.7333772218564846
2.946861982345581,0.7340355497037525
2.9502792358398438,0.7346938775510204
2.954796314239502,0.7353522053982884
2.959137201309204,0.7360105332455563
2.965219736099243,0.7366688610928243
2.974606513977051,0.7373271889400922
2.9802234172821045,0.7379855167873601
2.9820239543914795,0.7386438446346281
2.9833693504333496,0.739302172481896
2.984837770462036,0.7399605003291639
2.989659070968628,0.7406188281764319
2.9897754192352295,0.7412771560236998
2.9913229942321777,0.7419354838709677
2.999863386154175,0.7425938117182357
3.001039981842041,0.7432521395655036
3.007274866104126,0.7439104674127716
3.0089735984802246,0.7445687952600395
3.009458541870117,0.7452271231073074
3.012507438659668,0.7458854509545754
3.0139472484588623,0.7465437788018433
3.015479803085327,0.7472021066491112
3.021230459213257,0.7478604344963792
3.0221593379974365,0.7485187623436471
3.0275094509124756,0.749177090190915
3.035844326019287,0.749835418038183
3.0361452102661133,0.7504937458854509
3.043639659881592,0.7511520737327189
3.04899001121521,0.7518104015799868
3.051191568374634,0.7524687294272547
3.0517842769622803,0.7531270572745227
3.0636203289031982,0.7537853851217906
3.069190740585327,0.7544437129690585
3.0697519779205322,0.7551020408163265
3.0717649459838867,0.7557603686635944
3.074549436569214,0.7564186965108625
3.0762157440185547,0.7570770243581304
3.0839669704437256,0.7577353522053983
3.098261594772339,0.7583936800526663
3.1009929180145264,0.7590520078999342
3.1088080406188965,0.7597103357472021
3.1102819442749023,0.7603686635944701
3.111081838607788,0.761026991441738
3.1115498542785645,0.761685319289006
3.1226277351379395,0.7623436471362739
3.1293420791625977,0.7630019749835418
3.131164789199829,0.7636603028308098
3.1344687938690186,0.7643186306780777
3.1393251419067383,0.7649769585253456
3.1504671573638916,0.7656352863726136
3.1507389545440674,0.7662936142198815
3.1508591175079346,0.7669519420671495
3.154970407485962,0.7676102699144174
3.160062074661255,0.7682685977616853
3.160313367843628,0.7689269256089533
3.1657402515411377,0.7695852534562212
3.1722519397735596,0.7702435813034891
3.173625946044922,0.7709019091507571
3.1743712425231934,0.771560236998025
3.1761937141418457,0.7722185648452929
3.1898348331451416,0.7728768926925609
3.1973519325256348,0.7735352205398288
3.2153241634368896,0.7741935483870968
3.2321324348449707,0.7748518762343647
3.2343029975891113,0.7755102040816326
3.2363271713256836,0.7761685319289006
3.2459545135498047,0.7768268597761685
3.2486541271209717,0.7774851876234364
3.25394344329834,0.7781435154707044
3.2593860626220703,0.7788018433179723
3.2640771865844727,0.7794601711652402
3.2700839042663574,0.7801184990125082
3.278756856918335,0.7807768268597761
3.3388519287109375,0.781435154707044
3.3446357250213623,0.7820934825543121
3.3471333980560303,0.78275181040158
3.357165575027466,0.783410138248848
3.365399122238159,0.7840684660961159
3.374422550201416,0.7847267939433838
3.4625930786132812,0.7853851217906518
3.4635255336761475,0.7860434496379197
3.4635632038116455,0.7867017774851877
3.519726037979126,0.7873601053324556
3.548311948776245,0.7880184331797235
3.5758848190307617,0.7886767610269915
3.638624668121338,0.7893350888742594
3.6584842205047607,0.7899934167215273
3.6894567012786865,0.7906517445687953
3.699538230895996,0.7913100724160632
3.7327115535736084,0.7919684002633312
3.791074275970459,0.7926267281105991
3.819634199142456,0.793285055957867
3.8308768272399902,0.793943383805135
3.8769540786743164,0.7946017116524029
3.8835787773132324,0.7952600394996708
3.899411678314209,0.7959183673469388
3.9168782234191895,0.7965766951942067
3.923971176147461,0.7972350230414746
3.9352400302886963,0.7978933508887426
3.958836317062378,0.7985516787360105
4.045738220214844,0.7992100065832785
4.059582233428955,0.7998683344305464
4.068023681640625,0.8005266622778143
4.078624725341797,0.8011849901250823
4.108383655548096,0.8018433179723502
4.123907089233398,0.8025016458196181
4.138573169708252,0.8031599736668861
4.180685520172119,0.803818301514154
4.182903289794922,0.804476629361422
4.185771942138672,0.8051349572086899
4.197605609893799,0.8057932850559578
4.203028678894043,0.8064516129032258
4.230051040649414,0.8071099407504937
4.25531005859375,0.8077682685977617
4.258341312408447,0.8084265964450297
4.262154579162598,0.8090849242922976
4.281647682189941,0.8097432521395656
4.29140567779541,0.8104015799868335
4.295976161956787,0.8110599078341014
4.337430000305176,0.8117182356813694
4.346172332763672,0.8123765635286373
4.349847793579102,0.8130348913759052
4.379499435424805,0.8136932192231732
4.416549205780029,0.8143515470704411
4.426365852355957,0.815009874917709
4.441752910614014,0.815668202764977
4.483153820037842,0.8163265306122449
4.497614860534668,0.8169848584595129
4.5018463134765625,0.8176431863067808
4.512630462646484,0.8183015141540487
4.576899528503418,0.8189598420013167
4.577459335327148,0.8196181698485846
4.58823823928833,0.8202764976958525
4.602878093719482,0.8209348255431205
4.636922359466553,0.8215931533903884
4.639904975891113,0.8222514812376563
4.658283710479736,0.8229098090849243
4.687182426452637,0.8235681369321922
4.7010955810546875,0.8242264647794602
4.721480369567871,0.8248847926267281
4.74090576171875,0.825543120473996
4.758454322814941,0.826201448321264
4.762487411499023,0.8268597761685319
4.786798477172852,0.8275181040157998
4.794456958770752,0.8281764318630678
4.819497108459473,0.8288347597103357
4.889245986938477,0.8294930875576036
4.907304286956787,0.8301514154048716
4.909713268280029,0.8308097432521395
4.927155494689941,0.8314680710994075
4.9886298179626465,0.8321263989466754
5.034757614135742,0.8327847267939433
5.064769744873047,0.8334430546412114
5.069039344787598,0.8341013824884793
5.137542247772217,0.8347597103357473
5.170074462890625,0.8354180381830152
5.207317352294922,0.8360763660302831
5.223742485046387,0.8367346938775511
5.2295427322387695,0.837393021724819
5.242083549499512,0.8380513495720869
5.255748271942139,0.8387096774193549
5.300530433654785,0.8393680052666228
5.309007167816162,0.8400263331138907
5.323503494262695,0.8406846609611587
5.341923236846924,0.8413429888084266
5.352809906005859,0.8420013166556946
5.355659484863281,0.8426596445029625
5.378591537475586,0.8433179723502304
5.38580322265625,0.8439763001974984
5.393338203430176,0.8446346280447663
5.412209987640381,0.8452929558920342
5.467004299163818,0.8459512837393022
5.5200958251953125,0.8466096115865701
5.525148391723633,0.847267939433838
5.569820880889893,0.847926267281106
5.572915554046631,0.8485845951283739
5.640045642852783,0.8492429229756419
5.6512451171875,0.8499012508229098
5.668008804321289,0.8505595786701777
5.740828514099121,0.8512179065174457
5.787631034851074,0.8518762343647136
5.790142059326172,0.8525345622119815
5.794318199157715,0.8531928900592495
5.822516441345215,0.8538512179065174
5.846570014953613,0.8545095457537853
5.855804443359375,0.8551678736010533
5.8682122230529785,0.8558262014483212
5.892152309417725,0.8564845292955892
5.895462989807129,0.8571428571428571
5.90203857421875,0.857801184990125
5.903517723083496,0.858459512837393
5.906349182128906,0.859117840684661
5.90854549407959,0.859776168531929
5.909304618835449,0.8604344963791969
5.916225910186768,0.8610928242264648
5.968425750732422,0.8617511520737328
5.983811855316162,0.8624094799210007
5.990034103393555,0.8630678077682686
6.004702568054199,0.8637261356155366
6.019745826721191,0.8643844634628045
6.030977249145508,0.8650427913100724
6.037624835968018,0.8657011191573404
6.0849127769470215,0.8663594470046083
6.120433807373047,0.8670177748518763
6.130600452423096,0.8676761026991442
6.131572723388672,0.8683344305464121
6.160160064697266,0.8689927583936801
6.251684188842773,0.869651086240948
6.2557902336120605,0.8703094140882159
6.265201568603516,0.8709677419354839
6.269596576690674,0.8716260697827518
6.362360954284668,0.8722843976300197
6.496449947357178,0.8729427254772877
6.518685817718506,0.8736010533245556
6.523111820220947,0.8742593811718236
6.650768280029297,0.8749177090190915
6.900689125061035,0.8755760368663594
7.108274936676025,0.8762343647136274
7.242735862731934,0.8768926925608953
7.309669017791748,0.8775510204081632
7.4166154861450195,0.8782093482554312
7.52208948135376,0.8788676761026991
7.553410530090332,0.879526003949967
7.554681301116943,0.880184331797235
7.654036521911621,0.8808426596445029
7.809971809387207,0.8815009874917709
7.8750081062316895,0.8821593153390388
8.11233139038086,0.8828176431863067
8.122983932495117,0.8834759710335747
8.189522743225098,0.8841342988808426
8.191656112670898,0.8847926267281107
8.26008415222168,0.8854509545753786
8.427481651306152,0.8861092824226465
8.456504821777344,0.8867676102699145
8.468191146850586,0.8874259381171824
8.492856979370117,0.8880842659644503
8.508157730102539,0.8887425938117183
8.560159683227539,0.8894009216589862
8.60144329071045,0.8900592495062541
8.611465454101562,0.8907175773535221
8.677133560180664,0.89137590520079
8.801495552062988,0.892034233048058
8.83186149597168,0.8926925608953259
8.86941909790039,0.8933508887425938
8.895906448364258,0.8940092165898618
9.093610763549805,0.8946675444371297
9.145553588867188,0.8953258722843976
9.197423934936523,0.8959842001316656
9.200897216796875,0.8966425279789335
9.230031967163086,0.8973008558262014
9.2633638381958,0.8979591836734694
9.302457809448242,0.8986175115207373
9.319856643676758,0.8992758393680053
9.370096206665039,0.8999341672152732
9.415985107421875,0.9005924950625411
9.475005149841309,0.9012508229098091
9.649486541748047,0.901909150757077
9.711837768554688,0.9025674786043449
9.840575218200684,0.9032258064516129
9.864217758178711,0.9038841342988808
9.915428161621094,0.9045424621461488
10.006242752075195,0.9052007899934167
10.17790412902832,0.9058591178406846
10.249176979064941,0.9065174456879526
10.34345817565918,0.9071757735352205
10.353235244750977,0.9078341013824884
10.396134376525879,0.9084924292297564
10.476144790649414,0.9091507570770243
10.775304794311523,0.9098090849242922
10.904329299926758,0.9104674127715603
10.93163013458252,0.9111257406188282
10.961650848388672,0.9117840684660962
11.047904968261719,0.9124423963133641
11.122363090515137,0.913100724160632
11.354604721069336,0.9137590520079
11.516847610473633,0.9144173798551679
11.54824161529541,0.9150757077024358
11.623564720153809,0.9157340355497038
11.848417282104492,0.9163923633969717
11.859851837158203,0.9170506912442397
11.884185791015625,0.9177090190915076
12.027949333190918,0.9183673469387755
12.050457000732422,0.9190256747860435
12.09199333190918,0.9196840026333114
12.331339836120605,0.9203423304805793
12.484485626220703,0.9210006583278473
12.490364074707031,0.9216589861751152
12.57996654510498,0.9223173140223832
13.14767837524414,0.9229756418696511
13.178122520446777,0.923633969716919
13.30282211303711,0.924292297564187
13.926112174987793,0.9249506254114549
14.009987831115723,0.9256089532587228
14.073362350463867,0.9262672811059908
14.226200103759766,0.9269256089532587
14.23232650756836,0.9275839368005266
14.264062881469727,0.9282422646477946
14.31997299194336,0.9289005924950625
14.377542495727539,0.9295589203423305
14.387176513671875,0.9302172481895984
14.51076602935791,0.9308755760368663
14.713233947753906,0.9315339038841343
14.745139122009277,0.9321922317314022
14.853885650634766,0.9328505595786701
14.889581680297852,0.9335088874259381
14.962390899658203,0.934167215273206
15.111700057983398,0.934825543120474
15.124549865722656,0.9354838709677419
15.27328872680664,0.9361421988150099
15.358757972717285,0.9368005266622779
15.400932312011719,0.9374588545095458
15.487985610961914,0.9381171823568137
15.58818531036377,0.9387755102040817
15.625207901000977,0.9394338380513496
15.720477104187012,0.9400921658986175
15.795676231384277,0.9407504937458855
16.1833438873291,0.9414088215931534
16.97789192199707,0.9420671494404214
17.275127410888672,0.9427254772876893
17.3458309173584,0.9433838051349572
17.35802459716797,0.9440421329822252
17.442033767700195,0.9447004608294931
17.443710327148438,0.945358788676761
17.479106903076172,0.946017116524029
17.510234832763672,0.9466754443712969
17.52672004699707,0.9473337722185649
17.91293716430664,0.9479921000658328
18.460479736328125,0.9486504279131007
18.862178802490234,0.9493087557603687
19.526470184326172,0.9499670836076366
19.719173431396484,0.9506254114549045
20.25621795654297,0.9512837393021725
20.286951065063477,0.9519420671494404
20.315343856811523,0.9526003949967083
20.383846282958984,0.9532587228439763
20.57523536682129,0.9539170506912442
21.065895080566406,0.9545753785385122
21.225839614868164,0.9552337063857801
21.4366512298584,0.955892034233048
21.580764770507812,0.956550362080316
21.68651580810547,0.9572086899275839
21.786720275878906,0.9578670177748518
23.920679092407227,0.9585253456221198
24.1895809173584,0.9591836734693877
24.637548446655273,0.9598420013166556
25.00981903076172,0.9605003291639236
25.42575454711914,0.9611586570111915
25.77126121520996,0.9618169848584596
26.33658218383789,0.9624753127057275
26.50216293334961,0.9631336405529954
27.105497360229492,0.9637919684002634
27.361665725708008,0.9644502962475313
27.694929122924805,0.9651086240947993
27.934354782104492,0.9657669519420672
28.311691284179688,0.9664252797893351
29.86672592163086,0.9670836076366031
29.931543350219727,0.967741935483871
30.191144943237305,0.9684002633311389
30.246055603027344,0.9690585911784069
30.255273818969727,0.9697169190256748
30.54227066040039,0.9703752468729427
30.585580825805664,0.9710335747202107
30.979938507080078,0.9716919025674786
33.67859649658203,0.9723502304147466
34.68751907348633,0.9730085582620145
38.39332580566406,0.9736668861092824
38.68235397338867,0.9743252139565504
38.89915466308594,0.9749835418038183
38.97417068481445,0.9756418696510862
38.981990814208984,0.9763001974983542
39.188270568847656,0.9769585253456221
39.427032470703125,0.97761685319289
39.94583511352539,0.978275181040158
39.96112060546875,0.9789335088874259
40.112369537353516,0.9795918367346939
40.38118362426758,0.9802501645819618
41.95033264160156,0.9809084924292297
42.14479064941406,0.9815668202764977
42.40178298950195,0.9822251481237656
42.6104621887207,0.9828834759710335
42.72425842285156,0.9835418038183015
42.745479583740234,0.9842001316655694
42.99278259277344,0.9848584595128373
43.01594543457031,0.9855167873601053
45.399818420410156,0.9861751152073732
45.88794708251953,0.9868334430546412
48.514320373535156,0.9874917709019092
48.620819091796875,0.9881500987491771
48.95340347290039,0.9888084265964451
49.24993133544922,0.989466754443713
49.312644958496094,0.990125082290981
51.67238235473633,0.9907834101382489
52.56691360473633,0.9914417379855168
52.85057067871094,0.9921000658327848
55.369544982910156,0.9927583936800527
57.640785217285156,0.9934167215273206
59.01630783081055,0.9940750493745886
60.48179626464844,0.9947333772218565
61.397804260253906,0.9953917050691244
65.14922332763672,0.9960500329163924
77.26182556152344,0.9967083607636603
88.05216217041016,0.9973666886109283
89.40485382080078,0.9980250164581962
89.56588745117188,0.9986833443054641
89.62914276123047,0.9993416721527321
98.97705078125,1.0
