request_e2e_time_piecewise_normalized,cdf
0.07060759514570236,0.0006583278472679394
0.07602812349796295,0.0013166556945358788
0.08545202761888504,0.0019749835418038184
0.08714406937360764,0.0026333113890717576
0.08926190435886383,0.0032916392363396972
0.08938457071781158,0.003949967083607637
0.09006426483392715,0.004608294930875576
0.09316881000995636,0.005266622778143515
0.09393946826457977,0.005924950625411455
0.09696614742279053,0.0065832784726793945
0.09928429871797562,0.007241606319947334
0.09960661828517914,0.007899934167215274
0.10064685344696045,0.008558262014483212
0.1007722020149231,0.009216589861751152
0.1024000495672226,0.009874917709019092
0.10336397588253021,0.01053324555628703
0.10405053943395615,0.01119157340355497
0.10411481559276581,0.01184990125082291
0.10579600185155869,0.012508229098090849
0.10758324712514877,0.013166556945358789
0.10838981717824936,0.013824884792626729
0.10896658897399902,0.014483212639894667
0.10908538848161697,0.015141540487162607
0.10979445278644562,0.015799868334430547
0.10988205671310425,0.016458196181698487
0.1099015399813652,0.017116524028966424
0.11025083065032959,0.017774851876234364
0.11066058278083801,0.018433179723502304
0.11086197197437286,0.019091507570770244
0.11087018251419067,0.019749835418038184
0.11101828515529633,0.02040816326530612
0.11116398125886917,0.02106649111257406
0.11136678606271744,0.021724818959842
0.11148872971534729,0.02238314680710994
0.11195351183414459,0.02304147465437788
0.11263804137706757,0.02369980250164582
0.11314097791910172,0.024358130348913758
0.11318574100732803,0.025016458196181698
0.11323722451925278,0.025674786043449638
0.11335381120443344,0.026333113890717578
0.11371121555566788,0.026991441737985518
0.1145087480545044,0.027649769585253458
0.11466485261917114,0.028308097432521395
0.11475870013237,0.028966425279789335
0.1151323914527893,0.029624753127057275
0.11788130551576614,0.030283080974325215
0.11791619658470154,0.030941408821593155
0.11890032142400742,0.031599736668861095
0.1198267787694931,0.03225806451612903
0.12011712044477463,0.032916392363396975
0.12026765942573547,0.03357472021066491
0.12037301063537598,0.03423304805793285
0.1208544671535492,0.03489137590520079
0.12086273729801178,0.03554970375246873
0.12384903430938721,0.03620803159973667
0.12434098869562149,0.03686635944700461
0.12488444149494171,0.037524687294272545
0.1251935064792633,0.03818301514154049
0.12579870223999023,0.038841342988808425
0.12715452909469604,0.03949967083607637
0.1278279572725296,0.040157998683344305
0.12812964618206024,0.04081632653061224
0.12839441001415253,0.041474654377880185
0.13042578101158142,0.04213298222514812
0.13165321946144104,0.042791310072416065
0.133347287774086,0.043449637919684
0.13383927941322327,0.044107965766951945
0.13433408737182617,0.04476629361421988
0.13597472012043,0.04542462146148782
0.1360929012298584,0.04608294930875576
0.138143852353096,0.0467412771560237
0.1382615566253662,0.04739960500329164
0.13878624141216278,0.04805793285055958
0.13925297558307648,0.048716260697827515
0.13946416974067688,0.04937458854509546
0.1402047574520111,0.050032916392363395
0.14174634218215942,0.05069124423963134
0.14179213345050812,0.051349572086899276
0.14192016422748566,0.05200789993416721
0.14247334003448486,0.052666227781435156
0.14265263080596924,0.05332455562870309
0.14493314921855927,0.053982883475971036
0.14720256626605988,0.05464121132323897
0.1472899615764618,0.055299539170506916
0.14767158031463623,0.05595786701777485
0.14933831989765167,0.05661619486504279
0.1493462771177292,0.05727452271231073
0.14972202479839325,0.05793285055957867
0.15141288936138153,0.05859117840684661
0.1515626162290573,0.05924950625411455
0.15329228341579437,0.059907834101382486
0.15338826179504395,0.06056616194865043
0.1538754552602768,0.061224489795918366
0.15486033260822296,0.06188281764318631
0.1557750701904297,0.06254114549045425
0.15628722310066223,0.06319947333772219
0.15638098120689392,0.06385780118499013
0.1566416472196579,0.06451612903225806
0.15755820274353027,0.065174456879526
0.16011695563793182,0.06583278472679395
0.16088099777698517,0.06649111257406189
0.16095559298992157,0.06714944042132982
0.16171538829803467,0.06780776826859776
0.1619199514389038,0.0684660961158657
0.16213035583496094,0.06912442396313365
0.16230344772338867,0.06978275181040158
0.16237300634384155,0.07044107965766952
0.16349931061267853,0.07109940750493746
0.16397854685783386,0.07175773535220539
0.16501004993915558,0.07241606319947334
0.16524918377399445,0.07307439104674128
0.1669859141111374,0.07373271889400922
0.16719020903110504,0.07439104674127715
0.16738490760326385,0.07504937458854509
0.16799575090408325,0.07570770243581304
0.16805243492126465,0.07636603028308098
0.16998465359210968,0.07702435813034891
0.17052166163921356,0.07768268597761685
0.17091381549835205,0.07834101382488479
0.17098383605480194,0.07899934167215274
0.1711394041776657,0.07965766951942067
0.1718638390302658,0.08031599736668861
0.17373204231262207,0.08097432521395655
0.17478807270526886,0.08163265306122448
0.1757424920797348,0.08229098090849243
0.17691437900066376,0.08294930875576037
0.1773073375225067,0.0836076366030283
0.17761647701263428,0.08426596445029624
0.17789140343666077,0.08492429229756418
0.17813508212566376,0.08558262014483213
0.17876465618610382,0.08624094799210007
0.17899806797504425,0.086899275839368
0.1790436953306198,0.08755760368663594
0.1792924404144287,0.08821593153390389
0.1793626993894577,0.08887425938117183
0.1796768754720688,0.08953258722843976
0.18002192676067352,0.0901909150757077
0.1802143007516861,0.09084924292297564
0.18070465326309204,0.09150757077024359
0.1812617927789688,0.09216589861751152
0.18225793540477753,0.09282422646477946
0.18297575414180756,0.0934825543120474
0.18317389488220215,0.09414088215931533
0.1841970980167389,0.09479921000658328
0.18499691784381866,0.09545753785385122
0.18727752566337585,0.09611586570111916
0.18757329881191254,0.0967741935483871
0.18816296756267548,0.09743252139565503
0.18842138350009918,0.09809084924292298
0.18867932260036469,0.09874917709019092
0.18975096940994263,0.09940750493745885
0.1902519017457962,0.10006583278472679
0.1906772404909134,0.10072416063199473
0.1921241283416748,0.10138248847926268
0.19243988394737244,0.10204081632653061
0.19306032359600067,0.10269914417379855
0.19306564331054688,0.10335747202106649
0.19349147379398346,0.10401579986833442
0.19411855936050415,0.10467412771560237
0.19423827528953552,0.10533245556287031
0.19557610154151917,0.10599078341013825
0.1960124969482422,0.10664911125740618
0.1962980479001999,0.10730743910467412
0.19719555974006653,0.10796576695194207
0.198224276304245,0.10862409479921001
0.19889307022094727,0.10928242264647794
0.19925910234451294,0.10994075049374588
0.19948768615722656,0.11059907834101383
0.19957837462425232,0.11125740618828177
0.19969505071640015,0.1119157340355497
0.2012934386730194,0.11257406188281764
0.20133550465106964,0.11323238973008558
0.20156173408031464,0.11389071757735353
0.2022230625152588,0.11454904542462147
0.20299693942070007,0.1152073732718894
0.20420503616333008,0.11586570111915734
0.20491380989551544,0.11652402896642527
0.20705723762512207,0.11718235681369323
0.20905835926532745,0.11784068466096116
0.20916083455085754,0.1184990125082291
0.20963525772094727,0.11915734035549704
0.2116038054227829,0.11981566820276497
0.21231746673583984,0.12047399605003292
0.21321670711040497,0.12113232389730086
0.2137037217617035,0.1217906517445688
0.2140178680419922,0.12244897959183673
0.2163589894771576,0.12310730743910467
0.217498779296875,0.12376563528637262
0.2191508561372757,0.12442396313364056
0.2203047275543213,0.1250822909809085
0.22038929164409637,0.12574061882817644
0.2205599993467331,0.12639894667544438
0.2215661257505417,0.12705727452271232
0.22252948582172394,0.12771560236998025
0.22388966381549835,0.1283739302172482
0.223942831158638,0.12903225806451613
0.22435009479522705,0.12969058591178406
0.22550994157791138,0.130348913759052
0.22591160237789154,0.13100724160631994
0.22730191051959991,0.1316655694535879
0.22784574329853058,0.13232389730085584
0.22814957797527313,0.13298222514812377
0.22817464172840118,0.1336405529953917
0.22855329513549805,0.13429888084265965
0.2287532538175583,0.13495720868992758
0.2288457602262497,0.13561553653719552
0.22923415899276733,0.13627386438446346
0.23010747134685516,0.1369321922317314
0.2308758944272995,0.13759052007899933
0.23133376240730286,0.1382488479262673
0.23251622915267944,0.13890717577353523
0.23272038996219635,0.13956550362080317
0.23309461772441864,0.1402238314680711
0.23352742195129395,0.14088215931533904
0.2342832088470459,0.14154048716260698
0.2344018667936325,0.1421988150098749
0.23547983169555664,0.14285714285714285
0.23587782680988312,0.14351547070441079
0.237162783741951,0.14417379855167872
0.23749224841594696,0.1448321263989467
0.23805952072143555,0.14549045424621462
0.23853667080402374,0.14614878209348256
0.23898029327392578,0.1468071099407505
0.23996180295944214,0.14746543778801843
0.24090082943439484,0.14812376563528637
0.24257947504520416,0.1487820934825543
0.2432393729686737,0.14944042132982224
0.24390172958374023,0.15009874917709018
0.24416013062000275,0.15075707702435814
0.24432258307933807,0.15141540487162608
0.2464887946844101,0.15207373271889402
0.24790160357952118,0.15273206056616195
0.24817189574241638,0.1533903884134299
0.24873249232769012,0.15404871626069783
0.24876727163791656,0.15470704410796576
0.24883992969989777,0.1553653719552337
0.2495592087507248,0.15602369980250164
0.2575618326663971,0.15668202764976957
0.2585820257663727,0.15734035549703754
0.25955042243003845,0.15799868334430547
0.26010003685951233,0.1586570111915734
0.26090511679649353,0.15931533903884135
0.2609461843967438,0.15997366688610928
0.26095619797706604,0.16063199473337722
0.2610078752040863,0.16129032258064516
0.26111963391304016,0.1619486504279131
0.26153644919395447,0.16260697827518103
0.2644878327846527,0.16326530612244897
0.2651578485965729,0.16392363396971693
0.26594215631484985,0.16458196181698487
0.2666665315628052,0.1652402896642528
0.2678626775741577,0.16589861751152074
0.2679833471775055,0.16655694535878868
0.26879793405532837,0.1672152732060566
0.2690703868865967,0.16787360105332455
0.2699633240699768,0.1685319289005925
0.2711731493473053,0.16919025674786042
0.2721633017063141,0.16984858459512836
0.27284589409828186,0.17050691244239632
0.2735174298286438,0.17116524028966426
0.2744372487068176,0.1718235681369322
0.2746361792087555,0.17248189598420013
0.2761865556240082,0.17314022383146807
0.2764383852481842,0.173798551678736
0.2784145176410675,0.17445687952600394
0.2787611782550812,0.17511520737327188
0.28070393204689026,0.17577353522053982
0.2813083231449127,0.17643186306780778
0.2823137640953064,0.17709019091507572
0.28254297375679016,0.17774851876234365
0.28261008858680725,0.1784068466096116
0.28389763832092285,0.17906517445687953
0.28416183590888977,0.17972350230414746
0.28511232137680054,0.1803818301514154
0.28520622849464417,0.18104015799868334
0.2859226167201996,0.18169848584595127
0.2894429564476013,0.1823568136932192
0.2896488904953003,0.18301514154048718
0.29027536511421204,0.1836734693877551
0.2912565767765045,0.18433179723502305
0.2929597496986389,0.18499012508229098
0.2939453125,0.18564845292955892
0.29496899247169495,0.18630678077682686
0.29612794518470764,0.1869651086240948
0.29621896147727966,0.18762343647136273
0.2986961603164673,0.18828176431863067
0.3000415563583374,0.1889400921658986
0.3013414442539215,0.18959842001316657
0.30205678939819336,0.1902567478604345
0.30541977286338806,0.19091507570770244
0.30562150478363037,0.19157340355497038
0.3064757287502289,0.19223173140223832
0.30736032128334045,0.19289005924950625
0.3081110715866089,0.1935483870967742
0.3094451427459717,0.19420671494404212
0.3098967969417572,0.19486504279131006
0.3110296428203583,0.19552337063857803
0.31109604239463806,0.19618169848584596
0.3123934268951416,0.1968400263331139
0.3125123679637909,0.19749835418038184
0.31261351704597473,0.19815668202764977
0.31322982907295227,0.1988150098749177
0.31471163034439087,0.19947333772218565
0.3157074749469757,0.20013166556945358
0.32086730003356934,0.20078999341672152
0.32124149799346924,0.20144832126398945
0.321924090385437,0.20210664911125742
0.32856249809265137,0.20276497695852536
0.33089306950569153,0.2034233048057933
0.3321426808834076,0.20408163265306123
0.3344152271747589,0.20473996050032917
0.338594913482666,0.2053982883475971
0.33861756324768066,0.20605661619486504
0.34040388464927673,0.20671494404213298
0.341111958026886,0.2073732718894009
0.3418187201023102,0.20803159973666885
0.34187522530555725,0.2086899275839368
0.3441612422466278,0.20934825543120475
0.34464597702026367,0.21000658327847269
0.3459829092025757,0.21066491112574062
0.3464054465293884,0.21132323897300856
0.3467002809047699,0.2119815668202765
0.34711289405822754,0.21263989466754443
0.3474090099334717,0.21329822251481237
0.3491984009742737,0.2139565503620803
0.3512022793292999,0.21461487820934824
0.3515859544277191,0.2152732060566162
0.3537430167198181,0.21593153390388414
0.3553408682346344,0.21658986175115208
0.35540571808815,0.21724818959842002
0.35676807165145874,0.21790651744568795
0.3590530753135681,0.2185648452929559
0.3610313832759857,0.21922317314022383
0.3618662357330322,0.21988150098749176
0.3621525764465332,0.2205398288347597
0.3657182455062866,0.22119815668202766
0.3714717924594879,0.2218564845292956
0.3734487295150757,0.22251481237656354
0.373915433883667,0.22317314022383147
0.37431955337524414,0.2238314680710994
0.3774240016937256,0.22448979591836735
0.3788626194000244,0.22514812376563528
0.3803929090499878,0.22580645161290322
0.3835759162902832,0.22646477946017116
0.3868041932582855,0.2271231073074391
0.3876766562461853,0.22778143515470706
0.38785839080810547,0.228439763001975
0.388851523399353,0.22909809084924293
0.3913426995277405,0.22975641869651087
0.3948526978492737,0.2304147465437788
0.3974701762199402,0.23107307439104674
0.39755377173423767,0.23173140223831468
0.39872923493385315,0.2323897300855826
0.3988915681838989,0.23304805793285055
0.40083441138267517,0.2337063857801185
0.4012691080570221,0.23436471362738645
0.4030519723892212,0.2350230414746544
0.4048244059085846,0.23568136932192232
0.4055182635784149,0.23633969716919026
0.4099934995174408,0.2369980250164582
0.41028663516044617,0.23765635286372613
0.41060733795166016,0.23831468071099407
0.4158362150192261,0.238973008558262
0.4160318076610565,0.23963133640552994
0.4193962514400482,0.24028966425279788
0.42505210638046265,0.24094799210006584
0.4258406162261963,0.24160631994733378
0.4260621666908264,0.24226464779460172
0.42697250843048096,0.24292297564186965
0.42878231406211853,0.2435813034891376
0.43177831172943115,0.24423963133640553
0.432598352432251,0.24489795918367346
0.4353404939174652,0.2455562870309414
0.43674102425575256,0.24621461487820934
0.43857860565185547,0.2468729427254773
0.4397929608821869,0.24753127057274524
0.44357699155807495,0.24818959842001317
0.44528093934059143,0.2488479262672811
0.4466753900051117,0.24950625411454905
0.4476872980594635,0.250164581961817
0.4486982524394989,0.25082290980908495
0.4493444263935089,0.2514812376563529
0.452752947807312,0.2521395655036208
0.45329830050468445,0.25279789335088876
0.4551260471343994,0.2534562211981567
0.4561902582645416,0.25411454904542463
0.4570087194442749,0.25477287689269257
0.4570728838443756,0.2554312047399605
0.45981982350349426,0.25608953258722844
0.46013370156288147,0.2567478604344964
0.46053600311279297,0.2574061882817643
0.4630002975463867,0.25806451612903225
0.4631314277648926,0.2587228439763002
0.46399497985839844,0.2593811718235681
0.4668201506137848,0.26003949967083606
0.4716068208217621,0.260697827518104
0.4718051850795746,0.26135615536537193
0.47222065925598145,0.26201448321263987
0.47450461983680725,0.2626728110599078
0.477103590965271,0.2633311389071758
0.4806223213672638,0.26398946675444374
0.481276273727417,0.2646477946017117
0.48282140493392944,0.2653061224489796
0.48716163635253906,0.26596445029624755
0.49034667015075684,0.2666227781435155
0.4931226968765259,0.2672811059907834
0.4932017922401428,0.26793943383805136
0.4974806308746338,0.2685977616853193
0.4999351501464844,0.26925608953258723
0.5025864243507385,0.26991441737985516
0.5026134848594666,0.2705727452271231
0.5096509456634521,0.27123107307439104
0.5098084807395935,0.271889400921659
0.5159898400306702,0.2725477287689269
0.5184088349342346,0.27320605661619485
0.5210976004600525,0.2738643844634628
0.5227531790733337,0.2745227123107307
0.5242598056793213,0.27518104015799866
0.5247927308082581,0.27583936800526665
0.525894820690155,0.2764976958525346
0.5260273218154907,0.2771560236998025
0.5274137854576111,0.27781435154707046
0.5279445648193359,0.2784726793943384
0.5293089747428894,0.27913100724160633
0.5307402610778809,0.27978933508887427
0.5327069759368896,0.2804476629361422
0.5327154994010925,0.28110599078341014
0.5338215231895447,0.2817643186306781
0.5340680480003357,0.282422646477946
0.5357230305671692,0.28308097432521395
0.5369848608970642,0.2837393021724819
0.5388262271881104,0.2843976300197498
0.5393056869506836,0.28505595786701776
0.5394459962844849,0.2857142857142857
0.5405088663101196,0.28637261356155364
0.5444358587265015,0.28703094140882157
0.544522762298584,0.2876892692560895
0.545671284198761,0.28834759710335744
0.5457925796508789,0.28900592495062544
0.5464068651199341,0.2896642527978934
0.5507234334945679,0.2903225806451613
0.5533679723739624,0.29098090849242925
0.5573316216468811,0.2916392363396972
0.5583502054214478,0.2922975641869651
0.5625473856925964,0.29295589203423306
0.565986156463623,0.293614219881501
0.5667356252670288,0.29427254772876893
0.5676253437995911,0.29493087557603687
0.5683755278587341,0.2955892034233048
0.5702934265136719,0.29624753127057274
0.5768952369689941,0.2969058591178407
0.5777628421783447,0.2975641869651086
0.578486979007721,0.29822251481237655
0.5789375901222229,0.2988808426596445
0.5814844965934753,0.2995391705069124
0.5822104215621948,0.30019749835418036
0.5864508152008057,0.3008558262014483
0.5874713063240051,0.3015141540487163
0.5927583575248718,0.3021724818959842
0.5928937196731567,0.30283080974325216
0.5950542092323303,0.3034891375905201
0.595111608505249,0.30414746543778803
0.5952591896057129,0.30480579328505597
0.5953747630119324,0.3054641211323239
0.5968550443649292,0.30612244897959184
0.5991233587265015,0.3067807768268598
0.6002553701400757,0.3074391046741277
0.6022124886512756,0.30809743252139565
0.6043973565101624,0.3087557603686636
0.6083110570907593,0.3094140882159315
0.6091883182525635,0.31007241606319946
0.6165947914123535,0.3107307439104674
0.6176165342330933,0.31138907175773534
0.6191176772117615,0.3120473996050033
0.6226820349693298,0.3127057274522712
0.6230898499488831,0.31336405529953915
0.6232717633247375,0.3140223831468071
0.6233242750167847,0.3146807109940751
0.629866361618042,0.315339038841343
0.6320087313652039,0.31599736668861095
0.6323727369308472,0.3166556945358789
0.6348715424537659,0.3173140223831468
0.6351210474967957,0.31797235023041476
0.6353867650032043,0.3186306780776827
0.638574481010437,0.31928900592495063
0.6406247019767761,0.31994733377221857
0.6412771940231323,0.3206056616194865
0.6440183520317078,0.32126398946675444
0.6441789269447327,0.3219223173140224
0.6461709141731262,0.3225806451612903
0.6490705609321594,0.32323897300855825
0.6567538380622864,0.3238973008558262
0.6633944511413574,0.3245556287030941
0.6675596237182617,0.32521395655036206
0.6693145036697388,0.32587228439763
0.6713526248931885,0.32653061224489793
0.6728405356407166,0.3271889400921659
0.6729057431221008,0.32784726793943386
0.6758546233177185,0.3285055957867018
0.6765389442443848,0.32916392363396973
0.6812437772750854,0.32982225148123767
0.6827685236930847,0.3304805793285056
0.6853540539741516,0.33113890717577354
0.6866288781166077,0.3317972350230415
0.6874632239341736,0.3324555628703094
0.6892225742340088,0.33311389071757735
0.6934857368469238,0.3337722185648453
0.6991834044456482,0.3344305464121132
0.7020949125289917,0.33508887425938116
0.7027604579925537,0.3357472021066491
0.7037167549133301,0.33640552995391704
0.7068419456481934,0.337063857801185
0.7077572345733643,0.3377221856484529
0.7092244029045105,0.33838051349572085
0.7115079164505005,0.3390388413429888
0.7142622470855713,0.3396971691902567
0.7152048945426941,0.3403554970375247
0.7162026762962341,0.34101382488479265
0.7208279371261597,0.3416721527320606
0.7224524617195129,0.3423304805793285
0.7225296497344971,0.34298880842659646
0.723663866519928,0.3436471362738644
0.7258085608482361,0.34430546412113233
0.7278276085853577,0.34496379196840027
0.7289150357246399,0.3456221198156682
0.7295458912849426,0.34628044766293614
0.7346721291542053,0.3469387755102041
0.7354780435562134,0.347597103357472
0.736492395401001,0.34825543120473995
0.7387470602989197,0.3489137590520079
0.7389412522315979,0.3495720868992758
0.7424454092979431,0.35023041474654376
0.7437145709991455,0.3508887425938117
0.7443208694458008,0.35154707044107963
0.7453482151031494,0.35220539828834757
0.7485674619674683,0.35286372613561556
0.7494209408760071,0.3535220539828835
0.749745786190033,0.35418038183015144
0.7537180185317993,0.3548387096774194
0.7543641328811646,0.3554970375246873
0.7551038265228271,0.35615536537195525
0.7556998133659363,0.3568136932192232
0.7559064030647278,0.3574720210664911
0.7560564875602722,0.35813034891375906
0.7563982605934143,0.358788676761027
0.7594502568244934,0.35944700460829493
0.7601304054260254,0.36010533245556287
0.7605811953544617,0.3607636603028308
0.7627884745597839,0.36142198815009874
0.7637808918952942,0.3620803159973667
0.7658820152282715,0.3627386438446346
0.7678360342979431,0.36339697169190255
0.775468647480011,0.3640552995391705
0.776660680770874,0.3647136273864384
0.7843103408813477,0.36537195523370636
0.7847182750701904,0.36603028308097435
0.7854834794998169,0.3666886109282423
0.7864106893539429,0.3673469387755102
0.7881912589073181,0.36800526662277816
0.7936059832572937,0.3686635944700461
0.794853150844574,0.36932192231731403
0.797207772731781,0.36998025016458197
0.7984261512756348,0.3706385780118499
0.7985545992851257,0.37129690585911784
0.8045267462730408,0.3719552337063858
0.8058329820632935,0.3726135615536537
0.8066995143890381,0.37327188940092165
0.8107194900512695,0.3739302172481896
0.8126583695411682,0.3745885450954575
0.8145012855529785,0.37524687294272546
0.8157390356063843,0.3759052007899934
0.816093385219574,0.37656352863726134
0.82049959897995,0.37722185648452927
0.8242602944374084,0.3778801843317972
0.8259033560752869,0.3785385121790652
0.826105535030365,0.37919684002633314
0.8279408812522888,0.3798551678736011
0.8324772715568542,0.380513495720869
0.8347494006156921,0.38117182356813695
0.8351055979728699,0.3818301514154049
0.8384504318237305,0.3824884792626728
0.8386836647987366,0.38314680710994076
0.8409217596054077,0.3838051349572087
0.8422735333442688,0.38446346280447663
0.8440049886703491,0.38512179065174457
0.8452592492103577,0.3857801184990125
0.8453806638717651,0.38643844634628044
0.8458763957023621,0.3870967741935484
0.8471854329109192,0.3877551020408163
0.8526944518089294,0.38841342988808425
0.8534432053565979,0.3890717577353522
0.8537734746932983,0.3897300855826201
0.8540650606155396,0.39038841342988806
0.8546093106269836,0.39104674127715605
0.8559221625328064,0.391705069124424
0.8568333983421326,0.3923633969716919
0.8608701825141907,0.39302172481895986
0.8623324036598206,0.3936800526662278
0.8635761737823486,0.39433838051349573
0.8687101602554321,0.39499670836076367
0.870108425617218,0.3956550362080316
0.8703569173812866,0.39631336405529954
0.8710624575614929,0.3969716919025675
0.8721445798873901,0.3976300197498354
0.8732041716575623,0.39828834759710335
0.8837522864341736,0.3989466754443713
0.8841163516044617,0.3996050032916392
0.8874802589416504,0.40026333113890716
0.8879939913749695,0.4009216589861751
0.8899126648902893,0.40157998683344304
0.890874445438385,0.402238314680711
0.8980187177658081,0.4028966425279789
0.899649977684021,0.40355497037524685
0.9053797125816345,0.40421329822251484
0.9076758027076721,0.4048716260697828
0.9083115458488464,0.4055299539170507
0.9096808433532715,0.40618828176431865
0.9099886417388916,0.4068466096115866
0.9166338443756104,0.4075049374588545
0.9206503033638,0.40816326530612246
0.9235078692436218,0.4088215931533904
0.9273735880851746,0.40947992100065833
0.9294242262840271,0.41013824884792627
0.9323541522026062,0.4107965766951942
0.9325563907623291,0.41145490454246214
0.9384942650794983,0.4121132323897301
0.9398032426834106,0.412771560236998
0.941916286945343,0.41342988808426595
0.9492600560188293,0.4140882159315339
0.9511675238609314,0.4147465437788018
0.9558510184288025,0.41540487162606976
0.9559051394462585,0.4160631994733377
0.9560858607292175,0.4167215273206057
0.9598341584205627,0.4173798551678736
0.9621114730834961,0.41803818301514156
0.9639420509338379,0.4186965108624095
0.9653038382530212,0.41935483870967744
0.9670751094818115,0.42001316655694537
0.970130980014801,0.4206714944042133
0.9710612893104553,0.42132982225148125
0.9727394580841064,0.4219881500987492
0.9749845862388611,0.4226464779460171
0.9775496125221252,0.42330480579328505
0.9778463244438171,0.423963133640553
0.9783583879470825,0.42462146148782093
0.9858437180519104,0.42527978933508886
0.9860808253288269,0.4259381171823568
0.9903456568717957,0.42659644502962474
0.9982227683067322,0.4272547728768927
0.9987322688102722,0.4279131007241606
1.0026332139968872,0.42857142857142855
1.0043940544128418,0.4292297564186965
1.0073081254959106,0.4298880842659645
1.0079618692398071,0.4305464121132324
1.0128564834594727,0.43120473996050035
1.0262020826339722,0.4318630678077683
1.0287269353866577,0.4325213956550362
1.0295060873031616,0.43317972350230416
1.032875657081604,0.4338380513495721
1.0380098819732666,0.43449637919684003
1.042325496673584,0.43515470704410797
1.0440272092819214,0.4358130348913759
1.0457531213760376,0.43647136273864384
1.0467510223388672,0.4371296905859118
1.0473284721374512,0.4377880184331797
1.0529654026031494,0.43844634628044765
1.0534751415252686,0.4391046741277156
1.0575312376022339,0.4397630019749835
1.0588335990905762,0.44042132982225146
1.0618581771850586,0.4410796576695194
1.0640573501586914,0.44173798551678733
1.065976858139038,0.4423963133640553
1.0670878887176514,0.44305464121132326
1.0698518753051758,0.4437129690585912
1.0700942277908325,0.44437129690585914
1.0711016654968262,0.4450296247531271
1.071408748626709,0.445687952600395
1.0715980529785156,0.44634628044766295
1.0716462135314941,0.4470046082949309
1.075843334197998,0.4476629361421988
1.0762817859649658,0.44832126398946676
1.0777997970581055,0.4489795918367347
1.0844972133636475,0.44963791968400263
1.0847580432891846,0.45029624753127057
1.087920904159546,0.4509545753785385
1.0947345495224,0.45161290322580644
1.0963650941848755,0.4522712310730744
1.0988625288009644,0.4529295589203423
1.1000410318374634,0.45358788676761025
1.100489616394043,0.4542462146148782
1.1023552417755127,0.4549045424621461
1.104426383972168,0.4555628703094141
1.1050159931182861,0.45622119815668205
1.1054792404174805,0.45687952600395
1.11024010181427,0.4575378538512179
1.1123346090316772,0.45819618169848586
1.1139787435531616,0.4588545095457538
1.1177397966384888,0.45951283739302173
1.1195539236068726,0.46017116524028967
1.1221342086791992,0.4608294930875576
1.1224032640457153,0.46148782093482554
1.1297504901885986,0.4621461487820935
1.1299688816070557,0.4628044766293614
1.1340214014053345,0.46346280447662935
1.1363019943237305,0.4641211323238973
1.1377190351486206,0.4647794601711652
1.1406621932983398,0.46543778801843316
1.1424061059951782,0.4660961158657011
1.1436822414398193,0.46675444371296904
1.1454228162765503,0.467412771560237
1.1553127765655518,0.46807109940750496
1.161049246788025,0.4687294272547729
1.1670645475387573,0.46938775510204084
1.1687779426574707,0.4700460829493088
1.1756384372711182,0.4707044107965767
1.1759545803070068,0.47136273864384465
1.1806591749191284,0.4720210664911126
1.1839556694030762,0.4726793943383805
1.1842303276062012,0.47333772218564846
1.1843736171722412,0.4739960500329164
1.1877602338790894,0.47465437788018433
1.190654993057251,0.47531270572745227
1.1927034854888916,0.4759710335747202
1.2036359310150146,0.47662936142198814
1.2047903537750244,0.4772876892692561
1.2061139345169067,0.477946017116524
1.2077611684799194,0.47860434496379195
1.207955002784729,0.4792626728110599
1.2080355882644653,0.4799210006583278
1.2081149816513062,0.48057932850559576
1.2117379903793335,0.48123765635286375
1.2160556316375732,0.4818959842001317
1.2175201177597046,0.4825543120473996
1.2313488721847534,0.48321263989466756
1.23385751247406,0.4838709677419355
1.2361068725585938,0.48452929558920343
1.2394083738327026,0.48518762343647137
1.2400486469268799,0.4858459512837393
1.240166425704956,0.48650427913100724
1.2432907819747925,0.4871626069782752
1.2458857297897339,0.4878209348255431
1.2470542192459106,0.48847926267281105
1.255594253540039,0.489137590520079
1.2561577558517456,0.4897959183673469
1.25922429561615,0.49045424621461486
1.2628287076950073,0.4911125740618828
1.2682603597640991,0.49177090190915074
1.2685195207595825,0.4924292297564187
1.2717009782791138,0.4930875576036866
1.272085428237915,0.4937458854509546
1.2778403759002686,0.49440421329822254
1.2807694673538208,0.4950625411454905
1.2845349311828613,0.4957208689927584
1.2857853174209595,0.49637919684002635
1.288222312927246,0.4970375246872943
1.288391351699829,0.4976958525345622
1.288717269897461,0.49835418038183016
1.2948479652404785,0.4990125082290981
1.2975937128067017,0.49967083607636603
1.3008441925048828,0.500329163923634
1.3072408437728882,0.500987491770902
1.3113254308700562,0.5016458196181699
1.3192555904388428,0.5023041474654378
1.3221579790115356,0.5029624753127058
1.3253706693649292,0.5036208031599737
1.3256781101226807,0.5042791310072416
1.332635760307312,0.5049374588545096
1.3328282833099365,0.5055957867017775
1.333541750907898,0.5062541145490455
1.339798092842102,0.5069124423963134
1.3422691822052002,0.5075707702435813
1.3435317277908325,0.5082290980908493
1.3445287942886353,0.5088874259381172
1.3449604511260986,0.5095457537853851
1.345107078552246,0.5102040816326531
1.363767385482788,0.510862409479921
1.3740919828414917,0.511520737327189
1.3753788471221924,0.5121790651744569
1.3769474029541016,0.5128373930217248
1.3816968202590942,0.5134957208689928
1.3894319534301758,0.5141540487162607
1.39042067527771,0.5148123765635286
1.3930715322494507,0.5154707044107966
1.3965898752212524,0.5161290322580645
1.3993921279907227,0.5167873601053324
1.402184247970581,0.5174456879526004
1.413543939590454,0.5181040157998683
1.4155246019363403,0.5187623436471362
1.4158129692077637,0.5194206714944042
1.420303225517273,0.5200789993416721
1.422271490097046,0.5207373271889401
1.4251432418823242,0.521395655036208
1.4262466430664062,0.5220539828834759
1.4271048307418823,0.5227123107307439
1.4273988008499146,0.5233706385780118
1.4294520616531372,0.5240289664252797
1.4297713041305542,0.5246872942725477
1.4309219121932983,0.5253456221198156
1.4312623739242554,0.5260039499670837
1.4356026649475098,0.5266622778143516
1.437608242034912,0.5273206056616195
1.4403332471847534,0.5279789335088875
1.4422807693481445,0.5286372613561554
1.4444092512130737,0.5292955892034233
1.446439504623413,0.5299539170506913
1.4498764276504517,0.5306122448979592
1.45393967628479,0.5312705727452272
1.456581473350525,0.5319289005924951
1.4637089967727661,0.532587228439763
1.466055989265442,0.533245556287031
1.4672667980194092,0.5339038841342989
1.4750785827636719,0.5345622119815668
1.4800026416778564,0.5352205398288348
1.4871515035629272,0.5358788676761027
1.487438678741455,0.5365371955233706
1.4875229597091675,0.5371955233706386
1.488837718963623,0.5378538512179065
1.4905935525894165,0.5385121790651745
1.5027852058410645,0.5391705069124424
1.50888192653656,0.5398288347597103
1.5100681781768799,0.5404871626069783
1.5122312307357788,0.5411454904542462
1.5165265798568726,0.5418038183015141
1.5167193412780762,0.5424621461487821
1.5183799266815186,0.54312047399605
1.5191527605056763,0.543778801843318
1.5272785425186157,0.5444371296905859
1.5275695323944092,0.5450954575378538
1.5412017107009888,0.5457537853851218
1.5422719717025757,0.5464121132323897
1.5427906513214111,0.5470704410796576
1.5429412126541138,0.5477287689269256
1.5431569814682007,0.5483870967741935
1.5433738231658936,0.5490454246214614
1.544402837753296,0.5497037524687294
1.5465245246887207,0.5503620803159973
1.5537090301513672,0.5510204081632653
1.5566959381103516,0.5516787360105333
1.5630933046340942,0.5523370638578012
1.5652514696121216,0.5529953917050692
1.5661805868148804,0.5536537195523371
1.5680409669876099,0.554312047399605
1.5680524110794067,0.554970375246873
1.5769540071487427,0.5556287030941409
1.5789073705673218,0.5562870309414089
1.583890438079834,0.5569453587886768
1.5860787630081177,0.5576036866359447
1.5899407863616943,0.5582620144832127
1.5900564193725586,0.5589203423304806
1.5943597555160522,0.5595786701777485
1.5953575372695923,0.5602369980250165
1.5971250534057617,0.5608953258722844
1.5986193418502808,0.5615536537195523
1.6010799407958984,0.5622119815668203
1.6025383472442627,0.5628703094140882
1.6040865182876587,0.5635286372613562
1.6056674718856812,0.5641869651086241
1.6101843118667603,0.564845292955892
1.6105750799179077,0.56550362080316
1.6144887208938599,0.5661619486504279
1.6154615879058838,0.5668202764976958
1.61788809299469,0.5674786043449638
1.6181567907333374,0.5681369321922317
1.6249969005584717,0.5687952600394997
1.6311143636703491,0.5694535878867676
1.6327965259552002,0.5701119157340355
1.6357468366622925,0.5707702435813035
1.6417450904846191,0.5714285714285714
1.6434612274169922,0.5720868992758393
1.6458953619003296,0.5727452271231073
1.6459647417068481,0.5734035549703752
1.6501257419586182,0.5740618828176431
1.654068112373352,0.5747202106649111
1.6602205038070679,0.575378538512179
1.6626498699188232,0.576036866359447
1.6632039546966553,0.5766951942067149
1.6635626554489136,0.5773535220539829
1.6655611991882324,0.5780118499012509
1.6729375123977661,0.5786701777485188
1.6753584146499634,0.5793285055957867
1.6772685050964355,0.5799868334430547
1.6816412210464478,0.5806451612903226
1.683714747428894,0.5813034891375906
1.6850632429122925,0.5819618169848585
1.6908705234527588,0.5826201448321264
1.6910285949707031,0.5832784726793944
1.691357135772705,0.5839368005266623
1.696192741394043,0.5845951283739302
1.6995960474014282,0.5852534562211982
1.7029951810836792,0.5859117840684661
1.7039985656738281,0.586570111915734
1.7043709754943848,0.587228439763002
1.7057390213012695,0.5878867676102699
1.7069188356399536,0.5885450954575379
1.7087483406066895,0.5892034233048058
1.7099863290786743,0.5898617511520737
1.7118313312530518,0.5905200789993417
1.7164398431777954,0.5911784068466096
1.7185945510864258,0.5918367346938775
1.7196422815322876,0.5924950625411455
1.7196685075759888,0.5931533903884134
1.7288081645965576,0.5938117182356814
1.72954261302948,0.5944700460829493
1.7395585775375366,0.5951283739302172
1.7406206130981445,0.5957867017774852
1.7416601181030273,0.5964450296247531
1.7498242855072021,0.597103357472021
1.7547284364700317,0.597761685319289
1.7555646896362305,0.5984200131665569
1.75587797164917,0.5990783410138248
1.756199836730957,0.5997366688610928
1.7606970071792603,0.6003949967083607
1.7612179517745972,0.6010533245556287
1.7616000175476074,0.6017116524028966
1.7669843435287476,0.6023699802501645
1.7695890665054321,0.6030283080974326
1.7725082635879517,0.6036866359447005
1.7730404138565063,0.6043449637919684
1.7767424583435059,0.6050032916392364
1.7770061492919922,0.6056616194865043
1.781057596206665,0.6063199473337723
1.7838386297225952,0.6069782751810402
1.7910006046295166,0.6076366030283081
1.797666072845459,0.6082949308755761
1.7987886667251587,0.608953258722844
1.8039995431900024,0.6096115865701119
1.8054507970809937,0.6102699144173799
1.8101316690444946,0.6109282422646478
1.817215919494629,0.6115865701119158
1.8198519945144653,0.6122448979591837
1.82850182056427,0.6129032258064516
1.8294873237609863,0.6135615536537196
1.8328734636306763,0.6142198815009875
1.8338918685913086,0.6148782093482554
1.8365014791488647,0.6155365371955234
1.8367468118667603,0.6161948650427913
1.8429739475250244,0.6168531928900592
1.852271318435669,0.6175115207373272
1.8548663854599,0.6181698485845951
1.85708749294281,0.618828176431863
1.8583787679672241,0.619486504279131
1.8599393367767334,0.6201448321263989
1.8602906465530396,0.6208031599736669
1.861093521118164,0.6214614878209348
1.861583948135376,0.6221198156682027
1.8676203489303589,0.6227781435154707
1.8695849180221558,0.6234364713627386
1.8750860691070557,0.6240947992100065
1.8771250247955322,0.6247531270572745
1.8793237209320068,0.6254114549045424
1.883631706237793,0.6260697827518104
1.8844774961471558,0.6267281105990783
1.8862340450286865,0.6273864384463462
1.895524501800537,0.6280447662936142
1.903629183769226,0.6287030941408822
1.9074677228927612,0.6293614219881501
1.9174102544784546,0.6300197498354181
1.917798399925232,0.630678077682686
1.9241515398025513,0.631336405529954
1.9243824481964111,0.6319947333772219
1.929121971130371,0.6326530612244898
1.9352903366088867,0.6333113890717578
1.937680721282959,0.6339697169190257
1.942885160446167,0.6346280447662936
1.9435327053070068,0.6352863726135616
1.9455233812332153,0.6359447004608295
1.9504458904266357,0.6366030283080975
1.9534780979156494,0.6372613561553654
1.9658769369125366,0.6379196840026333
1.969068169593811,0.6385780118499013
1.9719204902648926,0.6392363396971692
1.9721101522445679,0.6398946675444371
1.9764131307601929,0.6405529953917051
1.9808961153030396,0.641211323238973
1.9920438528060913,0.6418696510862409
1.9923219680786133,0.6425279789335089
1.9940507411956787,0.6431863067807768
2.0055198669433594,0.6438446346280448
2.009399652481079,0.6445029624753127
2.0100204944610596,0.6451612903225806
2.0207407474517822,0.6458196181698486
2.0296618938446045,0.6464779460171165
2.0319464206695557,0.6471362738643844
2.033906936645508,0.6477946017116524
2.04298996925354,0.6484529295589203
2.0500707626342773,0.6491112574061882
2.052039384841919,0.6497695852534562
2.0570943355560303,0.6504279131007241
2.0608386993408203,0.6510862409479921
2.0636324882507324,0.65174456879526
2.0689377784729004,0.6524028966425279
2.0720832347869873,0.6530612244897959
2.095160961151123,0.6537195523370638
2.0955305099487305,0.6543778801843319
2.1013729572296143,0.6550362080315998
2.102858781814575,0.6556945358788677
2.1073272228240967,0.6563528637261357
2.1133153438568115,0.6570111915734036
2.1135473251342773,0.6576695194206715
2.1137077808380127,0.6583278472679395
2.114703893661499,0.6589861751152074
2.115000009536743,0.6596445029624753
2.117845296859741,0.6603028308097433
2.1187093257904053,0.6609611586570112
2.119507312774658,0.6616194865042792
2.1217384338378906,0.6622778143515471
2.1230342388153076,0.662936142198815
2.130531072616577,0.663594470046083
2.136964797973633,0.6642527978933509
2.1379761695861816,0.6649111257406188
2.155951976776123,0.6655694535878868
2.1606554985046387,0.6662277814351547
2.172990083694458,0.6668861092824226
2.175032138824463,0.6675444371296906
2.1788623332977295,0.6682027649769585
2.1795530319213867,0.6688610928242265
2.181412935256958,0.6695194206714944
2.1828954219818115,0.6701777485187623
2.1861672401428223,0.6708360763660303
2.1939854621887207,0.6714944042132982
2.201500415802002,0.6721527320605661
2.2130210399627686,0.6728110599078341
2.2159018516540527,0.673469387755102
2.2270243167877197,0.67412771560237
2.2348926067352295,0.6747860434496379
2.235513687133789,0.6754443712969058
2.2367310523986816,0.6761026991441738
2.240891933441162,0.6767610269914417
2.242363929748535,0.6774193548387096
2.242520570755005,0.6780776826859776
2.247563123703003,0.6787360105332455
2.2494938373565674,0.6793943383805134
2.249929428100586,0.6800526662277815
2.262362003326416,0.6807109940750494
2.26888370513916,0.6813693219223174
2.2852535247802734,0.6820276497695853
2.289313793182373,0.6826859776168532
2.2918896675109863,0.6833443054641212
2.292390823364258,0.6840026333113891
2.293290138244629,0.684660961158657
2.303457498550415,0.685319289005925
2.30739164352417,0.6859776168531929
2.3101727962493896,0.6866359447004609
2.3200843334198,0.6872942725477288
2.3280017375946045,0.6879526003949967
2.3340165615081787,0.6886109282422647
2.3391432762145996,0.6892692560895326
2.342259645462036,0.6899275839368005
2.347386360168457,0.6905859117840685
2.3538661003112793,0.6912442396313364
2.356635332107544,0.6919025674786043
2.381681442260742,0.6925608953258723
2.391411304473877,0.6932192231731402
2.3916757106781006,0.6938775510204082
2.3947529792785645,0.6945358788676761
2.399181365966797,0.695194206714944
2.402924060821533,0.695852534562212
2.404153823852539,0.6965108624094799
2.4054782390594482,0.6971691902567478
2.4071192741394043,0.6978275181040158
2.4110398292541504,0.6984858459512837
2.415621280670166,0.6991441737985516
2.4203011989593506,0.6998025016458196
2.4207561016082764,0.7004608294930875
2.4240658283233643,0.7011191573403555
2.439976215362549,0.7017774851876234
2.4416840076446533,0.7024358130348913
2.4437053203582764,0.7030941408821593
2.448066234588623,0.7037524687294272
2.4482057094573975,0.7044107965766951
2.455597400665283,0.7050691244239631
2.4570436477661133,0.7057274522712311
2.4584133625030518,0.7063857801184991
2.4584903717041016,0.707044107965767
2.478800058364868,0.7077024358130349
2.482142686843872,0.7083607636603029
2.4850375652313232,0.7090190915075708
2.4907679557800293,0.7096774193548387
2.491812229156494,0.7103357472021067
2.497623920440674,0.7109940750493746
2.5056800842285156,0.7116524028966426
2.5068256855010986,0.7123107307439105
2.517650842666626,0.7129690585911784
2.527986526489258,0.7136273864384464
2.533508777618408,0.7142857142857143
2.54581356048584,0.7149440421329822
2.5471882820129395,0.7156023699802502
2.550116539001465,0.7162606978275181
2.5527749061584473,0.716919025674786
2.555253744125366,0.717577353522054
2.5558953285217285,0.7182356813693219
2.5620455741882324,0.7188940092165899
2.5638351440429688,0.7195523370638578
2.5657575130462646,0.7202106649111257
2.569489002227783,0.7208689927583937
2.5747244358062744,0.7215273206056616
2.5756425857543945,0.7221856484529295
2.579108476638794,0.7228439763001975
2.5830233097076416,0.7235023041474654
2.5872223377227783,0.7241606319947334
2.590949535369873,0.7248189598420013
2.596465587615967,0.7254772876892692
2.6056673526763916,0.7261356155365372
2.609520673751831,0.7267939433838051
2.6138086318969727,0.727452271231073
2.6182808876037598,0.728110599078341
2.623502254486084,0.7287689269256089
2.6301238536834717,0.7294272547728768
2.6368422508239746,0.7300855826201448
2.639397144317627,0.7307439104674127
2.649811267852783,0.7314022383146808
2.6567020416259766,0.7320605661619487
2.659623146057129,0.7327188940092166
2.664790630340576,0.7333772218564846
2.6665127277374268,0.7340355497037525
2.6722631454467773,0.7346938775510204
2.6746034622192383,0.7353522053982884
2.6791224479675293,0.7360105332455563
2.6844067573547363,0.7366688610928243
2.684706926345825,0.7373271889400922
2.686241865158081,0.7379855167873601
2.6896605491638184,0.7386438446346281
2.6958436965942383,0.739302172481896
2.713545083999634,0.7399605003291639
2.722230911254883,0.7406188281764319
2.7229511737823486,0.7412771560236998
2.723203420639038,0.7419354838709677
2.7276694774627686,0.7425938117182357
2.730884552001953,0.7432521395655036
2.7727582454681396,0.7439104674127716
2.785383701324463,0.7445687952600395
2.7894768714904785,0.7452271231073074
2.8083086013793945,0.7458854509545754
2.8151299953460693,0.7465437788018433
2.815138101577759,0.7472021066491112
2.817359447479248,0.7478604344963792
2.831995725631714,0.7485187623436471
2.832522392272949,0.749177090190915
2.8325436115264893,0.749835418038183
2.839005470275879,0.7504937458854509
2.8486831188201904,0.7511520737327189
2.8511409759521484,0.7518104015799868
2.852202892303467,0.7524687294272547
2.86625337600708,0.7531270572745227
2.866299867630005,0.7537853851217906
2.8684773445129395,0.7544437129690585
2.873166561126709,0.7551020408163265
2.874093532562256,0.7557603686635944
2.8906233310699463,0.7564186965108625
2.890974283218384,0.7570770243581304
2.8935089111328125,0.7577353522053983
2.894103527069092,0.7583936800526663
2.9002621173858643,0.7590520078999342
2.900787115097046,0.7597103357472021
2.904298782348633,0.7603686635944701
2.9045372009277344,0.761026991441738
2.9054319858551025,0.761685319289006
2.9094815254211426,0.7623436471362739
2.91076922416687,0.7630019749835418
2.9113354682922363,0.7636603028308098
2.9141042232513428,0.7643186306780777
2.9224514961242676,0.7649769585253456
2.922558069229126,0.7656352863726136
2.932182788848877,0.7662936142198815
2.9362952709198,0.7669519420671495
2.9373557567596436,0.7676102699144174
2.93757700920105,0.7682685977616853
2.9416263103485107,0.7689269256089533
2.943054437637329,0.7695852534562212
2.9472110271453857,0.7702435813034891
2.950639009475708,0.7709019091507571
2.953969717025757,0.771560236998025
2.963229179382324,0.7722185648452929
2.9680020809173584,0.7728768926925609
2.973891496658325,0.7735352205398288
2.9808483123779297,0.7741935483870968
2.9815316200256348,0.7748518762343647
2.9867680072784424,0.7755102040816326
2.9895501136779785,0.7761685319289006
2.989715576171875,0.7768268597761685
2.9909138679504395,0.7774851876234364
3.003366231918335,0.7781435154707044
3.009535312652588,0.7788018433179723
3.009922742843628,0.7794601711652402
3.0166015625,0.7801184990125082
3.017247200012207,0.7807768268597761
3.0189385414123535,0.781435154707044
3.0268142223358154,0.7820934825543121
3.0346062183380127,0.78275181040158
3.037787437438965,0.783410138248848
3.0422987937927246,0.7840684660961159
3.0614027976989746,0.7847267939433838
3.0649983882904053,0.7853851217906518
3.065418243408203,0.7860434496379197
3.066819906234741,0.7867017774851877
3.0676887035369873,0.7873601053324556
3.068589925765991,0.7880184331797235
3.0870275497436523,0.7886767610269915
3.0901036262512207,0.7893350888742594
3.098741292953491,0.7899934167215273
3.099848985671997,0.7906517445687953
3.1010372638702393,0.7913100724160632
3.1015396118164062,0.7919684002633312
3.112009286880493,0.7926267281105991
3.1155848503112793,0.793285055957867
3.140026807785034,0.793943383805135
3.1768972873687744,0.7946017116524029
3.1939938068389893,0.7952600394996708
3.1955974102020264,0.7959183673469388
3.198719024658203,0.7965766951942067
3.200620651245117,0.7972350230414746
3.2703018188476562,0.7978933508887426
3.3734188079833984,0.7985516787360105
3.3867971897125244,0.7992100065832785
3.406306743621826,0.7998683344305464
3.475437879562378,0.8005266622778143
3.5341084003448486,0.8011849901250823
3.6226305961608887,0.8018433179723502
3.7362585067749023,0.8025016458196181
3.7598729133605957,0.8031599736668861
3.7688851356506348,0.803818301514154
3.7797181606292725,0.804476629361422
3.793912649154663,0.8051349572086899
3.808835744857788,0.8057932850559578
3.841601610183716,0.8064516129032258
3.8441619873046875,0.8071099407504937
3.879025936126709,0.8077682685977617
3.9817826747894287,0.8084265964450297
3.9945714473724365,0.8090849242922976
4.023989677429199,0.8097432521395656
4.089268684387207,0.8104015799868335
4.108252048492432,0.8110599078341014
4.1205525398254395,0.8117182356813694
4.1215739250183105,0.8123765635286373
4.1248674392700195,0.8130348913759052
4.134131908416748,0.8136932192231732
4.148301601409912,0.8143515470704411
4.177565574645996,0.815009874917709
4.183450222015381,0.815668202764977
4.196954727172852,0.8163265306122449
4.206368446350098,0.8169848584595129
4.20850944519043,0.8176431863067808
4.213359832763672,0.8183015141540487
4.287370204925537,0.8189598420013167
4.336369514465332,0.8196181698485846
4.351161479949951,0.8202764976958525
4.378139019012451,0.8209348255431205
4.383403778076172,0.8215931533903884
4.3909912109375,0.8222514812376563
4.451793670654297,0.8229098090849243
4.462436199188232,0.8235681369321922
4.469130992889404,0.8242264647794602
4.531551837921143,0.8248847926267281
4.543881416320801,0.825543120473996
4.5552167892456055,0.826201448321264
4.556523323059082,0.8268597761685319
4.557746887207031,0.8275181040157998
4.566584587097168,0.8281764318630678
4.586332321166992,0.8288347597103357
4.614089488983154,0.8294930875576036
4.666929244995117,0.8301514154048716
4.703197002410889,0.8308097432521395
4.71129035949707,0.8314680710994075
4.729130268096924,0.8321263989466754
4.746647834777832,0.8327847267939433
4.748414993286133,0.8334430546412114
4.753530502319336,0.8341013824884793
4.853836536407471,0.8347597103357473
4.914613723754883,0.8354180381830152
4.935351371765137,0.8360763660302831
4.937912940979004,0.8367346938775511
4.9660444259643555,0.837393021724819
4.968263149261475,0.8380513495720869
4.976563930511475,0.8387096774193549
5.040018081665039,0.8393680052666228
5.062718868255615,0.8400263331138907
5.107533931732178,0.8406846609611587
5.110133647918701,0.8413429888084266
5.156518459320068,0.8420013166556946
5.177126407623291,0.8426596445029625
5.2065653800964355,0.8433179723502304
5.223363399505615,0.8439763001974984
5.267810821533203,0.8446346280447663
5.290770053863525,0.8452929558920342
5.297486305236816,0.8459512837393022
5.30588960647583,0.8466096115865701
5.3161420822143555,0.847267939433838
5.324460029602051,0.847926267281106
5.3913798332214355,0.8485845951283739
5.509727954864502,0.8492429229756419
5.526240348815918,0.8499012508229098
5.57002067565918,0.8505595786701777
5.57710075378418,0.8512179065174457
5.578651428222656,0.8518762343647136
5.58922004699707,0.8525345622119815
5.619813442230225,0.8531928900592495
5.6537041664123535,0.8538512179065174
5.661850929260254,0.8545095457537853
5.664222240447998,0.8551678736010533
5.7195515632629395,0.8558262014483212
5.721738815307617,0.8564845292955892
5.723799705505371,0.8571428571428571
5.726255416870117,0.857801184990125
5.748852729797363,0.858459512837393
5.762218475341797,0.859117840684661
5.807262897491455,0.859776168531929
5.847367763519287,0.8604344963791969
5.847719192504883,0.8610928242264648
5.8514227867126465,0.8617511520737328
5.871028900146484,0.8624094799210007
5.87960147857666,0.8630678077682686
5.880282878875732,0.8637261356155366
5.899563789367676,0.8643844634628045
5.916170120239258,0.8650427913100724
5.91735315322876,0.8657011191573404
5.920317649841309,0.8663594470046083
5.934821128845215,0.8670177748518763
5.991947174072266,0.8676761026991442
5.998512268066406,0.8683344305464121
6.01184606552124,0.8689927583936801
6.1206583976745605,0.869651086240948
6.125408172607422,0.8703094140882159
6.138088703155518,0.8709677419354839
6.171543121337891,0.8716260697827518
6.196518421173096,0.8722843976300197
6.237238883972168,0.8729427254772877
6.265209674835205,0.8736010533245556
6.307106971740723,0.8742593811718236
6.432645797729492,0.8749177090190915
6.456003189086914,0.8755760368663594
6.601804256439209,0.8762343647136274
6.819233417510986,0.8768926925608953
6.820766448974609,0.8775510204081632
7.192310333251953,0.8782093482554312
7.236896514892578,0.8788676761026991
7.339461803436279,0.879526003949967
7.416337490081787,0.880184331797235
7.452836513519287,0.8808426596445029
7.7791056632995605,0.8815009874917709
7.809981346130371,0.8821593153390388
8.041245460510254,0.8828176431863067
8.045769691467285,0.8834759710335747
8.06074047088623,0.8841342988808426
8.069286346435547,0.8847926267281107
8.147798538208008,0.8854509545753786
8.20142650604248,0.8861092824226465
8.36875057220459,0.8867676102699145
8.37044906616211,0.8874259381171824
8.383889198303223,0.8880842659644503
8.384480476379395,0.8887425938117183
8.41619873046875,0.8894009216589862
8.473278045654297,0.8900592495062541
8.508171081542969,0.8907175773535221
8.518683433532715,0.89137590520079
8.606329917907715,0.892034233048058
8.64292049407959,0.8926925608953259
8.714700698852539,0.8933508887425938
8.72036361694336,0.8940092165898618
8.722732543945312,0.8946675444371297
8.728734016418457,0.8953258722843976
8.743697166442871,0.8959842001316656
8.773627281188965,0.8966425279789335
8.873416900634766,0.8973008558262014
9.045827865600586,0.8979591836734694
9.047113418579102,0.8986175115207373
9.05302619934082,0.8992758393680053
9.088861465454102,0.8999341672152732
9.115887641906738,0.9005924950625411
9.158276557922363,0.9012508229098091
9.17687702178955,0.901909150757077
9.179364204406738,0.9025674786043449
9.250194549560547,0.9032258064516129
9.286537170410156,0.9038841342988808
9.56623649597168,0.9045424621461488
9.7939453125,0.9052007899934167
9.79465103149414,0.9058591178406846
9.833209991455078,0.9065174456879526
10.042498588562012,0.9071757735352205
10.047633171081543,0.9078341013824884
10.094762802124023,0.9084924292297564
10.279436111450195,0.9091507570770243
10.320021629333496,0.9098090849242922
10.34887981414795,0.9104674127715603
10.6887845993042,0.9111257406188282
10.72591495513916,0.9117840684660962
10.788223266601562,0.9124423963133641
10.837827682495117,0.913100724160632
10.98819637298584,0.9137590520079
11.085378646850586,0.9144173798551679
11.276093482971191,0.9150757077024358
11.315414428710938,0.9157340355497038
11.480803489685059,0.9163923633969717
11.516775131225586,0.9170506912442397
11.543195724487305,0.9177090190915076
11.647865295410156,0.9183673469387755
11.726475715637207,0.9190256747860435
11.831924438476562,0.9196840026333114
11.914445877075195,0.9203423304805793
11.976859092712402,0.9210006583278473
12.262271881103516,0.9216589861751152
12.35151481628418,0.9223173140223832
12.392265319824219,0.9229756418696511
12.417139053344727,0.923633969716919
13.068317413330078,0.924292297564187
13.829337120056152,0.9249506254114549
13.88779067993164,0.9256089532587228
13.96189022064209,0.9262672811059908
13.995487213134766,0.9269256089532587
14.099394798278809,0.9275839368005266
14.112032890319824,0.9282422646477946
14.24212646484375,0.9289005924950625
14.29582691192627,0.9295589203423305
14.30717945098877,0.9302172481895984
14.45698356628418,0.9308755760368663
14.56064224243164,0.9315339038841343
14.619620323181152,0.9321922317314022
14.738680839538574,0.9328505595786701
14.798654556274414,0.9335088874259381
14.849206924438477,0.934167215273206
14.920998573303223,0.934825543120474
15.020873069763184,0.9354838709677419
15.055482864379883,0.9361421988150099
15.110315322875977,0.9368005266622779
15.199431419372559,0.9374588545095458
15.230208396911621,0.9381171823568137
15.267897605895996,0.9387755102040817
15.408907890319824,0.9394338380513496
15.541004180908203,0.9400921658986175
15.592286109924316,0.9407504937458855
15.723859786987305,0.9414088215931534
16.922183990478516,0.9420671494404214
17.03949546813965,0.9427254772876893
17.209680557250977,0.9433838051349572
17.23979377746582,0.9440421329822252
17.287490844726562,0.9447004608294931
17.359769821166992,0.945358788676761
17.377437591552734,0.946017116524029
17.391279220581055,0.9466754443712969
17.426366806030273,0.9473337722185649
17.822181701660156,0.9479921000658328
18.077674865722656,0.9486504279131007
18.27678680419922,0.9493087557603687
19.37494468688965,0.9499670836076366
19.568313598632812,0.9506254114549045
19.818729400634766,0.9512837393021725
20.204530715942383,0.9519420671494404
20.235231399536133,0.9526003949967083
20.32773780822754,0.9532587228439763
20.42972183227539,0.9539170506912442
21.0008544921875,0.9545753785385122
21.093299865722656,0.9552337063857801
21.160890579223633,0.955892034233048
21.509639739990234,0.956550362080316
21.610294342041016,0.9572086899275839
21.737512588500977,0.9578670177748518
23.81643295288086,0.9585253456221198
23.84228515625,0.9591836734693877
24.152299880981445,0.9598420013166556
24.509628295898438,0.9605003291639236
24.963119506835938,0.9611586570111915
25.62457275390625,0.9618169848584596
26.134990692138672,0.9624753127057275
26.383220672607422,0.9631336405529954
26.970678329467773,0.9637919684002634
27.240781784057617,0.9644502962475313
27.637834548950195,0.9651086240947993
27.868677139282227,0.9657669519420672
28.205215454101562,0.9664252797893351
29.723285675048828,0.9670836076366031
29.794593811035156,0.967741935483871
29.86180877685547,0.9684002633311389
29.941478729248047,0.9690585911784069
30.169631958007812,0.9697169190256748
30.202672958374023,0.9703752468729427
30.421281814575195,0.9710335747202107
30.925209045410156,0.9716919025674786
33.44413757324219,0.9723502304147466
33.56214141845703,0.9730085582620145
36.75169372558594,0.9736668861092824
38.60712814331055,0.9743252139565504
38.775962829589844,0.9749835418038183
38.843849182128906,0.9756418696510862
38.93387985229492,0.9763001974983542
39.1027946472168,0.9769585253456221
39.33989334106445,0.97761685319289
39.70882034301758,0.978275181040158
39.812965393066406,0.9789335088874259
39.82866668701172,0.9795918367346939
40.371524810791016,0.9802501645819618
41.89885711669922,0.9809084924292297
42.09099578857422,0.9815668202764977
42.30953598022461,0.9822251481237656
42.48983383178711,0.9828834759710335
42.61598205566406,0.9835418038183015
42.66886520385742,0.9842001316655694
42.94136428833008,0.9848584595128373
42.96835708618164,0.9855167873601053
45.25905990600586,0.9861751152073732
45.70228576660156,0.9868334430546412
48.44268798828125,0.9874917709019092
48.48387908935547,0.9881500987491771
48.543060302734375,0.9888084265964451
49.12485122680664,0.989466754443713
49.2320442199707,0.990125082290981
51.54473114013672,0.9907834101382489
52.47165298461914,0.9914417379855168
52.774959564208984,0.9921000658327848
55.25725173950195,0.9927583936800527
57.58951187133789,0.9934167215273206
58.884544372558594,0.9940750493745886
60.26972579956055,0.9947333772218565
61.31221389770508,0.9953917050691244
65.02941131591797,0.9960500329163924
77.17933654785156,0.9967083607636603
87.95049285888672,0.9973666886109283
89.31757354736328,0.9980250164581962
89.50787353515625,0.9986833443054641
89.574462890625,0.9993416721527321
98.840087890625,1.0
