prefill_e2e_time_normalized,cdf
5.416813110059593e-06,0.0006872852233676976
5.807503384858137e-06,0.0013745704467353953
6.742345249222126e-06,0.002061855670103093
7.138615274016047e-06,0.0027491408934707906
1.1142177754663862e-05,0.003436426116838488
1.1387533959350549e-05,0.004123711340206186
1.2375931873975787e-05,0.004810996563573883
1.2420883649610914e-05,0.005498281786941581
1.4703570741403382e-05,0.006185567010309278
1.4726673725817818e-05,0.006872852233676976
1.4749519323231652e-05,0.007560137457044674
1.5116042959562037e-05,0.008247422680412371
1.514319228590466e-05,0.008934707903780068
1.527365020592697e-05,0.009621993127147767
1.5355679352069274e-05,0.010309278350515464
1.5466061086044647e-05,0.010996563573883162
1.6716330719646066e-05,0.01168384879725086
1.696784602245316e-05,0.012371134020618556
1.7313377611571923e-05,0.013058419243986255
1.773555231920909e-05,0.013745704467353952
1.819538010749966e-05,0.01443298969072165
1.8819031538441777e-05,0.015120274914089347
1.8861563148675486e-05,0.015807560137457044
1.9099832570645958e-05,0.016494845360824743
1.952199818333611e-05,0.01718213058419244
1.9818138753180392e-05,0.017869415807560136
2.009322815865744e-05,0.018556701030927835
2.014254278037697e-05,0.019243986254295534
2.0308416424086317e-05,0.01993127147766323
2.1158752133487724e-05,0.020618556701030927
2.178783506678883e-05,0.021305841924398626
2.223317642346956e-05,0.021993127147766325
2.5710756744956598e-05,0.02268041237113402
2.6340547265135683e-05,0.02336769759450172
2.659489109646529e-05,0.024054982817869417
2.6623518351698294e-05,0.024742268041237112
2.6824262022273615e-05,0.02542955326460481
2.6948204322252423e-05,0.02611683848797251
2.7086549380328506e-05,0.026804123711340205
2.7852192943100818e-05,0.027491408934707903
2.879458770621568e-05,0.028178694158075602
2.882138687709812e-05,0.0288659793814433
2.9118424208718352e-05,0.029553264604810996
2.918810241681058e-05,0.030240549828178694
2.9495864509954117e-05,0.030927835051546393
3.01643849525135e-05,0.03161512027491409
3.1111536372918636e-05,0.03230240549828179
3.157918399665505e-05,0.032989690721649485
3.246082633268088e-05,0.03367697594501718
3.32453528244514e-05,0.03436426116838488
3.402915535843931e-05,0.03505154639175258
3.405939060030505e-05,0.03573883161512027
3.493982876534574e-05,0.036426116838487975
3.6098390410188586e-05,0.03711340206185567
3.614504021243192e-05,0.037800687285223365
3.699745502672158e-05,0.03848797250859107
3.852439112961292e-05,0.03917525773195876
3.865651160595007e-05,0.03986254295532646
3.871271474054083e-05,0.04054982817869416
3.885314072249457e-05,0.041237113402061855
3.8859467167640105e-05,0.04192439862542955
3.937980000046082e-05,0.04261168384879725
3.966511940234341e-05,0.04329896907216495
3.975183062721044e-05,0.04398625429553265
3.987688978668302e-05,0.044673539518900345
4.075369724887423e-05,0.04536082474226804
4.0845508920028806e-05,0.04604810996563574
4.121329402551055e-05,0.04673539518900344
4.125469786231406e-05,0.04742268041237113
4.239869304001331e-05,0.048109965635738834
4.300504951970652e-05,0.04879725085910653
4.4198000978212804e-05,0.049484536082474224
4.487355181481689e-05,0.05017182130584193
4.492048537940718e-05,0.05085910652920962
4.560721936286427e-05,0.05154639175257732
4.562331014312804e-05,0.05223367697594502
4.57592832390219e-05,0.052920962199312714
4.7010624257382005e-05,0.05360824742268041
4.7037930926308036e-05,0.05429553264604811
4.732498564408161e-05,0.054982817869415807
4.773396722157486e-05,0.05567010309278351
4.793347397935577e-05,0.056357388316151204
4.894080484518781e-05,0.0570446735395189
4.9743368435883895e-05,0.0577319587628866
4.9892325478140265e-05,0.058419243986254296
5.107420656713657e-05,0.05910652920962199
5.124071321915835e-05,0.05979381443298969
5.2301798859843984e-05,0.06048109965635739
5.265670915832743e-05,0.061168384879725084
5.286957457428798e-05,0.061855670103092786
5.293439608067274e-05,0.06254295532646048
5.340861753211357e-05,0.06323024054982818
5.379310459829867e-05,0.06391752577319587
5.39394750376232e-05,0.06460481099656358
5.4896492656553164e-05,0.06529209621993128
5.541396967601031e-05,0.06597938144329897
5.564064485952258e-05,0.06666666666666667
5.739922562497668e-05,0.06735395189003436
5.82657266932074e-05,0.06804123711340206
5.8326560974819586e-05,0.06872852233676977
5.908937600906938e-05,0.06941580756013746
6.182635843288153e-05,0.07010309278350516
6.187054532347247e-05,0.07079037800687285
6.470115476986393e-05,0.07147766323024055
6.471660890383646e-05,0.07216494845360824
6.553575076395646e-05,0.07285223367697595
6.725866842316464e-05,0.07353951890034365
6.772857886971906e-05,0.07422680412371134
6.906288035679609e-05,0.07491408934707904
6.907912029419094e-05,0.07560137457044673
6.925866182427853e-05,0.07628865979381444
6.990004476392642e-05,0.07697594501718213
6.995887088123709e-05,0.07766323024054983
7.002158963587135e-05,0.07835051546391752
7.044759695418179e-05,0.07903780068728522
7.049043051665649e-05,0.07972508591065292
7.074049790389836e-05,0.08041237113402062
7.074588211253285e-05,0.08109965635738832
7.155103230616078e-05,0.08178694158075601
7.218674727482721e-05,0.08247422680412371
7.220447150757536e-05,0.0831615120274914
7.291812653420493e-05,0.0838487972508591
7.435995212290436e-05,0.08453608247422681
7.475769962184131e-05,0.0852233676975945
7.496170292142779e-05,0.0859106529209622
7.496929174521938e-05,0.0865979381443299
7.612662739120424e-05,0.08728522336769759
7.652131898794323e-05,0.0879725085910653
7.68407408031635e-05,0.088659793814433
7.746578921796754e-05,0.08934707903780069
7.759338768664747e-05,0.09003436426116838
7.761955930618569e-05,0.09072164948453608
7.792159885866567e-05,0.09140893470790377
7.83589348429814e-05,0.09209621993127148
7.87353201303631e-05,0.09278350515463918
7.904286758275703e-05,0.09347079037800687
7.951512816362083e-05,0.09415807560137457
7.957314664963633e-05,0.09484536082474226
8.008263830561191e-05,0.09553264604810996
8.169630018528551e-05,0.09621993127147767
8.182899182429537e-05,0.09690721649484536
8.248270023614168e-05,0.09759450171821306
8.359264029422775e-05,0.09828178694158075
8.363535744138062e-05,0.09896907216494845
8.412677561864257e-05,0.09965635738831616
8.56677143019624e-05,0.10034364261168385
8.60919026308693e-05,0.10103092783505155
8.634640107629821e-05,0.10171821305841924
8.647503273095936e-05,0.10240549828178694
8.67339622345753e-05,0.10309278350515463
8.708285167813301e-05,0.10378006872852234
8.708998939255252e-05,0.10446735395189004
8.727763633942232e-05,0.10515463917525773
8.737764437682927e-05,0.10584192439862543
8.744525257498026e-05,0.10652920962199312
8.787216211203486e-05,0.10721649484536082
8.792674634605646e-05,0.10790378006872853
8.794105815468356e-05,0.10859106529209622
8.835479093249887e-05,0.10927835051546392
8.838398207444698e-05,0.10996563573883161
8.842264651320875e-05,0.11065292096219931
8.912758494261652e-05,0.11134020618556702
8.979336416814476e-05,0.11202749140893471
8.991510549094528e-05,0.11271477663230241
9.058455907506868e-05,0.1134020618556701
9.079096344066784e-05,0.1140893470790378
9.085341298487037e-05,0.11477663230240549
9.097903239307925e-05,0.1154639175257732
9.127998782787472e-05,0.1161512027491409
9.173800208372995e-05,0.11683848797250859
9.239058999810368e-05,0.11752577319587629
9.303571277996525e-05,0.11821305841924398
9.337033407064155e-05,0.11890034364261168
9.40515092224814e-05,0.11958762886597939
9.412208601133898e-05,0.12027491408934708
9.466662595514208e-05,0.12096219931271478
9.523027983959764e-05,0.12164948453608247
9.53769194893539e-05,0.12233676975945017
9.573183342581615e-05,0.12302405498281786
9.585946099832654e-05,0.12371134020618557
9.603481885278597e-05,0.12439862542955327
9.717873035697266e-05,0.12508591065292096
9.73097630776465e-05,0.12577319587628866
9.739238157635555e-05,0.12646048109965635
9.814297663979232e-05,0.12714776632302405
9.83641148195602e-05,0.12783505154639174
9.853279334492981e-05,0.12852233676975944
9.860148566076532e-05,0.12920962199312716
9.878750279312953e-05,0.12989690721649486
9.895498806145042e-05,0.13058419243986255
9.934641275322065e-05,0.13127147766323025
9.952189429895952e-05,0.13195876288659794
9.984360804082826e-05,0.13264604810996564
0.00010009691322920844,0.13333333333333333
0.00010018129978561774,0.13402061855670103
0.0001004828664008528,0.13470790378006872
0.0001006201418931596,0.13539518900343642
0.00010083190136356279,0.1360824742268041
0.00010095482866745442,0.13676975945017184
0.00010185109567828476,0.13745704467353953
0.00010220634430879727,0.13814432989690723
0.00010238075628876686,0.13883161512027492
0.00010260425187880173,0.13951890034364262
0.00010269669292028993,0.1402061855670103
0.00010293261584592983,0.140893470790378
0.0001033130320138298,0.1415807560137457
0.00010332583042327315,0.1422680412371134
0.00010367803042754531,0.1429553264604811
0.00010408926755189896,0.1436426116838488
0.00010420986654935405,0.14432989690721648
0.00010425305663375184,0.1450171821305842
0.00010456245945533738,0.1457044673539519
0.00010462540376465768,0.1463917525773196
0.00010471873974893242,0.1470790378006873
0.0001047861878760159,0.14776632302405499
0.00010533080057939515,0.14845360824742268
0.00010581227979855612,0.14914089347079038
0.00010594693594612181,0.14982817869415807
0.00010617149382596835,0.15051546391752577
0.00010707226465456188,0.15120274914089346
0.00010717053373809904,0.15189003436426116
0.00010728258348535746,0.15257731958762888
0.00010729605855885893,0.15326460481099657
0.00010747518535936251,0.15395189003436427
0.00010775336704682559,0.15463917525773196
0.00010790678061312065,0.15532646048109966
0.00010845789802260697,0.15601374570446735
0.00010871242557186633,0.15670103092783505
0.00010879044566536322,0.15738831615120275
0.00010890264820773154,0.15807560137457044
0.00010895509331021458,0.15876288659793814
0.00010915011807810515,0.15945017182130583
0.00010921135981334373,0.16013745704467353
0.0001094960025511682,0.16082474226804125
0.00010962720989482477,0.16151202749140894
0.00011000969243468717,0.16219931271477664
0.00011023441038560122,0.16288659793814433
0.00011043521226383746,0.16357388316151203
0.00011054847709601745,0.16426116838487972
0.00011069801985286176,0.16494845360824742
0.00011078087118221447,0.16563573883161511
0.00011094351793872193,0.1663230240549828
0.00011140939750475809,0.1670103092783505
0.00011150119098601863,0.1676975945017182
0.00011156677646795288,0.16838487972508592
0.00011156677646795288,0.16907216494845362
0.0001117339197662659,0.1697594501718213
0.0001119985172408633,0.170446735395189
0.00011200187873328105,0.1711340206185567
0.00011243852350162342,0.1718213058419244
0.00011245086352573708,0.1725085910652921
0.00011246913345530629,0.1731958762886598
0.00011255749996053055,0.17388316151202748
0.00011294778232695535,0.17457044673539518
0.00011299498873995617,0.17525773195876287
0.00011344697122694924,0.1759450171821306
0.0001134594640461728,0.1766323024054983
0.00011365685350028798,0.177319587628866
0.000113983332994394,0.17800687285223368
0.00011411552259232849,0.17869415807560138
0.0001143089248216711,0.17938144329896907
0.00011442756658652797,0.18006872852233677
0.00011458455992396921,0.18075601374570446
0.00011506595910759643,0.18144329896907216
0.00011561129213077947,0.18213058419243985
0.0001156837388407439,0.18281786941580755
0.00011630914377747104,0.18350515463917524
0.00011685363278957084,0.18419243986254297
0.00011721308692358434,0.18487972508591066
0.00011726758384611458,0.18556701030927836
0.00011741285561583936,0.18625429553264605
0.00011759989138226956,0.18694158075601375
0.00011830348375951871,0.18762886597938144
0.00011881421960424632,0.18831615120274914
0.00011923778220079839,0.18900343642611683
0.00011976221139775589,0.18969072164948453
0.00012053137470502406,0.19037800687285222
0.00012065867485944182,0.19106529209621992
0.00012071234232280403,0.19175257731958764
0.00012149066606070846,0.19243986254295534
0.0001217388198710978,0.19312714776632303
0.0001221923594130203,0.19381443298969073
0.00012286013225093484,0.19450171821305842
0.00012322101974859834,0.19518900343642612
0.00012339744716882706,0.1958762886597938
0.00012355904618743807,0.1965635738831615
0.00012388767208904028,0.1972508591065292
0.00012396030069794506,0.1979381443298969
0.0001240399433299899,0.1986254295532646
0.00012462075392249972,0.19931271477663232
0.00012468942441046238,0.2
0.00012471791706047952,0.2006872852233677
0.000124844562378712,0.2013745704467354
0.0001253582740901038,0.2020618556701031
0.00012536744179669768,0.2027491408934708
0.0001254475791938603,0.2034364261168385
0.00012553046690300107,0.20412371134020618
0.00012557912850752473,0.20481099656357388
0.00012641522334888577,0.20549828178694157
0.00012643489753827453,0.20618556701030927
0.00012699172657448798,0.20687285223367696
0.0001270798675250262,0.20756013745704469
0.00012739583326037973,0.20824742268041238
0.0001276405091630295,0.20893470790378008
0.0001281000440940261,0.20962199312714777
0.00012862664880231023,0.21030927835051547
0.00012892574886791408,0.21099656357388316
0.00012912348029203713,0.21168384879725086
0.00012915636762045324,0.21237113402061855
0.00012918606807943434,0.21305841924398625
0.00012963538756594062,0.21374570446735394
0.00012968068767804652,0.21443298969072164
0.0001297156122745946,0.21512027491408936
0.00012982009502593428,0.21580756013745706
0.00013015512377023697,0.21649484536082475
0.00013020640471950173,0.21718213058419245
0.0001306952617596835,0.21786941580756014
0.0001310882216785103,0.21855670103092784
0.0001312481181230396,0.21924398625429553
0.0001315331319347024,0.21993127147766323
0.00013202465197537094,0.22061855670103092
0.00013212532212492079,0.22130584192439862
0.00013238951214589179,0.2219931271477663
0.00013373138790484518,0.22268041237113403
0.0001340050221187994,0.22336769759450173
0.00013476653839461505,0.22405498281786942
0.0001352092222077772,0.22474226804123712
0.00013543656677938998,0.22542955326460482
0.0001354978303425014,0.2261168384879725
0.00013562690583057702,0.2268041237113402
0.00013577558274846524,0.2274914089347079
0.00013583201507572085,0.2281786941580756
0.0001359098678221926,0.2288659793814433
0.0001363094779662788,0.22955326460481099
0.00013687055616173893,0.23024054982817868
0.00013782148016616702,0.2309278350515464
0.00013794866390526295,0.2316151202749141
0.00013809537631459534,0.2323024054982818
0.00013848392700310796,0.2329896907216495
0.00013882289931643754,0.23367697594501718
0.00013896627933718264,0.23436426116838488
0.00013948240666650236,0.23505154639175257
0.00013976726040709764,0.23573883161512027
0.00014014099724590778,0.23642611683848797
0.00014045406715013087,0.23711340206185566
0.00014101629494689405,0.23780068728522336
0.0001412477868143469,0.23848797250859108
0.0001413113350281492,0.23917525773195877
0.0001414193247910589,0.23986254295532647
0.00014185906911734492,0.24054982817869416
0.00014269242819864303,0.24123711340206186
0.00014275102876126766,0.24192439862542955
0.00014275795547291636,0.24261168384879725
0.0001429958938388154,0.24329896907216494
0.0001430951087968424,0.24398625429553264
0.00014316166925709695,0.24467353951890033
0.0001444437075406313,0.24536082474226803
0.00014456243661697954,0.24604810996563573
0.00014484874554909766,0.24673539518900345
0.0001449624978704378,0.24742268041237114
0.00014528258179780096,0.24810996563573884
0.00014559325063601136,0.24879725085910653
0.00014565356832463294,0.24948453608247423
0.00014605459000449628,0.2501718213058419
0.00014631153317168355,0.2508591065292096
0.0001463332009734586,0.2515463917525773
0.00014653750986326486,0.252233676975945
0.00014717857993673533,0.2529209621993127
0.00014737428864464164,0.2536082474226804
0.00014749894035048783,0.2542955326460481
0.00014781433856114745,0.2549828178694158
0.00014860654482617974,0.2556701030927835
0.00014870605082251132,0.2563573883161512
0.0001489727437729016,0.2570446735395189
0.00014926289441064,0.25773195876288657
0.00014934968203306198,0.2584192439862543
0.00014940282562747598,0.259106529209622
0.00014974316582083702,0.2597938144329897
0.00015018631529528648,0.2604810996563574
0.00015043011808302253,0.2611683848797251
0.0001504897663835436,0.2618556701030928
0.00015061769227031618,0.2625429553264605
0.0001506749977124855,0.2632302405498282
0.00015077582793310285,0.2639175257731959
0.0001509288849774748,0.2646048109965636
0.0001510714355390519,0.2652920962199313
0.00015138064918573946,0.26597938144329897
0.00015174808504525572,0.26666666666666666
0.00015193817671388388,0.26735395189003436
0.00015209356206469238,0.26804123711340205
0.00015250573051162064,0.26872852233676975
0.00015287323913071305,0.26941580756013744
0.0001531224843347445,0.27010309278350514
0.00015347666339948773,0.27079037800687283
0.00015367555897682905,0.27147766323024053
0.00015384165453724563,0.2721649484536082
0.00015447229088749737,0.2728522336769759
0.000155012690811418,0.27353951890034367
0.00015567945956718177,0.27422680412371137
0.0001557572977617383,0.27491408934707906
0.00015626091044396162,0.27560137457044676
0.00015707669081166387,0.27628865979381445
0.00015722872922196984,0.27697594501718215
0.00015729665756225586,0.27766323024054984
0.00015745731070637703,0.27835051546391754
0.00015800302207935601,0.27903780068728523
0.00015875017561484128,0.2797250859106529
0.00015908892964944243,0.2804123711340206
0.00015913968672975898,0.2810996563573883
0.00015946129860822111,0.281786941580756
0.00015963333135005087,0.2824742268041237
0.00015977941802702844,0.2831615120274914
0.00015986256767064333,0.2838487972508591
0.00016027988749556243,0.2845360824742268
0.00016034409054555,0.2852233676975945
0.000160633833729662,0.2859106529209622
0.00016073045844677836,0.2865979381443299
0.00016083996160887182,0.2872852233676976
0.00016169779701158404,0.28797250859106527
0.000161778210895136,0.28865979381443296
0.00016196469368878752,0.2893470790378007
0.00016236311057582498,0.2900343642611684
0.00016238151874858886,0.2907216494845361
0.0001624617143534124,0.2914089347079038
0.00016255033551715314,0.2920962199312715
0.0001629041216801852,0.2927835051546392
0.00016295748355332762,0.2934707903780069
0.00016298735863529146,0.2941580756013746
0.0001633134379517287,0.2948453608247423
0.00016351707745343447,0.29553264604810997
0.00016361213056370616,0.29621993127147767
0.00016384536866098642,0.29690721649484536
0.0001639222027733922,0.29759450171821306
0.0001640302361920476,0.29828178694158075
0.00016433374548796564,0.29896907216494845
0.00016442373453173786,0.29965635738831614
0.0001644527947064489,0.30034364261168384
0.000164620898431167,0.30103092783505153
0.00016496764146722853,0.3017182130584192
0.00016505492385476828,0.3024054982817869
0.0001655204687267542,0.3030927835051546
0.00016632533515803516,0.3037800687285223
0.00016685981245245785,0.30446735395189
0.00016710323689039797,0.30515463917525776
0.0001672365760896355,0.30584192439862545
0.00016741990111768246,0.30652920962199315
0.00016755521937739104,0.30721649484536084
0.0001681679714238271,0.30790378006872854
0.00016869304818101227,0.30859106529209623
0.00016898169997148216,0.30927835051546393
0.0001696491672191769,0.3099656357388316
0.00016986351693049073,0.3106529209621993
0.00016993068857118487,0.311340206185567
0.0001713398814899847,0.3120274914089347
0.00017135920643340796,0.3127147766323024
0.00017210737860295922,0.3134020618556701
0.00017307016241829842,0.3140893470790378
0.00017313408898189664,0.3147766323024055
0.00017363554798066616,0.3154639175257732
0.00017422070959582925,0.3161512027491409
0.00017462031973991543,0.3168384879725086
0.00017474779451731592,0.31752577319587627
0.00017488909361418337,0.31821305841924397
0.00017734839639160782,0.31890034364261166
0.00017744013166520745,0.31958762886597936
0.0001774973643478006,0.32027491408934705
0.00017767959798220545,0.3209621993127148
0.00017781552742235363,0.3216494845360825
0.0001779384765541181,0.3223367697594502
0.00017808418488129973,0.3230240549828179
0.00017852563178166747,0.3237113402061856
0.0001786041393643245,0.3243986254295533
0.00017865208792500198,0.325085910652921
0.00017899490194395185,0.32577319587628867
0.0001795085845515132,0.32646048109965636
0.00017993235087487847,0.32714776632302406
0.00018068801728077233,0.32783505154639175
0.00018099081353284419,0.32852233676975945
0.00018101432942785323,0.32920962199312714
0.00018110031669493765,0.32989690721649484
0.00018193601863458753,0.33058419243986253
0.00018308006110601127,0.33127147766323023
0.00018316679052077234,0.3319587628865979
0.00018356986402068287,0.3326460481099656
0.00018374310457147658,0.3333333333333333
0.00018392267520539463,0.334020618556701
0.00018463331798557192,0.3347079037800687
0.00018499427824281156,0.3353951890034364
0.00018605876539368182,0.33608247422680415
0.00018613804422784597,0.33676975945017185
0.00018657570763025433,0.33745704467353954
0.00018728333816397935,0.33814432989690724
0.00018736270430963486,0.33883161512027493
0.00018790827016346157,0.3395189003436426
0.00018797539814841002,0.3402061855670103
0.00018876629474107176,0.340893470790378
0.00018925312906503677,0.3415807560137457
0.00018959547742269933,0.3422680412371134
0.00018959685985464603,0.3429553264604811
0.0001898503105621785,0.3436426116838488
0.00018998327141162008,0.3443298969072165
0.00019010894175153226,0.3450171821305842
0.00019016762962564826,0.3457044673539519
0.00019101545331068337,0.3463917525773196
0.00019103560771327466,0.3470790378006873
0.0001914008316816762,0.34776632302405497
0.00019189038721378893,0.34845360824742266
0.0001922075025504455,0.34914089347079036
0.00019244039140176028,0.34982817869415805
0.00019285379676148295,0.35051546391752575
0.00019304201123304665,0.35120274914089344
0.00019334534590598196,0.3518900343642612
0.00019364486797712743,0.3525773195876289
0.00019442912889644504,0.3532646048109966
0.0001944699906744063,0.3539518900343643
0.00019448976672720164,0.354639175257732
0.00019451710977591574,0.35532646048109967
0.00019535610044840723,0.35601374570446737
0.00019585910195019096,0.35670103092783506
0.0001959591609193012,0.35738831615120276
0.00019658503879327327,0.35807560137457045
0.00019663940474856645,0.35876288659793815
0.00019693397916853428,0.35945017182130584
0.0001970721932593733,0.36013745704467354
0.00019913658616133034,0.36082474226804123
0.00020030516316182911,0.3615120274914089
0.0002008046576520428,0.3621993127147766
0.00020083128765691072,0.3628865979381443
0.0002011453325394541,0.363573883161512
0.00020149466581642628,0.3642611683848797
0.00020183595188427716,0.3649484536082474
0.0002033339987974614,0.3656357388316151
0.00020385457901284099,0.3663230240549828
0.00020607374608516693,0.3670103092783505
0.00020659978326875716,0.36769759450171824
0.000206665470614098,0.36838487972508593
0.00020845700055360794,0.36907216494845363
0.00020920521637890488,0.3697594501718213
0.00021060547442175448,0.370446735395189
0.000211025879252702,0.3711340206185567
0.00021180255862418562,0.3718213058419244
0.00021192626445554197,0.3725085910652921
0.00021211046259850264,0.3731958762886598
0.00021247041877359152,0.3738831615120275
0.00021271928562782705,0.3745704467353952
0.000212799699511379,0.3752577319587629
0.00021323641703929752,0.3759450171821306
0.00021333566110115498,0.3766323024054983
0.00021344695414882153,0.37731958762886597
0.00021525118791032583,0.37800687285223367
0.00021582334011327475,0.37869415807560136
0.0002160331787308678,0.37938144329896906
0.00021681860380340368,0.38006872852233675
0.0002168503124266863,0.38075601374570445
0.00022119977802503854,0.38144329896907214
0.00022138688655104488,0.38213058419243984
0.00022166101553011686,0.3828178694158076
0.00022517105389852077,0.3835051546391753
0.0002254277642350644,0.384192439862543
0.00022630268358625472,0.3848797250859107
0.00022630341118201613,0.38556701030927837
0.000227668511797674,0.38625429553264606
0.00022800664009992033,0.38694158075601376
0.00022860140597913414,0.38762886597938145
0.00023167335893958807,0.38831615120274915
0.00023290001263376325,0.38900343642611684
0.00023445759143214673,0.38969072164948454
0.00023446980048902333,0.39037800687285223
0.0002351841831114143,0.39106529209621993
0.00023701954341959208,0.3917525773195876
0.00023804554075468332,0.3924398625429553
0.00024174718419089913,0.393127147766323
0.00024216319434344769,0.3938144329896907
0.00024272162409033626,0.3945017182130584
0.000243451984715648,0.3951890034364261
0.00024444988230243325,0.3958762886597938
0.0002445446152705699,0.3965635738831615
0.00024487607879564166,0.3972508591065292
0.0002464618592057377,0.3979381443298969
0.00024900183780118823,0.39862542955326463
0.00024913318338803947,0.3993127147766323
0.00025076058227568865,0.4
0.00025307873147539794,0.4006872852233677
0.0002534284139983356,0.4013745704467354
0.00025395353441126645,0.4020618556701031
0.00025411261594854295,0.4027491408934708
0.0002542271977290511,0.4034364261168385
0.00025531568098813295,0.4041237113402062
0.00025630646268837154,0.4048109965635739
0.00025634909979999065,0.4054982817869416
0.0002564647584222257,0.4061855670103093
0.0002565208123996854,0.406872852233677
0.0002571748336777091,0.40756013745704467
0.0002592463861219585,0.40824742268041236
0.0002593326789792627,0.40893470790378006
0.00025936172460205853,0.40962199312714775
0.00025969327543862164,0.41030927835051545
0.0002598344872239977,0.41099656357388314
0.0002599736035335809,0.41168384879725084
0.0002602799504529685,0.41237113402061853
0.00026093373890034854,0.41305841924398623
0.00026148310280404985,0.4137457044673539
0.00026195310056209564,0.4144329896907217
0.0002639592858031392,0.41512027491408937
0.000264426606008783,0.41580756013745707
0.0002651985560078174,0.41649484536082476
0.00026539008831605315,0.41718213058419246
0.00026610877830535173,0.41786941580756015
0.00026651169173419476,0.41855670103092785
0.00026733262347988784,0.41924398625429554
0.0002677267184481025,0.41993127147766324
0.00026814095326699317,0.42061855670103093
0.00026964416611008346,0.4213058419243986
0.0002697639283724129,0.4219931271477663
0.00026979250833392143,0.422680412371134
0.0002699107280932367,0.4233676975945017
0.0002713102148845792,0.4240549828178694
0.00027250920538790524,0.4247422680412371
0.00027265166863799095,0.4254295532646048
0.00027444830629974604,0.4261168384879725
0.0002751700230874121,0.4268041237113402
0.00027607797528617084,0.4274914089347079
0.0002785062824841589,0.4281786941580756
0.0002795047766994685,0.4288659793814433
0.00028023699996992946,0.42955326460481097
0.0002806998963933438,0.4302405498281787
0.0002820054942276329,0.4309278350515464
0.00028427442885003984,0.4316151202749141
0.0002848161675501615,0.4323024054982818
0.0002858118386939168,0.4329896907216495
0.00028703513089567423,0.4336769759450172
0.0002875175268854946,0.4343642611683849
0.0002886728325393051,0.4350515463917526
0.00029164180159568787,0.4357388316151203
0.0002916812663897872,0.436426116838488
0.0002918859536293894,0.43711340206185567
0.00029317871667444706,0.43780068728522337
0.00029435803298838437,0.43848797250859106
0.0002950167399831116,0.43917525773195876
0.00029575638473033905,0.43986254295532645
0.00029607515898533165,0.44054982817869415
0.00029806571546941996,0.44123711340206184
0.00029950219322927296,0.44192439862542954
0.00030000065453350544,0.44261168384879723
0.0003000051074195653,0.44329896907216493
0.00030019800760783255,0.4439862542955326
0.00030147339566610754,0.4446735395189003
0.00030387574224732816,0.44536082474226807
0.00030393118504434824,0.44604810996563576
0.0003050485101994127,0.44673539518900346
0.0003057077119592577,0.44742268041237115
0.00030663874349556863,0.44810996563573885
0.00030961178708821535,0.44879725085910654
0.00030998155125416815,0.44948453608247424
0.00031042052432894707,0.45017182130584193
0.00031073857098817825,0.45085910652920963
0.00031080757617019117,0.4515463917525773
0.000312842836137861,0.452233676975945
0.0003142561763525009,0.4529209621993127
0.0003142906934954226,0.4536082474226804
0.00031517137540504336,0.4542955326460481
0.000315184734063223,0.4549828178694158
0.00031574798049405217,0.4556701030927835
0.0003157980681862682,0.4563573883161512
0.0003163822693750262,0.4570446735395189
0.00031671306351199746,0.4577319587628866
0.000317289843223989,0.4584192439862543
0.00031758108525536954,0.45910652920962197
0.0003197429177816957,0.45979381443298967
0.00031975097954273224,0.46048109965635736
0.0003212324809283018,0.4611683848797251
0.00032403389923274517,0.4618556701030928
0.0003280160890426487,0.4625429553264605
0.00032897782512009144,0.4632302405498282
0.0003293525369372219,0.4639175257731959
0.0003295856004115194,0.4646048109965636
0.00033183401683345437,0.4652920962199313
0.00033249356783926487,0.465979381443299
0.0003335950314067304,0.4666666666666667
0.00033562336466275156,0.46735395189003437
0.0003364663862157613,0.46804123711340206
0.00033682805951684713,0.46872852233676976
0.0003378177061676979,0.46941580756013745
0.0003386544995009899,0.47010309278350515
0.00033881692797876894,0.47079037800687284
0.0003412264632061124,0.47147766323024054
0.0003417089465074241,0.47216494845360824
0.00034305930603295565,0.47285223367697593
0.0003441475273575634,0.4735395189003436
0.00034468132071197033,0.4742268041237113
0.00034489299287088215,0.474914089347079
0.00034697738010436296,0.4756013745704467
0.0003489258815534413,0.4762886597938144
0.0003492228570394218,0.47697594501718216
0.0003497398574836552,0.47766323024054985
0.0003498737351037562,0.47835051546391755
0.00035214400850236416,0.47903780068728524
0.0003535206778906286,0.47972508591065294
0.0003542810445651412,0.48041237113402063
0.00035592110361903906,0.48109965635738833
0.0003562742203939706,0.481786941580756
0.0003567523090168834,0.4824742268041237
0.00035777277662418783,0.4831615120274914
0.00035936859785579145,0.4838487972508591
0.0003600269847083837,0.4845360824742268
0.00036129856016486883,0.4852233676975945
0.00036138202995061874,0.4859106529209622
0.0003616531321313232,0.4865979381443299
0.000362097896868363,0.4872852233676976
0.0003627835540100932,0.4879725085910653
0.000362791441148147,0.488659793814433
0.0003637424670159817,0.48934707903780067
0.00036512300721369684,0.49003436426116836
0.00036613858537748456,0.49072164948453606
0.0003685517003759742,0.49140893470790376
0.0003690747544169426,0.49209621993127145
0.00037232422619126737,0.4927835051546392
0.00037292702472768724,0.4934707903780069
0.00037293194327503443,0.4941580756013746
0.00037610437721014023,0.4948453608247423
0.00037941691698506474,0.49553264604811
0.0003797836252488196,0.4962199312714777
0.000381905265385285,0.49690721649484537
0.00038353074342012405,0.49759450171821307
0.0003836578980553895,0.49828178694158076
0.00038379282341338694,0.49896907216494846
0.000385070190532133,0.49965635738831615
0.00038522781687788665,0.5003436426116838
0.000385591498343274,0.5010309278350515
0.0003879908181261271,0.5017182130584192
0.000388449669117108,0.5024054982817869
0.0003894760739058256,0.5030927835051546
0.0003900153678841889,0.5037800687285223
0.0003902151947841048,0.50446735395189
0.00039056051173247397,0.5051546391752577
0.0003925265627913177,0.5058419243986254
0.00039719705819152296,0.5065292096219931
0.0003974811697844416,0.5072164948453608
0.00040105986408889294,0.5079037800687285
0.0004023777728434652,0.5085910652920962
0.00040564301889389753,0.5092783505154639
0.0004062897351104766,0.5099656357388316
0.00040658540092408657,0.5106529209621993
0.0004073071468155831,0.511340206185567
0.0004077757184859365,0.5120274914089347
0.0004086039261892438,0.5127147766323024
0.0004086965345777571,0.51340206185567
0.0004087394627276808,0.5140893470790378
0.00040974430157803,0.5147766323024054
0.0004101239319425076,0.5154639175257731
0.0004106912820134312,0.516151202749141
0.00041417061584070325,0.5168384879725086
0.00041483560926280916,0.5175257731958763
0.00041652395157143474,0.518213058419244
0.0004173717461526394,0.5189003436426117
0.00041855504969134927,0.5195876288659794
0.0004187076410744339,0.5202749140893471
0.0004187946324236691,0.5209621993127148
0.0004196602967567742,0.5216494845360825
0.0004200063704047352,0.5223367697594502
0.0004209806793369353,0.5230240549828179
0.0004249187186360359,0.5237113402061856
0.00042991514783352613,0.5243986254295533
0.00043355539673939347,0.525085910652921
0.0004344722256064415,0.5257731958762887
0.0004352968535386026,0.5264604810996564
0.000436414877185598,0.5271477663230241
0.00043963565258309245,0.5278350515463918
0.0004417086602188647,0.5285223367697595
0.00044331655954010785,0.5292096219931272
0.0004471527354326099,0.5298969072164949
0.00044988756417296827,0.5305841924398625
0.00045095483073964715,0.5312714776632302
0.00045357400085777044,0.5319587628865979
0.0004571980098262429,0.5326460481099656
0.00045819045044481754,0.5333333333333333
0.0004594226775225252,0.534020618556701
0.0004607915470842272,0.5347079037800687
0.00046104489592835307,0.5353951890034364
0.00046115744044072926,0.5360824742268041
0.00046165104140527546,0.5367697594501718
0.00046241978998295963,0.5374570446735395
0.0004632533236872405,0.5381443298969072
0.000463335047243163,0.5388316151202749
0.0004653054347727448,0.5395189003436426
0.00046612118603661656,0.5402061855670103
0.00046621786896139383,0.540893470790378
0.0004663277941290289,0.5415807560137457
0.0004665091692004353,0.5422680412371134
0.0004669694462791085,0.5429553264604811
0.0004679235571529716,0.5436426116838488
0.00046911038225516677,0.5443298969072164
0.0004696366668213159,0.5450171821305841
0.0004725585749838501,0.5457044673539518
0.0004747340572066605,0.5463917525773195
0.0004753638640977442,0.5470790378006873
0.0004768485086970031,0.547766323024055
0.00047820087638683617,0.5484536082474227
0.0004792259423993528,0.5491408934707904
0.0004795808345079422,0.5498281786941581
0.0004799801972694695,0.5505154639175258
0.00048551594954915345,0.5512027491408935
0.0004884723457507789,0.5518900343642612
0.0004924167296849191,0.5525773195876289
0.0004948363057337701,0.5532646048109966
0.000497056229505688,0.5539518900343643
0.0004983700928278267,0.554639175257732
0.0004988988512195647,0.5553264604810997
0.000500635476782918,0.5560137457044674
0.0005017786752432585,0.5567010309278351
0.0005024598212912679,0.5573883161512028
0.0005026871804147959,0.5580756013745705
0.0005056950030848384,0.5587628865979382
0.0005079283146187663,0.5594501718213059
0.0005131455254741013,0.5601374570446735
0.0005137090338394046,0.5608247422680412
0.0005150747019797564,0.5615120274914089
0.0005171441589482129,0.5621993127147766
0.0005211014067754149,0.5628865979381443
0.0005211581592448056,0.563573883161512
0.0005219370359554887,0.5642611683848797
0.0005272546550258994,0.5649484536082474
0.0005276656593196094,0.5656357388316151
0.0005288755055516958,0.5663230240549828
0.0005289748660288751,0.5670103092783505
0.0005311479908414185,0.5676975945017182
0.0005346884136088192,0.5683848797250859
0.0005370542057789862,0.5690721649484536
0.0005386985139921308,0.5697594501718213
0.0005391081795096397,0.570446735395189
0.0005401796079240739,0.5711340206185567
0.0005416828789748251,0.5718213058419244
0.0005445153219625354,0.5725085910652921
0.0005455741775222123,0.5731958762886598
0.0005475105717778206,0.5738831615120275
0.0005485170986503363,0.5745704467353951
0.0005539457779377699,0.5752577319587628
0.0005551284411922097,0.5759450171821305
0.0005552347283810377,0.5766323024054982
0.0005564798484556377,0.5773195876288659
0.0005577276460826397,0.5780068728522336
0.000558320723939687,0.5786941580756014
0.0005628605140373111,0.5793814432989691
0.0005659667076542974,0.5800687285223368
0.0005667961668223143,0.5807560137457045
0.0005713116843253374,0.5814432989690722
0.0005718963220715523,0.5821305841924399
0.0005732634454034269,0.5828178694158076
0.0005735980230383575,0.5835051546391753
0.0005750117124989629,0.584192439862543
0.0005754685844294727,0.5848797250859107
0.0005762982182204723,0.5855670103092784
0.00057725835358724,0.5862542955326461
0.0005835320334881544,0.5869415807560138
0.0005835823831148446,0.5876288659793815
0.000584712135605514,0.5883161512027492
0.0005901136319153011,0.5890034364261169
0.0005935518420301378,0.5896907216494846
0.0005948235047981143,0.5903780068728522
0.0005958177498541772,0.5910652920962199
0.0005983739392831922,0.5917525773195876
0.0006030125077813864,0.5924398625429553
0.0006034545949660242,0.593127147766323
0.0006060563027858734,0.5938144329896907
0.0006070369272492826,0.5945017182130584
0.0006086326902732253,0.5951890034364261
0.0006107597146183252,0.5958762886597938
0.0006196352769620717,0.5965635738831615
0.0006276742205955088,0.5972508591065292
0.0006289966986514628,0.5979381443298969
0.0006365552544593811,0.5986254295532646
0.0006370590417645872,0.5993127147766323
0.0006379487458616495,0.6
0.0006380061386153102,0.6006872852233677
0.0006398413679562509,0.6013745704467354
0.0006439235294237733,0.6020618556701031
0.0006476773414760828,0.6027491408934708
0.0006489196675829589,0.6034364261168385
0.0006517326692119241,0.6041237113402061
0.000653408351354301,0.6048109965635738
0.0006582231726497412,0.6054982817869415
0.0006592667195945978,0.6061855670103092
0.0006600585766136646,0.6068728522336769
0.0006617444450967014,0.6075601374570446
0.0006622946821153164,0.6082474226804123
0.0006668997812084854,0.60893470790378
0.0006675380282104015,0.6096219931271478
0.0006690465961582959,0.6103092783505155
0.0006698756478726864,0.6109965635738832
0.0006822796422056854,0.6116838487972509
0.0006851399666629732,0.6123711340206186
0.0006858713459223509,0.6130584192439863
0.000685915641952306,0.613745704467354
0.0006862542359158397,0.6144329896907217
0.0006932998076081276,0.6151202749140894
0.0007082148222252727,0.6158075601374571
0.0007084060925990343,0.6164948453608248
0.0007125475094653666,0.6171821305841925
0.0007209506002254784,0.6178694158075602
0.0007233784417621791,0.6185567010309279
0.000725375022739172,0.6192439862542956
0.0007264796295203269,0.6199312714776632
0.0007279686979018152,0.6206185567010309
0.0007280007703229785,0.6213058419243986
0.0007315488182939589,0.6219931271477663
0.0007321905577555299,0.622680412371134
0.0007417359156534076,0.6233676975945017
0.000741919968277216,0.6240549828178694
0.0007466766401194036,0.6247422680412371
0.0007504694513045251,0.6254295532646048
0.0007535378099419177,0.6261168384879725
0.0007560380036011338,0.6268041237113402
0.0007620857213623822,0.6274914089347079
0.0007638363167643547,0.6281786941580756
0.0007681552087888122,0.6288659793814433
0.0007732874946668744,0.629553264604811
0.0007886632229201496,0.6302405498281787
0.0007901472272351384,0.6309278350515464
0.0007935272296890616,0.6316151202749141
0.000793572049587965,0.6323024054982818
0.0007942316005937755,0.6329896907216495
0.0007983685354702175,0.6336769759450172
0.0007990414742380381,0.6343642611683848
0.0008004356641322374,0.6350515463917525
0.0008035087957978249,0.6357388316151202
0.0008038724190555513,0.6364261168384879
0.0008041025721468031,0.6371134020618556
0.0008110080379992723,0.6378006872852233
0.0008187397615984082,0.638487972508591
0.0008205570047721267,0.6391752577319587
0.0008240679162554443,0.6398625429553264
0.0008248348021879792,0.6405498281786941
0.000827453681267798,0.6412371134020619
0.0008359659695997834,0.6419243986254296
0.0008459829841740429,0.6426116838487973
0.0008470500470139086,0.643298969072165
0.0008476022630929947,0.6439862542955327
0.0008540570270270109,0.6446735395189004
0.0008542492869310081,0.6453608247422681
0.0008664397755637765,0.6460481099656358
0.0008691938128322363,0.6467353951890035
0.0008832681342028081,0.6474226804123712
0.0008864638512022793,0.6481099656357389
0.0008881097310222685,0.6487972508591066
0.0008901788387447596,0.6494845360824743
0.0008963383152149618,0.650171821305842
0.0008970443741418421,0.6508591065292096
0.0009026749175973237,0.6515463917525773
0.0009040182339958847,0.652233676975945
0.0009046064224094152,0.6529209621993127
0.0009060138836503029,0.6536082474226804
0.0009070034138858318,0.6542955326460481
0.0009078930597752333,0.6549828178694158
0.0009082983597181737,0.6556701030927835
0.0009122085175476968,0.6563573883161512
0.0009124317439273,0.6570446735395189
0.0009126405930146575,0.6577319587628866
0.0009135325672104955,0.6584192439862543
0.0009136681328527629,0.659106529209622
0.0009210638818331063,0.6597938144329897
0.0009220704669132829,0.6604810996563574
0.0009250385337509215,0.6611683848797251
0.0009281575330533087,0.6618556701030928
0.0009311067988164723,0.6625429553264605
0.0009314463823102415,0.6632302405498282
0.0009357984527014196,0.6639175257731958
0.0009362039272673428,0.6646048109965635
0.0009433591621927917,0.6652920962199312
0.0009444422903470695,0.6659793814432989
0.0009453356615267694,0.6666666666666666
0.0009528162772767246,0.6673539518900343
0.0009541092440485954,0.668041237113402
0.0009548707166686654,0.6687285223367697
0.0009639431373216212,0.6694158075601374
0.0009697338100522757,0.6701030927835051
0.0009707665885798633,0.6707903780068728
0.0009749758755788207,0.6714776632302405
0.000978083466179669,0.6721649484536083
0.0009781663538888097,0.672852233676976
0.0009814072400331497,0.6735395189003437
0.0009853335795924067,0.6742268041237114
0.0009877373231574893,0.6749140893470791
0.0009948364458978176,0.6756013745704468
0.0009958691662177444,0.6762886597938145
0.000996238668449223,0.6769759450171822
0.0009976550936698914,0.6776632302405499
0.0009994824649766088,0.6783505154639176
0.0010010316036641598,0.6790378006872853
0.001006465870887041,0.679725085910653
0.001008206862024963,0.6804123711340206
0.0010098118800669909,0.6810996563573883
0.0010099885985255241,0.681786941580756
0.0010121638188138604,0.6824742268041237
0.0010141003876924515,0.6831615120274914
0.0010192033369094133,0.6838487972508591
0.001020123134367168,0.6845360824742268
0.0010225320002064109,0.6852233676975945
0.001030251383781433,0.6859106529209622
0.001032838597893715,0.6865979381443299
0.0010376478312537074,0.6872852233676976
0.0010495675960555673,0.6879725085910653
0.0010539990616962314,0.688659793814433
0.0010677262907847762,0.6893470790378007
0.0010687181493267417,0.6900343642611684
0.0010698599508032203,0.6907216494845361
0.0010739373974502087,0.6914089347079038
0.0010751067893579602,0.6920962199312715
0.0010790418600663543,0.6927835051546392
0.001079796114936471,0.6934707903780069
0.0010801112512126565,0.6941580756013745
0.0010914454469457269,0.6948453608247422
0.0010915257735177875,0.6955326460481099
0.0011002958053722978,0.6962199312714776
0.0011004704283550382,0.6969072164948453
0.0011029664892703295,0.697594501718213
0.0011101930867880583,0.6982817869415807
0.0011136161629110575,0.6989690721649484
0.0011191810481250286,0.6996563573883161
0.0011232226388528943,0.7003436426116838
0.0011346823303028941,0.7010309278350515
0.0011447040596976876,0.7017182130584192
0.0011499020038172603,0.7024054982817869
0.0011507675517350435,0.7030927835051546
0.0011632427340373397,0.7037800687285224
0.0011694813147187233,0.7044673539518901
0.0011792592704296112,0.7051546391752578
0.001190156559459865,0.7058419243986255
0.001191861229017377,0.7065292096219932
0.0011973067885264754,0.7072164948453609
0.0011977696558460593,0.7079037800687286
0.0012009645579382777,0.7085910652920963
0.00120535958558321,0.709278350515464
0.0012136739678680897,0.7099656357388316
0.001216772012412548,0.7106529209621993
0.0012313328916206956,0.711340206185567
0.0012332035694271326,0.7120274914089347
0.0012441808357834816,0.7127147766323024
0.0012464866740629077,0.7134020618556701
0.0012491863453760743,0.7140893470790378
0.0012575684813782573,0.7147766323024055
0.001260562101379037,0.7154639175257732
0.0012631025165319443,0.7161512027491409
0.0012650106800720096,0.7168384879725086
0.0012690838193520904,0.7175257731958763
0.0012718867510557175,0.718213058419244
0.001272207242436707,0.7189003436426117
0.0012935337144881487,0.7195876288659794
0.0012949953088536859,0.7202749140893471
0.001306468271650374,0.7209621993127148
0.0013104659738019109,0.7216494845360825
0.0013110667932778597,0.7223367697594502
0.0013136786874383688,0.7230240549828179
0.001318209688179195,0.7237113402061855
0.0013217359082773328,0.7243986254295532
0.001326024066656828,0.7250859106529209
0.0013281996361911297,0.7257731958762886
0.0013336767442524433,0.7264604810996563
0.0013466182863339782,0.727147766323024
0.0013606277061626315,0.7278350515463917
0.001364300143904984,0.7285223367697594
0.001369368052110076,0.7292096219931271
0.0013724459568038583,0.7298969072164948
0.001373565522953868,0.7305841924398625
0.0013763569295406342,0.7312714776632302
0.0013808462535962462,0.7319587628865979
0.001381252775900066,0.7326460481099656
0.0013867192901670933,0.7333333333333333
0.0013888810062780976,0.734020618556701
0.001391783356666565,0.7347079037800688
0.0013980764197185636,0.7353951890034365
0.001409135409630835,0.7360824742268042
0.0014135036617517471,0.7367697594501719
0.0014193854294717312,0.7374570446735396
0.001420970307663083,0.7381443298969073
0.001430106465704739,0.738831615120275
0.001430124742910266,0.7395189003436426
0.001442201086319983,0.7402061855670103
0.0014437390491366386,0.740893470790378
0.0014451959868893027,0.7415807560137457
0.0014540597330778837,0.7422680412371134
0.0014586761826649308,0.7429553264604811
0.0014588622143492103,0.7436426116838488
0.0014597243862226605,0.7443298969072165
0.0014741419581696391,0.7450171821305842
0.001474538934417069,0.7457044673539519
0.0014831173466518521,0.7463917525773196
0.0014855463523417711,0.7470790378006873
0.001489779562689364,0.747766323024055
0.0015057309065014124,0.7484536082474227
0.0015157804591581225,0.7491408934707904
0.0015275826444849372,0.7498281786941581
0.0015335138887166977,0.7505154639175258
0.0015428084880113602,0.7512027491408935
0.0015512390527874231,0.7518900343642612
0.0015524029731750488,0.7525773195876289
0.0015543734189122915,0.7532646048109966
0.0015649953857064247,0.7539518900343642
0.001566628459841013,0.7546391752577319
0.0015695726033300161,0.7553264604810996
0.0015768373850733042,0.7560137457044673
0.0015849396586418152,0.756701030927835
0.0016047091921791434,0.7573883161512027
0.0016135741025209427,0.7580756013745704
0.001614368986338377,0.7587628865979381
0.001631875173188746,0.7594501718213058
0.0016494945157319307,0.7601374570446735
0.0016543432138860226,0.7608247422680412
0.0016622473485767841,0.7615120274914089
0.0016622727271169424,0.7621993127147766
0.0016674930229783058,0.7628865979381443
0.0016765372129157186,0.763573883161512
0.0016812001122161746,0.7642611683848797
0.0016840067692101002,0.7649484536082474
0.0016843299381434917,0.7656357388316152
0.0016918634064495564,0.7663230240549829
0.0017037139041349292,0.7670103092783506
0.0017104728613048792,0.7676975945017183
0.0017217420972883701,0.768384879725086
0.0017390147550031543,0.7690721649484537
0.0017487400909885764,0.7697594501718213
0.001751517178490758,0.770446735395189
0.0017600269056856632,0.7711340206185567
0.0017651990056037903,0.7718213058419244
0.0017711062682792544,0.7725085910652921
0.0017782120266929269,0.7731958762886598
0.001779987127520144,0.7738831615120275
0.0017828242853283882,0.7745704467353952
0.0017885977867990732,0.7752577319587629
0.0017948615131899714,0.7759450171821306
0.0018011797219514847,0.7766323024054983
0.0018023978918790817,0.777319587628866
0.0018169856630265713,0.7780068728522337
0.0018309112638235092,0.7786941580756014
0.0018395493971183896,0.7793814432989691
0.001845177379436791,0.7800687285223368
0.001857335795648396,0.7807560137457045
0.0018573437118902802,0.7814432989690722
0.0018576249713078141,0.7821305841924399
0.001865878701210022,0.7828178694158076
0.001879245275631547,0.7835051546391752
0.0019015048164874315,0.784192439862543
0.0019263383001089096,0.7848797250859106
0.0019300889689475298,0.7855670103092783
0.0019330265931785107,0.786254295532646
0.001938381465151906,0.7869415807560137
0.001948762801475823,0.7876288659793814
0.0019509511766955256,0.7883161512027491
0.0019587958231568336,0.7890034364261168
0.001993991667404771,0.7896907216494845
0.0020035365596413612,0.7903780068728522
0.0020099557004868984,0.7910652920962199
0.002011787611991167,0.7917525773195876
0.002022500615566969,0.7924398625429553
0.0020553225185722113,0.793127147766323
0.0020678513683378696,0.7938144329896907
0.0020729629322886467,0.7945017182130584
0.002079213969409466,0.7951890034364261
0.002080482430756092,0.7958762886597938
0.0020810049027204514,0.7965635738831615
0.002086844528093934,0.7972508591065293
0.0020980099216103554,0.797938144329897
0.0020982378628104925,0.7986254295532647
0.0021068230271339417,0.7993127147766323
0.0021212981082499027,0.8
0.002125596394762397,0.8006872852233677
0.002126201754435897,0.8013745704467354
0.0021328201983124018,0.8020618556701031
0.002148419851437211,0.8027491408934708
0.0021630546543747187,0.8034364261168385
0.0021765895653516054,0.8041237113402062
0.002181475516408682,0.8048109965635739
0.0021921589504927397,0.8054982817869416
0.0021939582657068968,0.8061855670103093
0.0022313061635941267,0.806872852233677
0.00224670534953475,0.8075601374570447
0.0022507410030812025,0.8082474226804124
0.002255849540233612,0.8089347079037801
0.002287484472617507,0.8096219931271478
0.0022979809436947107,0.8103092783505155
0.0023445021361112595,0.8109965635738832
0.0023469950538128614,0.8116838487972509
0.002360463375225663,0.8123711340206186
0.0023720257449895144,0.8130584192439863
0.002372883027419448,0.813745704467354
0.0023734155111014843,0.8144329896907216
0.002380293095484376,0.8151202749140893
0.002403813414275646,0.815807560137457
0.002434887457638979,0.8164948453608247
0.002465109108015895,0.8171821305841924
0.002474908484145999,0.8178694158075601
0.002484129974618554,0.8185567010309278
0.0025035704020410776,0.8192439862542955
0.0025137534830719233,0.8199312714776632
0.0025313394144177437,0.8206185567010309
0.0025753204245120287,0.8213058419243986
0.0026009799912571907,0.8219931271477663
0.0026116990484297276,0.822680412371134
0.0026121570263057947,0.8233676975945017
0.002632646821439266,0.8240549828178694
0.002633941825479269,0.8247422680412371
0.0026715474668890238,0.8254295532646048
0.002676957519724965,0.8261168384879725
0.0027218195609748363,0.8268041237113402
0.0027280854992568493,0.8274914089347079
0.002734915353357792,0.8281786941580757
0.0027487112674862146,0.8288659793814434
0.002759733237326145,0.829553264604811
0.002780479146167636,0.8302405498281787
0.0027871045749634504,0.8309278350515464
0.0027959621511399746,0.8316151202749141
0.0028292853385210037,0.8323024054982818
0.002835762919858098,0.8329896907216495
0.002859304426237941,0.8336769759450172
0.0028610702138394117,0.8343642611683849
0.0028653317131102085,0.8350515463917526
0.0028681601397693157,0.8357388316151203
0.002874216763302684,0.836426116838488
0.002921745413914323,0.8371134020618557
0.002925334731116891,0.8378006872852234
0.0029679476283490658,0.8384879725085911
0.0029829037375748158,0.8391752577319588
0.002984569873660803,0.8398625429553265
0.002988496795296669,0.8405498281786942
0.0029997280798852444,0.8412371134020619
0.003011706518009305,0.8419243986254296
0.003024987643584609,0.8426116838487973
0.003036650363355875,0.843298969072165
0.00307849352248013,0.8439862542955326
0.0030836539808660746,0.8446735395189003
0.0030982783064246178,0.845360824742268
0.0031069181859493256,0.8460481099656357
0.0031100017949938774,0.8467353951890034
0.0031133342999964952,0.8474226804123711
0.0031502514611929655,0.8481099656357388
0.0031744278967380524,0.8487972508591065
0.003175535472109914,0.8494845360824742
0.0032002415973693132,0.8501718213058419
0.0032054386101663113,0.8508591065292096
0.003207150148227811,0.8515463917525773
0.0032347007654607296,0.852233676975945
0.00324265263043344,0.8529209621993127
0.00325199868530035,0.8536082474226804
0.0032964961137622595,0.8542955326460481
0.0032965969294309616,0.8549828178694158
0.0034418844152241945,0.8556701030927835
0.0034540665801614523,0.8563573883161512
0.003488614922389388,0.8570446735395189
0.0035066260024905205,0.8577319587628865
0.0035139743704348803,0.8584192439862542
0.0035477166529744864,0.8591065292096219
0.0035635337699204683,0.8597938144329897
0.003573392052203417,0.8604810996563574
0.003588808234781027,0.8611683848797251
0.00360244233161211,0.8618556701030928
0.0036030043847858906,0.8625429553264605
0.003617416135966778,0.8632302405498282
0.003669530851766467,0.8639175257731959
0.003670050296932459,0.8646048109965636
0.0036937505938112736,0.8652920962199313
0.0037257808726280928,0.865979381443299
0.0037368908524513245,0.8666666666666667
0.0037398135755211115,0.8673539518900344
0.003776904894039035,0.8680412371134021
0.0038084781263023615,0.8687285223367698
0.003837277414277196,0.8694158075601375
0.0038449461571872234,0.8701030927835052
0.0038867550902068615,0.8707903780068729
0.003917352762073278,0.8714776632302406
0.003918921109288931,0.8721649484536083
0.003940485883504152,0.872852233676976
0.004058145917952061,0.8735395189003436
0.004063854925334454,0.8742268041237113
0.004075564444065094,0.874914089347079
0.0041101248934865,0.8756013745704467
0.004124612547457218,0.8762886597938144
0.004160777200013399,0.8769759450171821
0.004169036168605089,0.8776632302405498
0.0042303018271923065,0.8783505154639175
0.004247935488820076,0.8790378006872852
0.004251568112522364,0.8797250859106529
0.004251792561262846,0.8804123711340206
0.004274685867130756,0.8810996563573883
0.004298395477235317,0.881786941580756
0.004331869538873434,0.8824742268041237
0.004343971144407988,0.8831615120274914
0.004355527926236391,0.8838487972508591
0.004360215738415718,0.8845360824742268
0.004363877698779106,0.8852233676975945
0.004483202937990427,0.8859106529209622
0.004508613608777523,0.8865979381443299
0.004511325620114803,0.8872852233676976
0.004516736604273319,0.8879725085910652
0.004522341303527355,0.8886597938144329
0.004528978373855352,0.8893470790378006
0.004562594927847385,0.8900343642611683
0.004565540701150894,0.8907216494845361
0.004609912633895874,0.8914089347079038
0.004634253680706024,0.8920962199312715
0.004662859253585339,0.8927835051546392
0.004720690194517374,0.8934707903780069
0.004737940616905689,0.8941580756013746
0.004767534323036671,0.8948453608247423
0.004776660352945328,0.89553264604811
0.004777394700795412,0.8962199312714777
0.004841615445911884,0.8969072164948454
0.004869003314524889,0.8975945017182131
0.004952990449965,0.8982817869415808
0.004982552491128445,0.8989690721649485
0.005015586968511343,0.8996563573883162
0.005028766579926014,0.9003436426116839
0.005082462448626757,0.9010309278350516
0.005085316486656666,0.9017182130584193
0.00511021725833416,0.902405498281787
0.005135939456522465,0.9030927835051547
0.005288302898406982,0.9037800687285223
0.005353363696485758,0.90446735395189
0.005503369029611349,0.9051546391752577
0.005524762906134129,0.9058419243986254
0.005597745068371296,0.9065292096219931
0.005625789053738117,0.9072164948453608
0.005631956271827221,0.9079037800687285
0.005639467388391495,0.9085910652920962
0.005639861803501844,0.9092783505154639
0.005696225445717573,0.9099656357388316
0.005711876787245274,0.9106529209621993
0.005750470329076052,0.911340206185567
0.005760645493865013,0.9120274914089347
0.00578327476978302,0.9127147766323024
0.005827152170240879,0.9134020618556701
0.0058844792656600475,0.9140893470790378
0.005992603022605181,0.9147766323024055
0.0061232526786625385,0.9154639175257732
0.0061461408622562885,0.9161512027491409
0.006196548696607351,0.9168384879725086
0.006212366279214621,0.9175257731958762
0.006217750255018473,0.9182130584192439
0.00631284574046731,0.9189003436426116
0.006354826968163252,0.9195876288659793
0.006379019469022751,0.920274914089347
0.006484908051788807,0.9209621993127147
0.006525249220430851,0.9216494845360824
0.006582098081707954,0.9223367697594502
0.006598678883165121,0.9230240549828179
0.006706610321998596,0.9237113402061856
0.0067603872157633305,0.9243986254295533
0.0068364436738193035,0.925085910652921
0.006840100511908531,0.9257731958762887
0.006925488356500864,0.9264604810996564
0.007166336290538311,0.9271477663230241
0.0072887665592134,0.9278350515463918
0.007303539197891951,0.9285223367697595
0.007399903144687414,0.9292096219931272
0.007433166261762381,0.9298969072164949
0.0075044636614620686,0.9305841924398626
0.007814927026629448,0.9312714776632303
0.007909734733402729,0.931958762886598
0.008161921985447407,0.9326460481099657
0.008236000314354897,0.9333333333333333
0.008317812345921993,0.934020618556701
0.008346082642674446,0.9347079037800687
0.008907841518521309,0.9353951890034364
0.009088137187063694,0.9360824742268041
0.009144275449216366,0.9367697594501718
0.009146329946815968,0.9374570446735395
0.009221626445651054,0.9381443298969072
0.009271078743040562,0.9388316151202749
0.009318210184574127,0.9395189003436426
0.009355627931654453,0.9402061855670103
0.009390606544911861,0.940893470790378
0.009508546441793442,0.9415807560137457
0.009567751549184322,0.9422680412371134
0.009632139466702938,0.9429553264604811
0.009655271656811237,0.9436426116838488
0.009678804315626621,0.9443298969072165
0.009731008671224117,0.9450171821305842
0.00994197092950344,0.9457044673539519
0.01009286567568779,0.9463917525773196
0.010167790576815605,0.9470790378006873
0.010233736597001553,0.947766323024055
0.010240930132567883,0.9484536082474226
0.010594391264021397,0.9491408934707903
0.010715906508266926,0.949828178694158
0.010790805332362652,0.9505154639175257
0.010948053561151028,0.9512027491408934
0.01101037859916687,0.9518900343642611
0.011090707033872604,0.9525773195876288
0.011245285160839558,0.9532646048109966
0.011271537281572819,0.9539518900343643
0.011365914717316628,0.954639175257732
0.012000852264463902,0.9553264604810997
0.012020905502140522,0.9560137457044674
0.012060349807143211,0.9567010309278351
0.01223942544311285,0.9573883161512028
0.012378822080790997,0.9580756013745705
0.0123888636007905,0.9587628865979382
0.012467006221413612,0.9594501718213059
0.012650874443352222,0.9601374570446736
0.012705300934612751,0.9608247422680413
0.012960775755345821,0.961512027491409
0.013545598834753036,0.9621993127147767
0.013555284589529037,0.9628865979381444
0.013589882291853428,0.963573883161512
0.013590110465884209,0.9642611683848797
0.01359196100383997,0.9649484536082474
0.01361866481602192,0.9656357388316151
0.01371249184012413,0.9663230240549828
0.013735642656683922,0.9670103092783505
0.0139957619830966,0.9676975945017182
0.014011211693286896,0.9683848797250859
0.014251041226089,0.9690721649484536
0.014426549896597862,0.9697594501718213
0.015022505074739456,0.970446735395189
0.01593928039073944,0.9711340206185567
0.0161384716629982,0.9718213058419244
0.017085038125514984,0.9725085910652921
0.017186835408210754,0.9731958762886598
0.017219970002770424,0.9738831615120275
0.017584137618541718,0.9745704467353952
0.017634501680731773,0.9752577319587629
0.01773017644882202,0.9759450171821306
0.01776272803544998,0.9766323024054983
0.01789560355246067,0.977319587628866
0.018209321424365044,0.9780068728522336
0.01922854408621788,0.9786941580756013
0.019680563360452652,0.979381443298969
0.019840557128190994,0.9800687285223367
0.020074790343642235,0.9807560137457044
0.020703904330730438,0.9814432989690721
0.021702036261558533,0.9821305841924398
0.022568130865693092,0.9828178694158075
0.022732539102435112,0.9835051546391752
0.02324344590306282,0.9841924398625429
0.023966431617736816,0.9848797250859107
0.02399376779794693,0.9855670103092784
0.024888813495635986,0.9862542955326461
0.02519478090107441,0.9869415807560138
0.025570098310709,0.9876288659793815
0.02696194127202034,0.9883161512027492
0.027215508744120598,0.9890034364261169
0.027262007817626,0.9896907216494846
0.027358056977391243,0.9903780068728523
0.027418330311775208,0.99106529209622
0.027671821415424347,0.9917525773195877
0.028572136536240578,0.9924398625429554
0.031180761754512787,0.993127147766323
0.03290602192282677,0.9938144329896907
0.03344263881444931,0.9945017182130584
0.033954083919525146,0.9951890034364261
0.03561592102050781,0.9958762886597938
0.036585308611392975,0.9965635738831615
0.061308853328228,0.9972508591065292
0.07240603119134903,0.9979381443298969
0.0927654355764389,0.9986254295532646
0.11987897008657455,0.9993127147766323
0.12319963425397873,1.0
