prefill_e2e_time_piecewise_normalized,cdf
0.005476596299558878,0.0006872852233676976
0.0057834540493786335,0.0013745704467353953
0.00799393467605114,0.002061855670103093
0.00873446837067604,0.0027491408934707906
0.009541450068354607,0.003436426116838488
0.009723746217787266,0.004123711340206186
0.011297072283923626,0.004810996563573883
0.011943448334932327,0.005498281786941581
0.012206549756228924,0.006185567010309278
0.012280935421586037,0.006872852233676976
0.012336112558841705,0.007560137457044674
0.012546896934509277,0.008247422680412371
0.01260758563876152,0.008934707903780068
0.01260974071919918,0.009621993127147767
0.012888044118881226,0.010309278350515464
0.01356548722833395,0.010996563573883162
0.013756235130131245,0.01168384879725086
0.013785794377326965,0.012371134020618556
0.014246655628085136,0.013058419243986255
0.01440545916557312,0.013745704467353952
0.01506960578262806,0.01443298969072165
0.015413114801049232,0.015120274914089347
0.015565630979835987,0.015807560137457044
0.01590714044868946,0.016494845360824743
0.016349539160728455,0.01718213058419244
0.016467193141579628,0.017869415807560136
0.016486279666423798,0.018556701030927835
0.016696402803063393,0.019243986254295534
0.01675143651664257,0.01993127147766323
0.01693396270275116,0.020618556701030927
0.01693977788090706,0.021305841924398626
0.01704946905374527,0.021993127147766325
0.01708519458770752,0.02268041237113402
0.017133595421910286,0.02336769759450172
0.017420291900634766,0.024054982817869417
0.017505554482340813,0.024742268041237112
0.017550796270370483,0.02542955326460481
0.017705578356981277,0.02611683848797251
0.017721930518746376,0.026804123711340205
0.018005305901169777,0.027491408934707903
0.018027015030384064,0.028178694158075602
0.018029458820819855,0.0288659793814433
0.01821385696530342,0.029553264604810996
0.018726414069533348,0.030240549828178694
0.018761377781629562,0.030927835051546393
0.018949922174215317,0.03161512027491409
0.019135678187012672,0.03230240549828179
0.019340237602591515,0.032989690721649485
0.019531508907675743,0.03367697594501718
0.01958412490785122,0.03436426116838488
0.019919099286198616,0.03505154639175258
0.01995929703116417,0.03573883161512027
0.020203957334160805,0.036426116838487975
0.020507028326392174,0.03711340206185567
0.020608816295862198,0.037800687285223365
0.021015401929616928,0.03848797250859107
0.021127983927726746,0.03917525773195876
0.02119079791009426,0.03986254295532646
0.021217182278633118,0.04054982817869416
0.0216604545712471,0.041237113402061855
0.021897751837968826,0.04192439862542955
0.022041335701942444,0.04261168384879725
0.02215217798948288,0.04329896907216495
0.022177251055836678,0.04398625429553265
0.022334042936563492,0.044673539518900345
0.022348076105117798,0.04536082474226804
0.023129474371671677,0.04604810996563574
0.023745084181427956,0.04673539518900344
0.023963239043951035,0.04742268041237113
0.02402397245168686,0.048109965635738834
0.024050209671258926,0.04879725085910653
0.024058008566498756,0.049484536082474224
0.024322783574461937,0.05017182130584193
0.0243255365639925,0.05085910652920962
0.024503463879227638,0.05154639175257732
0.024653788655996323,0.05223367697594502
0.024761846289038658,0.052920962199312714
0.024780401960015297,0.05360824742268041
0.025016075000166893,0.05429553264604811
0.025498587638139725,0.054982817869415807
0.025824008509516716,0.05567010309278351
0.025986814871430397,0.056357388316151204
0.026005981490015984,0.0570446735395189
0.02614269219338894,0.0577319587628866
0.026409972459077835,0.058419243986254296
0.026469701901078224,0.05910652920962199
0.02673507295548916,0.05979381443298969
0.02725604921579361,0.06048109965635739
0.02751733921468258,0.061168384879725084
0.02807915210723877,0.061855670103092786
0.028499476611614227,0.06254295532646048
0.028989577665925026,0.06323024054982818
0.03003585711121559,0.06391752577319587
0.030089212581515312,0.06460481099656358
0.030392417684197426,0.06529209621993128
0.030839744955301285,0.06597938144329897
0.03184150904417038,0.06666666666666667
0.03293225169181824,0.06735395189003436
0.03324774652719498,0.06804123711340206
0.033387213945388794,0.06872852233676977
0.033457476645708084,0.06941580756013746
0.03374956175684929,0.07010309278350516
0.03399210795760155,0.07079037800687285
0.03457029536366463,0.07147766323024055
0.03458579257130623,0.07216494845360824
0.034876711666584015,0.07285223367697595
0.03492800146341324,0.07353951890034365
0.035041432827711105,0.07422680412371134
0.03540993481874466,0.07491408934707904
0.03553536906838417,0.07560137457044673
0.03600887209177017,0.07628865979381444
0.03676596283912659,0.07697594501718213
0.03685356676578522,0.07766323024054983
0.03694303333759308,0.07835051546391752
0.037144746631383896,0.07903780068728522
0.03717809543013573,0.07972508591065292
0.037281278520822525,0.08041237113402062
0.0375421866774559,0.08109965635738832
0.03815027326345444,0.08178694158075601
0.03855016455054283,0.08247422680412371
0.03859735652804375,0.0831615120274914
0.03894895687699318,0.0838487972508591
0.03896668925881386,0.08453608247422681
0.04007032886147499,0.0852233676975945
0.04010198637843132,0.0859106529209622
0.04022558033466339,0.0865979381443299
0.04037246108055115,0.08728522336769759
0.0407254621386528,0.0879725085910653
0.04100802540779114,0.088659793814433
0.041139353066682816,0.08934707903780069
0.041284531354904175,0.09003436426116838
0.04227760434150696,0.09072164948453608
0.04272614046931267,0.09140893470790377
0.04360418766736984,0.09209621993127148
0.04394279420375824,0.09278350515463918
0.044136013835668564,0.09347079037800687
0.04421507939696312,0.09415807560137457
0.04426311329007149,0.09484536082474226
0.044542890042066574,0.09553264604810996
0.04504089802503586,0.09621993127147767
0.04531267657876015,0.09690721649484536
0.045385606586933136,0.09759450171821306
0.04543193057179451,0.09828178694158075
0.045853253453969955,0.09896907216494845
0.04781012237071991,0.09965635738831616
0.04941877722740173,0.10034364261168385
0.051059089601039886,0.10103092783505155
0.05115402489900589,0.10171821305841924
0.05124815180897713,0.10240549828178694
0.051591526716947556,0.10309278350515463
0.05212492495775223,0.10378006872852234
0.052521780133247375,0.10446735395189004
0.05276275426149368,0.10515463917525773
0.053131233900785446,0.10584192439862543
0.05340559035539627,0.10652920962199312
0.054439738392829895,0.10721649484536082
0.05533508211374283,0.10790378006872853
0.055646028369665146,0.10859106529209622
0.05575757846236229,0.10927835051546392
0.05681917443871498,0.10996563573883161
0.05817045271396637,0.11065292096219931
0.058618925511837006,0.11134020618556702
0.0588301420211792,0.11202749140893471
0.05928921699523926,0.11271477663230241
0.05989157408475876,0.1134020618556701
0.06113534793257713,0.1140893470790378
0.061300650238990784,0.11477663230240549
0.062294647097587585,0.1154639175257732
0.06239151954650879,0.1161512027491409
0.06269168853759766,0.11683848797250859
0.06359992921352386,0.11752577319587629
0.06591173261404037,0.11821305841924398
0.06596799939870834,0.11890034364261168
0.06723334640264511,0.11958762886597939
0.06829587370157242,0.12027491408934708
0.069524385035038,0.12096219931271478
0.07205010205507278,0.12164948453608247
0.07209751754999161,0.12233676975945017
0.0721716359257698,0.12302405498281786
0.07220873236656189,0.12371134020618557
0.0728301927447319,0.12439862542955327
0.07290671020746231,0.12508591065292096
0.07294183224439621,0.12577319587628866
0.07334978133440018,0.12646048109965635
0.07466604560613632,0.12714776632302405
0.07537835836410522,0.12783505154639174
0.07588645815849304,0.12852233676975944
0.07607527822256088,0.12920962199312716
0.07630817592144012,0.12989690721649486
0.07640969008207321,0.13058419243986255
0.07712312787771225,0.13127147766323025
0.07779364287853241,0.13195876288659794
0.07808250188827515,0.13264604810996564
0.07891886681318283,0.13333333333333333
0.07971125841140747,0.13402061855670103
0.07979822158813477,0.13470790378006872
0.0802222192287445,0.13539518900343642
0.08059335500001907,0.1360824742268041
0.08256090432405472,0.13676975945017184
0.0834892988204956,0.13745704467353953
0.08370655030012131,0.13814432989690723
0.08518876880407333,0.13883161512027492
0.08548957854509354,0.13951890034364262
0.08597294986248016,0.1402061855670103
0.08685719221830368,0.140893470790378
0.08748381584882736,0.1415807560137457
0.08762135356664658,0.1422680412371134
0.0879884660243988,0.1429553264604811
0.08858335018157959,0.1436426116838488
0.08895415812730789,0.14432989690721648
0.08971216529607773,0.1450171821305842
0.08972379565238953,0.1457044673539519
0.08988769352436066,0.1463917525773196
0.09029704332351685,0.1470790378006873
0.0903395563364029,0.14776632302405499
0.09049331396818161,0.14845360824742268
0.09059342741966248,0.14914089347079038
0.09148614853620529,0.14982817869415807
0.09154467284679413,0.15051546391752577
0.09165480732917786,0.15120274914089346
0.09346498548984528,0.15189003436426116
0.09431547671556473,0.15257731958762888
0.09435056895017624,0.15326460481099657
0.09437590837478638,0.15395189003436427
0.09471707791090012,0.15463917525773196
0.09513424336910248,0.15532646048109966
0.09566272050142288,0.15601374570446735
0.09621120244264603,0.15670103092783505
0.09815676510334015,0.15738831615120275
0.098426952958107,0.15807560137457044
0.09852660447359085,0.15876288659793814
0.09929097443819046,0.15945017182130583
0.09968023002147675,0.16013745704467353
0.09986582398414612,0.16082474226804125
0.100660040974617,0.16151202749140894
0.1006627231836319,0.16219931271477664
0.10101133584976196,0.16288659793814433
0.10213825851678848,0.16357388316151203
0.10274944454431534,0.16426116838487972
0.10319828242063522,0.16494845360824742
0.10338505357503891,0.16563573883161511
0.1038321778178215,0.1663230240549828
0.10590453445911407,0.1670103092783505
0.10732066631317139,0.1676975945017182
0.10756903141736984,0.16838487972508592
0.10774645209312439,0.16907216494845362
0.1080312505364418,0.1697594501718213
0.1086767315864563,0.170446735395189
0.10990695655345917,0.1711340206185567
0.11025476455688477,0.1718213058419244
0.11059724539518356,0.1725085910652921
0.11111363768577576,0.1731958762886598
0.11148756742477417,0.17388316151202748
0.11213584244251251,0.17457044673539518
0.11241179704666138,0.17525773195876287
0.11267644912004471,0.1759450171821306
0.1127098873257637,0.1766323024054983
0.11274892091751099,0.177319587628866
0.11326491832733154,0.17800687285223368
0.11388370394706726,0.17869415807560138
0.11444540321826935,0.17938144329896907
0.11483486741781235,0.18006872852233677
0.11544375121593475,0.18075601374570446
0.11634541302919388,0.18144329896907216
0.11725982278585434,0.18213058419243985
0.11981136351823807,0.18281786941580755
0.12079649418592453,0.18350515463917524
0.12157924473285675,0.18419243986254297
0.12296713888645172,0.18487972508591066
0.12380148470401764,0.18556701030927836
0.12544500827789307,0.18625429553264605
0.12607043981552124,0.18694158075601375
0.12624655663967133,0.18762886597938144
0.1267215758562088,0.18831615120274914
0.127588152885437,0.18900343642611683
0.12886174023151398,0.18969072164948453
0.12922418117523193,0.19037800687285222
0.12992484867572784,0.19106529209621992
0.1303994208574295,0.19175257731958764
0.13089878857135773,0.19243986254295534
0.13147850334644318,0.19312714776632303
0.13264459371566772,0.19381443298969073
0.13436123728752136,0.19450171821305842
0.13578036427497864,0.19518900343642612
0.13794562220573425,0.1958762886597938
0.13829389214515686,0.1965635738831615
0.13929924368858337,0.1972508591065292
0.14065465331077576,0.1979381443298969
0.14133885502815247,0.1986254295532646
0.14144666492938995,0.19931271477663232
0.14194107055664062,0.2
0.14333127439022064,0.2006872852233677
0.1450103372335434,0.2013745704467354
0.1461540013551712,0.2020618556701031
0.14737653732299805,0.2027491408934708
0.14861351251602173,0.2034364261168385
0.1487332582473755,0.20412371134020618
0.14935265481472015,0.20481099656357388
0.14956773817539215,0.20549828178694157
0.1501733660697937,0.20618556701030927
0.15251970291137695,0.20687285223367696
0.1531006246805191,0.20756013745704469
0.1558968722820282,0.20824742268041238
0.15599425137043,0.20893470790378008
0.15639761090278625,0.20962199312714777
0.1566702425479889,0.21030927835051547
0.15972313284873962,0.21099656357388316
0.16106083989143372,0.21168384879725086
0.16353178024291992,0.21237113402061855
0.16690927743911743,0.21305841924398625
0.17224563658237457,0.21374570446735394
0.17245522141456604,0.21443298969072164
0.174478679895401,0.21512027491408936
0.1783512532711029,0.21580756013745706
0.18029116094112396,0.21649484536082475
0.18048341572284698,0.21718213058419245
0.1814596951007843,0.21786941580756014
0.18520869314670563,0.21855670103092784
0.1894899606704712,0.21924398625429553
0.1901080161333084,0.21993127147766323
0.19104425609111786,0.22061855670103092
0.19202709197998047,0.22130584192439862
0.19273555278778076,0.2219931271477663
0.19316139817237854,0.22268041237113403
0.19332216680049896,0.22336769759450173
0.19428189098834991,0.22405498281786942
0.19432194530963898,0.22474226804123712
0.19584432244300842,0.22542955326460482
0.19650495052337646,0.2261168384879725
0.19683918356895447,0.2268041237113402
0.19833901524543762,0.2274914089347079
0.19853048026561737,0.2281786941580756
0.2002837359905243,0.2288659793814433
0.20071561634540558,0.22955326460481099
0.20189426839351654,0.23024054982817868
0.20198285579681396,0.2309278350515464
0.20293056964874268,0.2316151202749141
0.20368699729442596,0.2323024054982818
0.20522822439670563,0.2329896907216495
0.20621511340141296,0.23367697594501718
0.2062370628118515,0.23436426116838488
0.20684771239757538,0.23505154639175257
0.20863479375839233,0.23573883161512027
0.208907812833786,0.23642611683848797
0.20991486310958862,0.23711340206185566
0.2121938318014145,0.23780068728522336
0.21297280490398407,0.23848797250859108
0.2129904329776764,0.23917525773195877
0.21552452445030212,0.23986254295532647
0.21668262779712677,0.24054982817869416
0.21750181913375854,0.24123711340206186
0.21843639016151428,0.24192439862542955
0.21860365569591522,0.24261168384879725
0.2197975218296051,0.24329896907216494
0.22141095995903015,0.24398625429553264
0.22191272675991058,0.24467353951890033
0.22279180586338043,0.24536082474226803
0.2247529923915863,0.24604810996563573
0.22546696662902832,0.24673539518900345
0.22611376643180847,0.24742268041237114
0.2265629917383194,0.24810996563573884
0.2280852347612381,0.24879725085910653
0.22830739617347717,0.24948453608247423
0.2292785793542862,0.2501718213058419
0.2293771654367447,0.2508591065292096
0.23069065809249878,0.2515463917525773
0.23081646859645844,0.252233676975945
0.23102006316184998,0.2529209621993127
0.23140360414981842,0.2536082474226804
0.23165948688983917,0.2542955326460481
0.23499521613121033,0.2549828178694158
0.23617014288902283,0.2556701030927835
0.23876409232616425,0.2563573883161512
0.2388571798801422,0.2570446735395189
0.2400306612253189,0.25773195876288657
0.2422025054693222,0.2584192439862543
0.24455182254314423,0.259106529209622
0.2447231262922287,0.2597938144329897
0.24650879204273224,0.2604810996563574
0.247909814119339,0.2611683848797251
0.24831482768058777,0.2618556701030928
0.24894289672374725,0.2625429553264605
0.24908305704593658,0.2632302405498282
0.25079092383384705,0.2639175257731959
0.2513293921947479,0.2646048109965636
0.2527989149093628,0.2652920962199313
0.2529260218143463,0.26597938144329897
0.25696584582328796,0.26666666666666666
0.25719863176345825,0.26735395189003436
0.26305684447288513,0.26804123711340205
0.2642470598220825,0.26872852233676975
0.2658480703830719,0.26941580756013744
0.2660144567489624,0.27010309278350514
0.2705070674419403,0.27079037800687283
0.27187100052833557,0.27147766323024053
0.27634984254837036,0.2721649484536082
0.2813052535057068,0.2728522336769759
0.28253039717674255,0.27353951890034367
0.2825562059879303,0.27422680412371137
0.2831974923610687,0.27491408934707906
0.2835530638694763,0.27560137457044676
0.28477007150650024,0.27628865979381445
0.28517693281173706,0.27697594501718215
0.28518322110176086,0.27766323024054984
0.28962481021881104,0.27835051546391754
0.290420264005661,0.27903780068728523
0.29123950004577637,0.2797250859106529
0.29264768958091736,0.2804123711340206
0.2950691878795624,0.2810996563573883
0.29508620500564575,0.281786941580756
0.297140896320343,0.2824742268041237
0.2986907362937927,0.2831615120274914
0.3001290559768677,0.2838487972508591
0.30146896839141846,0.2845360824742268
0.30235880613327026,0.2852233676975945
0.3057687282562256,0.2859106529209622
0.31033170223236084,0.2865979381443299
0.3170817792415619,0.2872852233676976
0.3183556795120239,0.28797250859106527
0.32437166571617126,0.28865979381443296
0.32523244619369507,0.2893470790378007
0.32594284415245056,0.2900343642611684
0.3278087377548218,0.2907216494845361
0.32849958539009094,0.2914089347079038
0.32853615283966064,0.2920962199312715
0.330475777387619,0.2927835051546392
0.3369320333003998,0.2934707903780069
0.33699795603752136,0.2941580756013746
0.33756935596466064,0.2948453608247423
0.33777761459350586,0.29553264604810997
0.34063515067100525,0.29621993127147767
0.342658668756485,0.29690721649484536
0.349301815032959,0.29759450171821306
0.35005950927734375,0.29828178694158075
0.35208797454833984,0.29896907216494845
0.35450470447540283,0.29965635738831614
0.3561360538005829,0.30034364261168384
0.358022004365921,0.30103092783505153
0.358052134513855,0.3017182130584192
0.3583701550960541,0.3024054982817869
0.35993513464927673,0.3030927835051546
0.36089181900024414,0.3037800687285223
0.3662545382976532,0.30446735395189
0.3674914240837097,0.30515463917525776
0.3713497519493103,0.30584192439862545
0.37332162261009216,0.30652920962199315
0.3742726743221283,0.30721649484536084
0.37505215406417847,0.30790378006872854
0.3757052421569824,0.30859106529209623
0.37916284799575806,0.30927835051546393
0.3802497684955597,0.3099656357388316
0.38298308849334717,0.3106529209621993
0.3925600051879883,0.311340206185567
0.39775753021240234,0.3120274914089347
0.39862826466560364,0.3127147766323024
0.4008680284023285,0.3134020618556701
0.4042817950248718,0.3140893470790378
0.40629705786705017,0.3147766323024055
0.40790799260139465,0.3154639175257732
0.4119182825088501,0.3161512027491409
0.41622406244277954,0.3168384879725086
0.42018842697143555,0.31752577319587627
0.4210059642791748,0.31821305841924397
0.43783682584762573,0.31890034364261166
0.4399970769882202,0.31958762886597936
0.44253095984458923,0.32027491408934705
0.4572207033634186,0.3209621993127148
0.4576369822025299,0.3216494845360825
0.45804378390312195,0.3223367697594502
0.4587220847606659,0.3230240549828179
0.4603532552719116,0.3237113402061856
0.46487870812416077,0.3243986254295533
0.4664294719696045,0.325085910652921
0.4670068323612213,0.32577319587628867
0.4755409359931946,0.32646048109965636
0.4760603904724121,0.32714776632302406
0.47889792919158936,0.32783505154639175
0.48117125034332275,0.32852233676975945
0.49168625473976135,0.32920962199312714
0.4919649660587311,0.32989690721649484
0.4924917221069336,0.33058419243986253
0.4975621998310089,0.33127147766323023
0.5014742016792297,0.3319587628865979
0.501558244228363,0.3326460481099656
0.5036698579788208,0.3333333333333333
0.5043051838874817,0.334020618556701
0.5050367116928101,0.3347079037800687
0.5134363770484924,0.3353951890034364
0.514220118522644,0.33608247422680415
0.5153881311416626,0.33676975945017185
0.5158815383911133,0.33745704467353954
0.5167497396469116,0.33814432989690724
0.5205364227294922,0.33883161512027493
0.5241725444793701,0.3395189003436426
0.5259965658187866,0.3402061855670103
0.5298989415168762,0.340893470790378
0.5304592847824097,0.3415807560137457
0.5388419032096863,0.3422680412371134
0.5416496992111206,0.3429553264604811
0.550573468208313,0.3436426116838488
0.5508002042770386,0.3443298969072165
0.5511201024055481,0.3450171821305842
0.5518540740013123,0.3457044673539519
0.5525527596473694,0.3463917525773196
0.5630660653114319,0.3470790378006873
0.565264105796814,0.34776632302405497
0.5691787600517273,0.34845360824742266
0.5695412755012512,0.34914089347079036
0.5773362517356873,0.34982817869415805
0.5827822089195251,0.35051546391752575
0.5847299098968506,0.35120274914089344
0.5872581005096436,0.3518900343642612
0.5904771685600281,0.3525773195876289
0.5912516713142395,0.3532646048109966
0.6035755276679993,0.3539518900343643
0.6094998121261597,0.354639175257732
0.6104521751403809,0.35532646048109967
0.6226052641868591,0.35601374570446737
0.6240589022636414,0.35670103092783506
0.6286608576774597,0.35738831615120276
0.6320068836212158,0.35807560137457045
0.6320684552192688,0.35876288659793815
0.6354981660842896,0.35945017182130584
0.639483630657196,0.36013745704467354
0.6467498540878296,0.36082474226804123
0.6492518782615662,0.3615120274914089
0.6524659991264343,0.3621993127147766
0.6562230587005615,0.3628865979381443
0.6563808917999268,0.363573883161512
0.6567973494529724,0.3642611683848797
0.6613929271697998,0.3649484536082474
0.6654542088508606,0.3656357388316151
0.6678392887115479,0.3663230240549828
0.6720122694969177,0.3670103092783505
0.6744803190231323,0.36769759450171824
0.6867680549621582,0.36838487972508593
0.6925027966499329,0.36907216494845363
0.6945095658302307,0.3697594501718213
0.6988910436630249,0.370446735395189
0.7026821970939636,0.3711340206185567
0.7039222717285156,0.3718213058419244
0.7053501605987549,0.3725085910652921
0.7085091471672058,0.3731958762886598
0.7217026948928833,0.3738831615120275
0.7238467931747437,0.3745704467353952
0.7241159081459045,0.3752577319587629
0.7260546088218689,0.3759450171821306
0.7279596328735352,0.3766323024054983
0.7377705574035645,0.37731958762886597
0.7380408048629761,0.37800687285223367
0.7387326955795288,0.37869415807560136
0.7439165711402893,0.37938144329896906
0.7462245225906372,0.38006872852233675
0.7519344091415405,0.38075601374570445
0.7608838677406311,0.38144329896907214
0.7651246190071106,0.38213058419243984
0.7706267833709717,0.3828178694158076
0.7729568481445312,0.3835051546391753
0.786202073097229,0.384192439862543
0.7868061661720276,0.3848797250859107
0.790277361869812,0.38556701030927837
0.7936936020851135,0.38625429553264606
0.7997667193412781,0.38694158075601376
0.8088386654853821,0.38762886597938145
0.811860203742981,0.38831615120274915
0.8119523525238037,0.38900343642611684
0.8158508539199829,0.38969072164948454
0.8169534802436829,0.39037800687285223
0.818583071231842,0.39106529209621993
0.8195542693138123,0.3917525773195876
0.8214240670204163,0.3924398625429553
0.8253774642944336,0.393127147766323
0.8287144899368286,0.3938144329896907
0.8338918089866638,0.3945017182130584
0.8404257893562317,0.3951890034364261
0.8421701788902283,0.3958762886597938
0.8446076512336731,0.3965635738831615
0.8522773385047913,0.3972508591065292
0.8529301881790161,0.3979381443298969
0.8562558889389038,0.39862542955326463
0.8576844334602356,0.3993127147766323
0.8638741374015808,0.4
0.8677828311920166,0.4006872852233677
0.8684574961662292,0.4013745704467354
0.8693185448646545,0.4020618556701031
0.8694130182266235,0.4027491408934708
0.8694140315055847,0.4034364261168385
0.874440610408783,0.4041237113402062
0.8775737881660461,0.4048109965635739
0.8827427625656128,0.4054982817869416
0.8882501721382141,0.4061855670103093
0.8935523629188538,0.406872852233677
0.8979902267456055,0.40756013745704467
0.9032675623893738,0.40824742268041236
0.904871940612793,0.40893470790378006
0.9053456783294678,0.40962199312714775
0.9054520726203918,0.41030927835051545
0.9160931706428528,0.41099656357388314
0.9169800877571106,0.41168384879725084
0.9176903963088989,0.41237113402061853
0.9262508749961853,0.41305841924398623
0.9271096587181091,0.4137457044673539
0.9380005598068237,0.4144329896907217
0.9385107755661011,0.41512027491408937
0.9394192099571228,0.41580756013745707
0.9419605135917664,0.41649484536082476
0.9469875693321228,0.41718213058419246
0.949836015701294,0.41786941580756015
0.9510147571563721,0.41855670103092785
0.9541307091712952,0.41924398625429554
0.9574824571609497,0.41993127147766324
0.9579256772994995,0.42061855670103093
0.9662935137748718,0.4213058419243986
0.9858217239379883,0.4219931271477663
0.9888843894004822,0.422680412371134
0.9902814626693726,0.4233676975945017
0.9956310391426086,0.4240549828178694
0.9986710548400879,0.4247422680412371
1.0031236410140991,0.4254295532646048
1.003204107284546,0.4261168384879725
1.0050071477890015,0.4268041237113402
1.0109937191009521,0.4274914089347079
1.0145457983016968,0.4281786941580756
1.016818881034851,0.4288659793814433
1.0169318914413452,0.42955326460481097
1.018391489982605,0.4302405498281787
1.019726037979126,0.4309278350515464
1.0271103382110596,0.4316151202749141
1.031193494796753,0.4323024054982818
1.0335419178009033,0.4329896907216495
1.043698787689209,0.4336769759450172
1.0464915037155151,0.4343642611683849
1.0509439706802368,0.4350515463917526
1.0530009269714355,0.4357388316151203
1.0584520101547241,0.436426116838488
1.0656930208206177,0.43711340206185567
1.0705615282058716,0.43780068728522337
1.0734267234802246,0.43848797250859106
1.073785424232483,0.43917525773195876
1.0753562450408936,0.43986254295532645
1.0767593383789062,0.44054982817869415
1.0788899660110474,0.44123711340206184
1.0899956226348877,0.44192439862542954
1.0947761535644531,0.44261168384879723
1.101220726966858,0.44329896907216493
1.1080251932144165,0.4439862542955326
1.1143192052841187,0.4446735395189003
1.1145551204681396,0.44536082474226807
1.1224148273468018,0.44604810996563576
1.1433519124984741,0.44673539518900346
1.1510132551193237,0.44742268041237115
1.1510398387908936,0.44810996563573885
1.1589879989624023,0.44879725085910654
1.1606025695800781,0.44948453608247424
1.1678125858306885,0.45017182130584193
1.1683471202850342,0.45085910652920963
1.1687004566192627,0.4515463917525773
1.172585368156433,0.452233676975945
1.1726921796798706,0.4529209621993127
1.1869549751281738,0.4536082474226804
1.1994372606277466,0.4542955326460481
1.2137268781661987,0.4549828178694158
1.2142430543899536,0.4556701030927835
1.2144458293914795,0.4563573883161512
1.2153728008270264,0.4570446735395189
1.2161463499069214,0.4577319587628866
1.2170549631118774,0.4584192439862543
1.2289432287216187,0.45910652920962197
1.2383995056152344,0.45979381443298967
1.2539033889770508,0.46048109965635736
1.2589186429977417,0.4611683848797251
1.2732495069503784,0.4618556701030928
1.2826765775680542,0.4625429553264605
1.2973581552505493,0.4632302405498282
1.2998013496398926,0.4639175257731959
1.3027682304382324,0.4646048109965636
1.3197598457336426,0.4652920962199313
1.3221794366836548,0.465979381443299
1.3438386917114258,0.4666666666666667
1.3451604843139648,0.46735395189003437
1.3698104619979858,0.46804123711340206
1.3812607526779175,0.46872852233676976
1.3816158771514893,0.46941580756013745
1.383307933807373,0.47010309278350515
1.3862941265106201,0.47079037800687284
1.3894555568695068,0.47147766323024054
1.3954722881317139,0.47216494845360824
1.3965951204299927,0.47285223367697593
1.4026918411254883,0.4735395189003436
1.4224977493286133,0.4742268041237113
1.4237130880355835,0.474914089347079
1.4413539171218872,0.4756013745704467
1.4425125122070312,0.4762886597938144
1.4499444961547852,0.47697594501718216
1.4582302570343018,0.47766323024054985
1.4737071990966797,0.47835051546391755
1.4770699739456177,0.47903780068728524
1.4830700159072876,0.47972508591065294
1.4885791540145874,0.48041237113402063
1.4889222383499146,0.48109965635738833
1.5095471143722534,0.481786941580756
1.5123298168182373,0.4824742268041237
1.5190798044204712,0.4831615120274914
1.5215427875518799,0.4838487972508591
1.5265077352523804,0.4845360824742268
1.5289067029953003,0.4852233676975945
1.536263108253479,0.4859106529209622
1.537101149559021,0.4865979381443299
1.540899395942688,0.4872852233676976
1.5431504249572754,0.4879725085910653
1.5476824045181274,0.488659793814433
1.5527284145355225,0.48934707903780067
1.553577184677124,0.49003436426116836
1.5558120012283325,0.49072164948453606
1.5573972463607788,0.49140893470790376
1.5604490041732788,0.49209621993127145
1.5804070234298706,0.4927835051546392
1.5833156108856201,0.4934707903780069
1.5870113372802734,0.4941580756013746
1.5931611061096191,0.4948453608247423
1.5985667705535889,0.49553264604811
1.6048929691314697,0.4962199312714777
1.6115071773529053,0.49690721649484537
1.6254067420959473,0.49759450171821307
1.626861333847046,0.49828178694158076
1.6522377729415894,0.49896907216494846
1.6530303955078125,0.49965635738831615
1.6605936288833618,0.5003436426116838
1.6690306663513184,0.5010309278350515
1.6733845472335815,0.5017182130584192
1.6843043565750122,0.5024054982817869
1.6854281425476074,0.5030927835051546
1.68619966506958,0.5037800687285223
1.689548373222351,0.50446735395189
1.6926207542419434,0.5051546391752577
1.699664831161499,0.5058419243986254
1.7073689699172974,0.5065292096219931
1.7107563018798828,0.5072164948453608
1.7136691808700562,0.5079037800687285
1.7270015478134155,0.5085910652920962
1.7333229780197144,0.5092783505154639
1.7353934049606323,0.5099656357388316
1.7391865253448486,0.5106529209621993
1.7412428855895996,0.511340206185567
1.7440332174301147,0.5120274914089347
1.7477564811706543,0.5127147766323024
1.7508766651153564,0.51340206185567
1.7529816627502441,0.5140893470790378
1.7575255632400513,0.5147766323024054
1.7596102952957153,0.5154639175257731
1.762826919555664,0.516151202749141
1.7637494802474976,0.5168384879725086
1.7641533613204956,0.5175257731958763
1.7646714448928833,0.518213058419244
1.7691389322280884,0.5189003436426117
1.7725880146026611,0.5195876288659794
1.773288607597351,0.5202749140893471
1.778083324432373,0.5209621993127148
1.7845045328140259,0.5216494845360825
1.7871557474136353,0.5223367697594502
1.7886828184127808,0.5230240549828179
1.793209433555603,0.5237113402061856
1.7965803146362305,0.5243986254295533
1.7996655702590942,0.525085910652921
1.8026301860809326,0.5257731958762887
1.8041375875473022,0.5264604810996564
1.8065290451049805,0.5271477663230241
1.808342456817627,0.5278350515463918
1.8112092018127441,0.5285223367697595
1.8164769411087036,0.5292096219931272
1.825242280960083,0.5298969072164949
1.8268306255340576,0.5305841924398625
1.837007999420166,0.5312714776632302
1.8380433320999146,0.5319587628865979
1.8405985832214355,0.5326460481099656
1.8495228290557861,0.5333333333333333
1.8610352277755737,0.534020618556701
1.8684489727020264,0.5347079037800687
1.8692665100097656,0.5353951890034364
1.8812400102615356,0.5360824742268041
1.8816355466842651,0.5367697594501718
1.889669418334961,0.5374570446735395
1.8955026865005493,0.5381443298969072
1.897288203239441,0.5388316151202749
1.8979487419128418,0.5395189003436426
1.8994436264038086,0.5402061855670103
1.9073083400726318,0.540893470790378
1.9098889827728271,0.5415807560137457
1.9376531839370728,0.5422680412371134
1.9463063478469849,0.5429553264604811
1.9510284662246704,0.5436426116838488
1.9640523195266724,0.5443298969072164
1.9816477298736572,0.5450171821305841
1.9835481643676758,0.5457044673539518
1.9862020015716553,0.5463917525773195
1.986497402191162,0.5470790378006873
1.990953803062439,0.547766323024055
1.9936052560806274,0.5484536082474227
1.9952611923217773,0.5491408934707904
2.0098416805267334,0.5498281786941581
2.010587453842163,0.5505154639175258
2.014986515045166,0.5512027491408935
2.0164072513580322,0.5518900343642612
2.0209760665893555,0.5525773195876289
2.0262978076934814,0.5532646048109966
2.0428733825683594,0.5539518900343643
2.0520660877227783,0.554639175257732
2.0671188831329346,0.5553264604810997
2.072293281555176,0.5560137457044674
2.072596311569214,0.5567010309278351
2.0765345096588135,0.5573883161512028
2.079411506652832,0.5580756013745705
2.0817503929138184,0.5587628865979382
2.0827062129974365,0.5594501718213059
2.0878515243530273,0.5601374570446735
2.1051433086395264,0.5608247422680412
2.1074771881103516,0.5615120274914089
2.1122171878814697,0.5621993127147766
2.135986804962158,0.5628865979381443
2.14182186126709,0.563573883161512
2.1421844959259033,0.5642611683848797
2.1426947116851807,0.5649484536082474
2.145236015319824,0.5656357388316151
2.1479363441467285,0.5663230240549828
2.148472309112549,0.5670103092783505
2.152350902557373,0.5676975945017182
2.1628808975219727,0.5683848797250859
2.1751561164855957,0.5690721649484536
2.1942646503448486,0.5697594501718213
2.2205982208251953,0.570446735395189
2.234081983566284,0.5711340206185567
2.266777753829956,0.5718213058419244
2.2745120525360107,0.5725085910652921
2.2771215438842773,0.5731958762886598
2.3313183784484863,0.5738831615120275
2.341790199279785,0.5745704467353951
2.3553643226623535,0.5752577319587628
2.3748462200164795,0.5759450171821305
2.3923988342285156,0.5766323024054982
2.393286943435669,0.5773195876288659
2.4012444019317627,0.5780068728522336
2.404550552368164,0.5786941580756014
2.410841941833496,0.5793814432989691
2.4113457202911377,0.5800687285223368
2.4237122535705566,0.5807560137457045
2.4249448776245117,0.5814432989690722
2.4353463649749756,0.5821305841924399
2.4358410835266113,0.5828178694158076
2.4444427490234375,0.5835051546391753
2.4452946186065674,0.584192439862543
2.445922613143921,0.5848797250859107
2.4641923904418945,0.5855670103092784
2.4696590900421143,0.5862542955326461
2.4746897220611572,0.5869415807560138
2.4802708625793457,0.5876288659793815
2.4865212440490723,0.5883161512027492
2.5117390155792236,0.5890034364261169
2.531355619430542,0.5896907216494846
2.533128499984741,0.5903780068728522
2.539619207382202,0.5910652920962199
2.566337823867798,0.5917525773195876
2.5893421173095703,0.5924398625429553
2.5900208950042725,0.593127147766323
2.6008455753326416,0.5938144329896907
2.6011085510253906,0.5945017182130584
2.6071975231170654,0.5951890034364261
2.6096036434173584,0.5958762886597938
2.61983060836792,0.5965635738831615
2.632812738418579,0.5972508591065292
2.640515089035034,0.5979381443298969
2.658715009689331,0.5986254295532646
2.669414520263672,0.5993127147766323
2.6768689155578613,0.6
2.686016082763672,0.6006872852233677
2.6920981407165527,0.6013745704467354
2.716522455215454,0.6020618556701031
2.719024896621704,0.6027491408934708
2.7303833961486816,0.6034364261168385
2.7362539768218994,0.6041237113402061
2.7374722957611084,0.6048109965635738
2.756953001022339,0.6054982817869415
2.7663426399230957,0.6061855670103092
2.769479274749756,0.6068728522336769
2.7801454067230225,0.6075601374570446
2.784904718399048,0.6082474226804123
2.788421869277954,0.60893470790378
2.789811849594116,0.6096219931271478
2.7915897369384766,0.6103092783505155
2.79365873336792,0.6109965635738832
2.7942023277282715,0.6116838487972509
2.7962515354156494,0.6123711340206186
2.812664270401001,0.6130584192439863
2.820544719696045,0.613745704467354
2.8248305320739746,0.6144329896907217
2.847978115081787,0.6151202749140894
2.851515531539917,0.6158075601374571
2.852957248687744,0.6164948453608248
2.86336088180542,0.6171821305841925
2.8754782676696777,0.6178694158075602
2.8804807662963867,0.6185567010309279
2.8888607025146484,0.6192439862542956
2.8977248668670654,0.6199312714776632
2.9000368118286133,0.6206185567010309
2.9042110443115234,0.6213058419243986
2.911824941635132,0.6219931271477663
2.9221770763397217,0.622680412371134
2.9264612197875977,0.6233676975945017
2.935842514038086,0.6240549828178694
2.9456772804260254,0.6247422680412371
2.978987693786621,0.6254295532646048
2.9804799556732178,0.6261168384879725
2.9946296215057373,0.6268041237113402
3.005725383758545,0.6274914089347079
3.015366315841675,0.6281786941580756
3.028526544570923,0.6288659793814433
3.04256010055542,0.629553264604811
3.0470168590545654,0.6302405498281787
3.047726631164551,0.6309278350515464
3.0592994689941406,0.6316151202749141
3.0603621006011963,0.6323024054982818
3.086211919784546,0.6329896907216495
3.090008020401001,0.6336769759450172
3.0902175903320312,0.6343642611683848
3.094086170196533,0.6350515463917525
3.1090667247772217,0.6357388316151202
3.1142237186431885,0.6364261168384879
3.117513656616211,0.6371134020618556
3.1206157207489014,0.6378006872852233
3.177173137664795,0.638487972508591
3.1773884296417236,0.6391752577319587
3.184851884841919,0.6398625429553264
3.1909594535827637,0.6405498281786941
3.193800926208496,0.6412371134020619
3.1953647136688232,0.6419243986254296
3.199597120285034,0.6426116838487973
3.212221622467041,0.643298969072165
3.2182488441467285,0.6439862542955327
3.221531391143799,0.6446735395189004
3.2230539321899414,0.6453608247422681
3.2367212772369385,0.6460481099656358
3.25443434715271,0.6467353951890035
3.2583205699920654,0.6474226804123712
3.2708942890167236,0.6481099656357389
3.2749710083007812,0.6487972508591066
3.2934725284576416,0.6494845360824743
3.3197569847106934,0.650171821305842
3.357699394226074,0.6508591065292096
3.383253574371338,0.6515463917525773
3.4065470695495605,0.652233676975945
3.4392974376678467,0.6529209621993127
3.4466919898986816,0.6536082474226804
3.4514544010162354,0.6542955326460481
3.4517476558685303,0.6549828178694158
3.461906671524048,0.6556701030927835
3.4722506999969482,0.6563573883161512
3.4783778190612793,0.6570446735395189
3.4828364849090576,0.6577319587628866
3.486604690551758,0.6584192439862543
3.486876964569092,0.659106529209622
3.5390965938568115,0.6597938144329897
3.5517375469207764,0.6604810996563574
3.560197353363037,0.6611683848797251
3.56791353225708,0.6618556701030928
3.5941710472106934,0.6625429553264605
3.5943381786346436,0.6632302405498282
3.605581283569336,0.6639175257731958
3.608126401901245,0.6646048109965635
3.610189437866211,0.6652920962199312
3.620405673980713,0.6659793814432989
3.6356189250946045,0.6666666666666666
3.646362543106079,0.6673539518900343
3.6515004634857178,0.668041237113402
3.6685545444488525,0.6687285223367697
3.66886830329895,0.6694158075601374
3.6806695461273193,0.6701030927835051
3.705195426940918,0.6707903780068728
3.733018398284912,0.6714776632302405
3.7513937950134277,0.6721649484536083
3.767977476119995,0.672852233676976
3.773869276046753,0.6735395189003437
3.7861948013305664,0.6742268041237114
3.8445308208465576,0.6749140893470791
3.852229118347168,0.6756013745704468
3.858228921890259,0.6762886597938145
3.871671676635742,0.6769759450171822
3.878319501876831,0.6776632302405499
3.8947272300720215,0.6783505154639176
3.8957340717315674,0.6790378006872853
3.8967952728271484,0.679725085910653
3.9616506099700928,0.6804123711340206
3.962712526321411,0.6810996563573883
3.9689273834228516,0.681786941580756
3.9848296642303467,0.6824742268041237
3.9873509407043457,0.6831615120274914
3.994130849838257,0.6838487972508591
3.9965527057647705,0.6845360824742268
4.003220558166504,0.6852233676975945
4.0263566970825195,0.6859106529209622
4.045604705810547,0.6865979381443299
4.111177444458008,0.6872852233676976
4.1458353996276855,0.6879725085910653
4.1472697257995605,0.688659793814433
4.149982929229736,0.6893470790378007
4.158925533294678,0.6900343642611684
4.1670637130737305,0.6907216494845361
4.2164306640625,0.6914089347079038
4.222494602203369,0.6920962199312715
4.255703449249268,0.6927835051546392
4.263669013977051,0.6934707903780069
4.2666916847229,0.6941580756013745
4.280247211456299,0.6948453608247422
4.284080505371094,0.6955326460481099
4.292430400848389,0.6962199312714776
4.301501274108887,0.6969072164948453
4.321218967437744,0.697594501718213
4.331756114959717,0.6982817869415807
4.334042549133301,0.6989690721649484
4.35094690322876,0.6996563573883161
4.352554798126221,0.7003436426116838
4.372877597808838,0.7010309278350515
4.391751766204834,0.7017182130584192
4.404967308044434,0.7024054982817869
4.4070916175842285,0.7030927835051546
4.412731647491455,0.7037800687285224
4.424716949462891,0.7044673539518901
4.440091133117676,0.7051546391752578
4.461044788360596,0.7058419243986255
4.4768266677856445,0.7065292096219932
4.480044364929199,0.7072164948453609
4.490257740020752,0.7079037800687286
4.507131576538086,0.7085910652920963
4.508153438568115,0.709278350515464
4.512268543243408,0.7099656357388316
4.521083831787109,0.7106529209621993
4.529069900512695,0.711340206185567
4.542264461517334,0.7120274914089347
4.5459370613098145,0.7127147766323024
4.556999683380127,0.7134020618556701
4.574506759643555,0.7140893470790378
4.577667713165283,0.7147766323024055
4.590648651123047,0.7154639175257732
4.592729568481445,0.7161512027491409
4.605911731719971,0.7168384879725086
4.6122212409973145,0.7175257731958763
4.617711067199707,0.718213058419244
4.650479793548584,0.7189003436426117
4.665657997131348,0.7195876288659794
4.66718053817749,0.7202749140893471
4.670852184295654,0.7209621993127148
4.679873943328857,0.7216494845360825
4.690733909606934,0.7223367697594502
4.691081523895264,0.7230240549828179
4.712866306304932,0.7237113402061855
4.715493679046631,0.7243986254295532
4.732626914978027,0.7250859106529209
4.747369766235352,0.7257731958762886
4.7522783279418945,0.7264604810996563
4.763453960418701,0.727147766323024
4.772067070007324,0.7278350515463917
4.782376766204834,0.7285223367697594
4.793327331542969,0.7292096219931271
4.831585884094238,0.7298969072164948
4.840099811553955,0.7305841924398625
4.840632438659668,0.7312714776632302
4.842656135559082,0.7319587628865979
4.846498012542725,0.7326460481099656
4.859332084655762,0.7333333333333333
4.867340087890625,0.734020618556701
4.870336532592773,0.7347079037800688
4.871295928955078,0.7353951890034365
4.879377365112305,0.7360824742268042
4.889470100402832,0.7367697594501719
4.899414539337158,0.7374570446735396
4.919593334197998,0.7381443298969073
4.928411483764648,0.738831615120275
4.931937217712402,0.7395189003436426
4.954783916473389,0.7402061855670103
4.995963096618652,0.740893470790378
4.9962053298950195,0.7415807560137457
5.175523281097412,0.7422680412371134
5.1959757804870605,0.7429553264604811
5.201192378997803,0.7436426116838488
5.207932472229004,0.7443298969072165
5.263861179351807,0.7450171821305842
5.267831325531006,0.7457044673539519
5.2815985679626465,0.7463917525773196
5.290621757507324,0.7470790378006873
5.3050007820129395,0.747766323024055
5.312271595001221,0.7484536082474227
5.325709819793701,0.7491408934707904
5.359745502471924,0.7498281786941581
5.364490509033203,0.7505154639175258
5.365756511688232,0.7512027491408935
5.380455017089844,0.7518900343642612
5.388895511627197,0.7525773195876289
5.396873474121094,0.7532646048109966
5.476093292236328,0.7539518900343642
5.493796348571777,0.7546391752577319
5.503276348114014,0.7553264604810996
5.518216609954834,0.7560137457044673
5.525076389312744,0.756701030927835
5.545290946960449,0.7573883161512027
5.549914836883545,0.7580756013745704
5.563462734222412,0.7587628865979381
5.621283054351807,0.7594501718213058
5.653006553649902,0.7601374570446735
5.6543073654174805,0.7608247422680412
5.663677215576172,0.7615120274914089
5.682134628295898,0.7621993127147766
5.6946845054626465,0.7628865979381443
5.700438022613525,0.763573883161512
5.765494346618652,0.7642611683848797
5.795443534851074,0.7649484536082474
5.799581527709961,0.7656357388316152
5.8113908767700195,0.7663230240549829
5.813794136047363,0.7670103092783506
5.818366050720215,0.7676975945017183
5.839824676513672,0.768384879725086
5.850939750671387,0.7690721649484537
5.881127834320068,0.7697594501718213
5.903014659881592,0.770446735395189
5.907223701477051,0.7711340206185567
5.907747745513916,0.7718213058419244
5.947725296020508,0.7725085910652921
5.9627180099487305,0.7731958762886598
6.003047466278076,0.7738831615120275
6.083067893981934,0.7745704467353952
6.1215500831604,0.7752577319587629
6.176685810089111,0.7759450171821306
6.199733257293701,0.7766323024054983
6.212327003479004,0.777319587628866
6.227168560028076,0.7780068728522337
6.248299598693848,0.7786941580756014
6.258915901184082,0.7793814432989691
6.271692276000977,0.7800687285223368
6.275158405303955,0.7807560137457045
6.339588642120361,0.7814432989690722
6.348019123077393,0.7821305841924399
6.3516154289245605,0.7828178694158076
6.362183570861816,0.7835051546391752
6.368836402893066,0.784192439862543
6.383917808532715,0.7848797250859106
6.387328624725342,0.7855670103092783
6.392980098724365,0.786254295532646
6.4251251220703125,0.7869415807560137
6.428173065185547,0.7876288659793814
6.466124057769775,0.7883161512027491
6.479983806610107,0.7890034364261168
6.48257303237915,0.7896907216494845
6.491478443145752,0.7903780068728522
6.501584053039551,0.7910652920962199
6.522913932800293,0.7917525773195876
6.534823417663574,0.7924398625429553
6.543592929840088,0.793127147766323
6.548595905303955,0.7938144329896907
6.548718452453613,0.7945017182130584
6.596267223358154,0.7951890034364261
6.604050159454346,0.7958762886597938
6.604917049407959,0.7965635738831615
6.632487773895264,0.7972508591065293
6.639741897583008,0.797938144329897
6.697413444519043,0.7986254295532647
6.744686126708984,0.7993127147766323
6.749570846557617,0.8
6.774956226348877,0.8006872852233677
6.789631366729736,0.8013745704467354
6.79680061340332,0.8020618556701031
6.831933498382568,0.8027491408934708
6.891905784606934,0.8034364261168385
6.89273738861084,0.8041237113402062
6.913766384124756,0.8048109965635739
6.939873218536377,0.8054982817869416
6.947019100189209,0.8061855670103093
6.960937023162842,0.806872852233677
7.017071723937988,0.8075601374570447
7.081938743591309,0.8082474226804124
7.168969631195068,0.8089347079037801
7.247941970825195,0.8096219931271478
7.332744121551514,0.8103092783505155
7.476809501647949,0.8109965635738832
7.550288200378418,0.8116838487972509
7.584034442901611,0.8123711340206186
7.591954231262207,0.8130584192439863
7.5971527099609375,0.813745704467354
7.606424331665039,0.8144329896907216
7.779066562652588,0.8151202749140893
7.820781230926514,0.815807560137457
7.823157787322998,0.8164948453608247
7.851973056793213,0.8171821305841924
7.852837562561035,0.8178694158075601
7.858272075653076,0.8185567010309278
7.9146342277526855,0.8192439862542955
7.930627346038818,0.8199312714776632
7.976386547088623,0.8206185567010309
7.98809289932251,0.8213058419243986
8.065322875976562,0.8219931271477663
8.084013938903809,0.822680412371134
8.153923988342285,0.8233676975945017
8.182780265808105,0.8240549828178694
8.229430198669434,0.8247422680412371
8.249842643737793,0.8254295532646048
8.295846939086914,0.8261168384879725
8.302715301513672,0.8268041237113402
8.313334465026855,0.8274914089347079
8.359495162963867,0.8281786941580757
8.369284629821777,0.8288659793814434
8.381012916564941,0.829553264604811
8.387860298156738,0.8302405498281787
8.426474571228027,0.8309278350515464
8.441581726074219,0.8316151202749141
8.452874183654785,0.8323024054982818
8.522603988647461,0.8329896907216495
8.5958833694458,0.8336769759450172
8.6137056350708,0.8343642611683849
8.669951438903809,0.8350515463917526
8.680487632751465,0.8357388316151203
8.741353988647461,0.836426116838488
8.809090614318848,0.8371134020618557
8.851338386535645,0.8378006872852234
9.085100173950195,0.8384879725085911
9.101397514343262,0.8391752577319588
9.102103233337402,0.8398625429553265
9.111592292785645,0.8405498281786942
9.198537826538086,0.8412371134020619
9.248908042907715,0.8419243986254296
9.335799217224121,0.8426116838487973
9.343332290649414,0.843298969072165
9.354000091552734,0.8439862542955326
9.378376960754395,0.8446735395189003
9.388448715209961,0.845360824742268
9.390974998474121,0.8460481099656357
9.416278839111328,0.8467353951890034
9.50217056274414,0.8474226804123711
9.520247459411621,0.8481099656357388
9.52029800415039,0.8487972508591065
9.537220001220703,0.8494845360824742
9.60600471496582,0.8501718213058419
9.620750427246094,0.8508591065292096
9.665820121765137,0.8515463917525773
9.691454887390137,0.852233676975945
9.715873718261719,0.8529209621993127
9.905366897583008,0.8536082474226804
9.915329933166504,0.8542955326460481
9.918590545654297,0.8549828178694158
9.932394981384277,0.8556701030927835
9.942578315734863,0.8563573883161512
9.973320007324219,0.8570446735395189
10.076912879943848,0.8577319587628865
10.215047836303711,0.8584192439862542
10.21672534942627,0.8591065292096219
10.297568321228027,0.8597938144329897
10.308794975280762,0.8604810996563574
10.39238166809082,0.8611683848797251
10.465664863586426,0.8618556701030928
10.486382484436035,0.8625429553264605
10.491189956665039,0.8632302405498282
10.63489055633545,0.8639175257731959
10.682271003723145,0.8646048109965636
10.736271858215332,0.8652920962199313
10.75413703918457,0.865979381443299
10.767071723937988,0.8666666666666667
10.771142959594727,0.8673539518900344
10.787842750549316,0.8680412371134021
10.82894515991211,0.8687285223367698
10.886038780212402,0.8694158075601375
10.893636703491211,0.8701030927835052
10.9055757522583,0.8707903780068729
10.922234535217285,0.8714776632302406
10.941662788391113,0.8721649484536083
10.978063583374023,0.872852233676976
11.03310775756836,0.8735395189003436
11.076069831848145,0.8742268041237113
11.196738243103027,0.874914089347079
11.239422798156738,0.8756013745704467
11.258899688720703,0.8762886597938144
11.285208702087402,0.8769759450171821
11.4254732131958,0.8776632302405498
11.47215747833252,0.8783505154639175
11.490631103515625,0.8790378006872852
11.510082244873047,0.8797250859106529
11.558412551879883,0.8804123711340206
11.607086181640625,0.8810996563573883
11.64657974243164,0.881786941580756
11.691575050354004,0.8824742268041237
11.834209442138672,0.8831615120274914
11.847468376159668,0.8838487972508591
11.874991416931152,0.8845360824742268
11.917804718017578,0.8852233676975945
11.918553352355957,0.8859106529209622
12.017866134643555,0.8865979381443299
12.144804954528809,0.8872852233676976
12.440117835998535,0.8879725085910652
12.795588493347168,0.8886597938144329
12.845579147338867,0.8893470790378006
12.921375274658203,0.8900343642611683
13.0470552444458,0.8907216494845361
13.286874771118164,0.8914089347079038
13.327177047729492,0.8920962199312715
13.631896018981934,0.8927835051546392
13.695734977722168,0.8934707903780069
13.715373039245605,0.8941580756013746
13.863317489624023,0.8948453608247423
13.90478801727295,0.89553264604811
13.949527740478516,0.8962199312714777
13.960262298583984,0.8969072164948454
13.961136817932129,0.8975945017182131
13.984701156616211,0.8982817869415808
13.986832618713379,0.8989690721649485
13.996593475341797,0.8996563573883162
14.025217056274414,0.9003436426116839
14.02536678314209,0.9010309278350516
14.12630558013916,0.9017182130584193
14.193928718566895,0.902405498281787
14.234564781188965,0.9030927835051547
14.317907333374023,0.9037800687285223
14.361196517944336,0.90446735395189
14.388483047485352,0.9051546391752577
14.3962984085083,0.9058419243986254
14.412276268005371,0.9065292096219931
14.504060745239258,0.9072164948453608
14.57638168334961,0.9079037800687285
14.592147827148438,0.9085910652920962
14.658560752868652,0.9092783505154639
14.738532066345215,0.9099656357388316
14.798824310302734,0.9106529209621993
15.217487335205078,0.911340206185567
15.30228042602539,0.9120274914089347
15.405437469482422,0.9127147766323024
15.456640243530273,0.9134020618556701
15.61355209350586,0.9140893470790378
15.643685340881348,0.9147766323024055
15.707779884338379,0.9154639175257732
15.736794471740723,0.9161512027491409
15.751240730285645,0.9168384879725086
15.834306716918945,0.9175257731958762
15.839303016662598,0.9182130584192439
16.037519454956055,0.9189003436426116
16.705379486083984,0.9195876288659793
16.855642318725586,0.920274914089347
16.891294479370117,0.9209621993127147
17.20311164855957,0.9216494845360824
17.32115364074707,0.9223367697594502
17.488998413085938,0.9230240549828179
17.606348037719727,0.9237113402061856
17.720783233642578,0.9243986254295533
17.75452423095703,0.925085910652921
18.081666946411133,0.9257731958762887
18.133892059326172,0.9264604810996564
18.145734786987305,0.9271477663230241
18.269420623779297,0.9278350515463918
18.470598220825195,0.9285223367697595
18.54222297668457,0.9292096219931272
18.91107749938965,0.9298969072164949
19.053924560546875,0.9305841924398626
19.08257484436035,0.9312714776632303
19.6434383392334,0.931958762886598
19.79969596862793,0.9326460481099657
19.842138290405273,0.9333333333333333
20.2636775970459,0.934020618556701
20.41945457458496,0.9347079037800687
20.569459915161133,0.9353951890034364
20.946413040161133,0.9360824742268041
20.977298736572266,0.9367697594501718
21.016679763793945,0.9374570446735395
21.067249298095703,0.9381443298969072
21.221519470214844,0.9388316151202749
21.313873291015625,0.9395189003436426
21.5731143951416,0.9402061855670103
22.147199630737305,0.940893470790378
22.280376434326172,0.9415807560137457
22.345401763916016,0.9422680412371134
22.81840705871582,0.9429553264604811
23.281591415405273,0.9436426116838488
23.481664657592773,0.9443298969072165
23.892892837524414,0.9450171821305842
23.97178077697754,0.9457044673539519
24.162063598632812,0.9463917525773196
24.794797897338867,0.9470790378006873
24.862075805664062,0.947766323024055
24.90520477294922,0.9484536082474226
25.94468116760254,0.9491408934707903
26.033679962158203,0.949828178694158
26.3438663482666,0.9505154639175257
26.36455535888672,0.9512027491408934
26.370277404785156,0.9518900343642611
26.376529693603516,0.9525773195876288
27.365036010742188,0.9532646048109966
27.442270278930664,0.9539518900343643
28.01617431640625,0.954639175257732
28.089841842651367,0.9553264604810997
28.105552673339844,0.9560137457044674
28.179582595825195,0.9567010309278351
28.194046020507812,0.9573883161512028
28.213117599487305,0.9580756013745705
28.24760627746582,0.9587628865979382
28.90497398376465,0.9594501718213059
29.383699417114258,0.9601374570446736
29.630386352539062,0.9608247422680413
29.960168838500977,0.961512027491409
31.979049682617188,0.9621993127147767
32.04729080200195,0.9628865979381444
32.2148323059082,0.963573883161512
33.03530502319336,0.9642611683848797
33.36833953857422,0.9649484536082474
33.57363510131836,0.9656357388316151
33.9466552734375,0.9663230240549828
34.10992431640625,0.9670103092783505
35.091636657714844,0.9676975945017182
36.80381393432617,0.9683848797250859
36.99459457397461,0.9690721649484536
37.00969696044922,0.9697594501718213
37.50334167480469,0.970446735395189
37.823020935058594,0.9711340206185567
38.05012893676758,0.9718213058419244
38.055904388427734,0.9725085910652921
38.30104446411133,0.9731958762886598
38.3531494140625,0.9738831615120275
39.010746002197266,0.9745704467353952
39.85642623901367,0.9752577319587629
39.86381530761719,0.9759450171821306
39.88011932373047,0.9766323024054983
40.290672302246094,0.977319587628866
40.67317199707031,0.9780068728522336
40.999149322509766,0.9786941580756013
41.2578125,0.979381443298969
42.030555725097656,0.9800687285223367
43.587615966796875,0.9807560137457044
44.07785415649414,0.9814432989690721
46.00702667236328,0.9821305841924398
48.53784942626953,0.9828178694158075
48.93570327758789,0.9835051546391752
50.50840377807617,0.9841924398625429
53.957645416259766,0.9848797250859107
56.42265319824219,0.9855670103092784
56.73466491699219,0.9862542955326461
63.34430694580078,0.9869415807560138
65.16386413574219,0.9876288659793815
66.2628402709961,0.9883161512027492
67.66943359375,0.9890034364261169
68.52559661865234,0.9896907216494846
74.50672912597656,0.9903780068728523
74.81681823730469,0.99106529209622
78.33390808105469,0.9917525773195877
80.58808135986328,0.9924398625429554
87.10786437988281,0.993127147766323
87.21507263183594,0.9938144329896907
93.5450668334961,0.9945017182130584
96.48460388183594,0.9951890034364261
100.20147705078125,0.9958762886597938
109.17396545410156,0.9965635738831615
115.7872314453125,0.9972508591065292
124.04655456542969,0.9979381443298969
143.36607360839844,0.9986254295532646
187.85157775878906,0.9993127147766323
379.5345764160156,1.0
