request_execution_plus_preemption_time_normalized,cdf
0.015599061734974384,0.0006872852233676976
0.015809575095772743,0.0013745704467353953
0.015846410766243935,0.002061855670103093
0.015942728146910667,0.0027491408934707906
0.015978435054421425,0.003436426116838488
0.016220221295952797,0.004123711340206186
0.016361650079488754,0.004810996563573883
0.016416411846876144,0.005498281786941581
0.01642177440226078,0.006185567010309278
0.01646312139928341,0.006872852233676976
0.0165772195905447,0.007560137457044674
0.01669204607605934,0.008247422680412371
0.01678563468158245,0.008934707903780068
0.01678701676428318,0.009621993127147767
0.017150048166513443,0.010309278350515464
0.017187656834721565,0.010996563573883162
0.017213886603713036,0.01168384879725086
0.01725122332572937,0.012371134020618556
0.0173729807138443,0.013058419243986255
0.017395414412021637,0.013745704467353952
0.017471957951784134,0.01443298969072165
0.017503423616290092,0.015120274914089347
0.01764643006026745,0.015807560137457044
0.017649684101343155,0.016494845360824743
0.017766304314136505,0.01718213058419244
0.017849737778306007,0.017869415807560136
0.017954349517822266,0.018556701030927835
0.018165763467550278,0.019243986254295534
0.018185773864388466,0.01993127147766323
0.018258675932884216,0.020618556701030927
0.018268540501594543,0.021305841924398626
0.018334366381168365,0.021993127147766325
0.0184109378606081,0.02268041237113402
0.01843927428126335,0.02336769759450172
0.018461614847183228,0.024054982817869417
0.018519453704357147,0.024742268041237112
0.01856476441025734,0.02542955326460481
0.01860775239765644,0.02611683848797251
0.018745174631476402,0.026804123711340205
0.018815666437149048,0.027491408934707903
0.018821656703948975,0.028178694158075602
0.018822602927684784,0.0288659793814433
0.018831154331564903,0.029553264604810996
0.018870223313570023,0.030240549828178694
0.018877990543842316,0.030927835051546393
0.018908092752099037,0.03161512027491409
0.01895054802298546,0.03230240549828179
0.018961066380143166,0.032989690721649485
0.01904280297458172,0.03367697594501718
0.01905665174126625,0.03436426116838488
0.01910410262644291,0.03505154639175258
0.019200408831238747,0.03573883161512027
0.019260743632912636,0.036426116838487975
0.019342545419931412,0.03711340206185567
0.01934668980538845,0.037800687285223365
0.019430140033364296,0.03848797250859107
0.019602488726377487,0.03917525773195876
0.0196383073925972,0.03986254295532646
0.019672637805342674,0.04054982817869416
0.019718362018465996,0.041237113402061855
0.019801059737801552,0.04192439862542955
0.019927170127630234,0.04261168384879725
0.019996419548988342,0.04329896907216495
0.02005770616233349,0.04398625429553265
0.020071014761924744,0.044673539518900345
0.020133117213845253,0.04536082474226804
0.020195214077830315,0.04604810996563574
0.020237760618329048,0.04673539518900344
0.02035171538591385,0.04742268041237113
0.020380211994051933,0.048109965635738834
0.020503513514995575,0.04879725085910653
0.020574957132339478,0.049484536082474224
0.020647211000323296,0.05017182130584193
0.020656833425164223,0.05085910652920962
0.020702151581645012,0.05154639175257732
0.020914098247885704,0.05223367697594502
0.021014511585235596,0.052920962199312714
0.021040547639131546,0.05360824742268041
0.02107464335858822,0.05429553264604811
0.021128902211785316,0.054982817869415807
0.02115662768483162,0.05567010309278351
0.021161003038287163,0.056357388316151204
0.021220507100224495,0.0570446735395189
0.0212399959564209,0.0577319587628866
0.02134624868631363,0.058419243986254296
0.021414702758193016,0.05910652920962199
0.021426580846309662,0.05979381443298969
0.021434307098388672,0.06048109965635739
0.021497225388884544,0.061168384879725084
0.021502120420336723,0.061855670103092786
0.02151767909526825,0.06254295532646048
0.02156931161880493,0.06323024054982818
0.021584659814834595,0.06391752577319587
0.02167748659849167,0.06460481099656358
0.02176281251013279,0.06529209621993128
0.02201577089726925,0.06597938144329897
0.02217181958258152,0.06666666666666667
0.022226203233003616,0.06735395189003436
0.022261381149291992,0.06804123711340206
0.02235260047018528,0.06872852233676977
0.02237137220799923,0.06941580756013746
0.022398820146918297,0.07010309278350516
0.022403927519917488,0.07079037800687285
0.02245332859456539,0.07147766323024055
0.022485001012682915,0.07216494845360824
0.02249951660633087,0.07285223367697595
0.0225080419331789,0.07353951890034365
0.02252407930791378,0.07422680412371134
0.02254572883248329,0.07491408934707904
0.022629693150520325,0.07560137457044673
0.02265230007469654,0.07628865979381444
0.022675439715385437,0.07697594501718213
0.02273765206336975,0.07766323024054983
0.022750508040189743,0.07835051546391752
0.022852353751659393,0.07903780068728522
0.02286510355770588,0.07972508591065292
0.02291397750377655,0.08041237113402062
0.022951938211917877,0.08109965635738832
0.02295624651014805,0.08178694158075601
0.023010890930891037,0.08247422680412371
0.023034514859318733,0.0831615120274914
0.023181943222880363,0.0838487972508591
0.023232778534293175,0.08453608247422681
0.0232527032494545,0.0852233676975945
0.023342804983258247,0.0859106529209622
0.023351749405264854,0.0865979381443299
0.02335929498076439,0.08728522336769759
0.02336646243929863,0.0879725085910653
0.023387731984257698,0.088659793814433
0.02339068427681923,0.08934707903780069
0.023426856845617294,0.09003436426116838
0.023438550531864166,0.09072164948453608
0.02344105765223503,0.09140893470790377
0.023698922246694565,0.09209621993127148
0.023838333785533905,0.09278350515463918
0.023881928995251656,0.09347079037800687
0.023915406316518784,0.09415807560137457
0.02411452867090702,0.09484536082474226
0.024130284786224365,0.09553264604810996
0.024157339707016945,0.09621993127147767
0.024187617003917694,0.09690721649484536
0.02424314245581627,0.09759450171821306
0.024500906467437744,0.09828178694158075
0.024597007781267166,0.09896907216494845
0.024640217423439026,0.09965635738831616
0.02469434030354023,0.10034364261168385
0.02474503219127655,0.10103092783505155
0.02475365623831749,0.10171821305841924
0.024754084646701813,0.10240549828178694
0.024781158193945885,0.10309278350515463
0.024822447448968887,0.10378006872852234
0.024863867089152336,0.10446735395189004
0.02487100660800934,0.10515463917525773
0.024904491379857063,0.10584192439862543
0.02492552623152733,0.10652920962199312
0.024937927722930908,0.10721649484536082
0.024952659383416176,0.10790378006872853
0.02496064268052578,0.10859106529209622
0.024974513798952103,0.10927835051546392
0.024989210069179535,0.10996563573883161
0.025023996829986572,0.11065292096219931
0.025061381980776787,0.11134020618556702
0.02507270872592926,0.11202749140893471
0.02508937381207943,0.11271477663230241
0.02518402226269245,0.1134020618556701
0.025184527039527893,0.1140893470790378
0.025202110409736633,0.11477663230240549
0.025208154693245888,0.1154639175257732
0.02523673139512539,0.1161512027491409
0.02532297745347023,0.11683848797250859
0.025415698066353798,0.11752577319587629
0.025690529495477676,0.11821305841924398
0.025836242362856865,0.11890034364261168
0.026176659390330315,0.11958762886597939
0.02620311826467514,0.12027491408934708
0.026264401152729988,0.12096219931271478
0.026267871260643005,0.12164948453608247
0.026316629722714424,0.12233676975945017
0.026318171992897987,0.12302405498281786
0.02636192925274372,0.12371134020618557
0.02640802040696144,0.12439862542955327
0.026421012356877327,0.12508591065292096
0.02643420733511448,0.12577319587628866
0.026508232578635216,0.12646048109965635
0.0265269223600626,0.12714776632302405
0.026537004858255386,0.12783505154639174
0.026538651436567307,0.12852233676975944
0.026548825204372406,0.12920962199312716
0.026567136868834496,0.12989690721649486
0.026581788435578346,0.13058419243986255
0.02671046182513237,0.13127147766323025
0.026808859780430794,0.13195876288659794
0.026918986812233925,0.13264604810996564
0.026923036202788353,0.13333333333333333
0.026928547769784927,0.13402061855670103
0.02694135159254074,0.13470790378006872
0.026943791657686234,0.13539518900343642
0.027103155851364136,0.1360824742268041
0.027147961780428886,0.13676975945017184
0.02720833010971546,0.13745704467353953
0.027235720306634903,0.13814432989690723
0.02730127051472664,0.13883161512027492
0.02734924852848053,0.13951890034364262
0.02744361199438572,0.1402061855670103
0.027528949081897736,0.140893470790378
0.027550680562853813,0.1415807560137457
0.027560969814658165,0.1422680412371134
0.027568204328417778,0.1429553264604811
0.027646267786622047,0.1436426116838488
0.02769373171031475,0.14432989690721648
0.027706708759069443,0.1450171821305842
0.027706818655133247,0.1457044673539519
0.027770403772592545,0.1463917525773196
0.027940785512328148,0.1470790378006873
0.02794879674911499,0.14776632302405499
0.027951035648584366,0.14845360824742268
0.027986355125904083,0.14914089347079038
0.02805723436176777,0.14982817869415807
0.02816043049097061,0.15051546391752577
0.028280869126319885,0.15120274914089346
0.028311213478446007,0.15189003436426116
0.02832447737455368,0.15257731958762888
0.028452396392822266,0.15326460481099657
0.028529928997159004,0.15395189003436427
0.02860477939248085,0.15463917525773196
0.028828538954257965,0.15532646048109966
0.02886073663830757,0.15601374570446735
0.028955427929759026,0.15670103092783505
0.028960635885596275,0.15738831615120275
0.028961798176169395,0.15807560137457044
0.02897629328072071,0.15876288659793814
0.029039645567536354,0.15945017182130583
0.029052836820483208,0.16013745704467353
0.029118288308382034,0.16082474226804125
0.02915870025753975,0.16151202749140894
0.029162945225834846,0.16219931271477664
0.029184341430664062,0.16288659793814433
0.029315533116459846,0.16357388316151203
0.029330486431717873,0.16426116838487972
0.02936839871108532,0.16494845360824742
0.02937178686261177,0.16563573883161511
0.02940106764435768,0.1663230240549828
0.029407242313027382,0.1670103092783505
0.029477713629603386,0.1676975945017182
0.029617078602313995,0.16838487972508592
0.029885103926062584,0.16907216494845362
0.029925214126706123,0.1697594501718213
0.02997025102376938,0.170446735395189
0.030115989968180656,0.1711340206185567
0.03015199676156044,0.1718213058419244
0.03016391023993492,0.1725085910652921
0.030181359499692917,0.1731958762886598
0.030184827744960785,0.17388316151202748
0.03018864057958126,0.17457044673539518
0.03029298409819603,0.17525773195876287
0.030325179919600487,0.1759450171821306
0.030326256528496742,0.1766323024054983
0.03033527545630932,0.177319587628866
0.030425161123275757,0.17800687285223368
0.030450578778982162,0.17869415807560138
0.030652927234768867,0.17938144329896907
0.03066769242286682,0.18006872852233677
0.030860239639878273,0.18075601374570446
0.030965229496359825,0.18144329896907216
0.030980505049228668,0.18213058419243985
0.031006263568997383,0.18281786941580755
0.031215272843837738,0.18350515463917524
0.031335800886154175,0.18419243986254297
0.031363099813461304,0.18487972508591066
0.03146149218082428,0.18556701030927836
0.03147263452410698,0.18625429553264605
0.0320468470454216,0.18694158075601375
0.032199859619140625,0.18762886597938144
0.0323161818087101,0.18831615120274914
0.032389070838689804,0.18900343642611683
0.03240276873111725,0.18969072164948453
0.032482635229825974,0.19037800687285222
0.032669730484485626,0.19106529209621992
0.03267894685268402,0.19175257731958764
0.03268304094672203,0.19243986254295534
0.03298385813832283,0.19312714776632303
0.033010102808475494,0.19381443298969073
0.03317103162407875,0.19450171821305842
0.0331914909183979,0.19518900343642612
0.033269643783569336,0.1958762886597938
0.033272430300712585,0.1965635738831615
0.03342273831367493,0.1972508591065292
0.03378111124038696,0.1979381443298969
0.033840782940387726,0.1986254295532646
0.03404019773006439,0.19931271477663232
0.03448875620961189,0.2
0.03501417860388756,0.2006872852233677
0.035061065107584,0.2013745704467354
0.03516276553273201,0.2020618556701031
0.0353604257106781,0.2027491408934708
0.03544666990637779,0.2034364261168385
0.03556938096880913,0.20412371134020618
0.035786181688308716,0.20481099656357388
0.03586246818304062,0.20549828178694157
0.03588461875915527,0.20618556701030927
0.03592721000313759,0.20687285223367696
0.03600628674030304,0.20756013745704469
0.036017969250679016,0.20824742268041238
0.03700513765215874,0.20893470790378008
0.037231262773275375,0.20962199312714777
0.03727274388074875,0.21030927835051547
0.037427932024002075,0.21099656357388316
0.03761408105492592,0.21168384879725086
0.03766922280192375,0.21237113402061855
0.037815745919942856,0.21305841924398625
0.037875816226005554,0.21374570446735394
0.038489826023578644,0.21443298969072164
0.038501396775245667,0.21512027491408936
0.03852465748786926,0.21580756013745706
0.038753099739551544,0.21649484536082475
0.03875870257616043,0.21718213058419245
0.038821134716272354,0.21786941580756014
0.03918372839689255,0.21855670103092784
0.03991727530956268,0.21924398625429553
0.04074558615684509,0.21993127147766323
0.040749531239271164,0.22061855670103092
0.040832988917827606,0.22130584192439862
0.04169483482837677,0.2219931271477663
0.04181959852576256,0.22268041237113403
0.04205004498362541,0.22336769759450173
0.042163848876953125,0.22405498281786942
0.04217085987329483,0.22474226804123712
0.04232201725244522,0.22542955326460482
0.04241108149290085,0.2261168384879725
0.042416203767061234,0.2268041237113402
0.043391622602939606,0.2274914089347079
0.0437026284635067,0.2281786941580756
0.04420926421880722,0.2288659793814433
0.04426681995391846,0.22955326460481099
0.04432611167430878,0.23024054982817868
0.04435650631785393,0.2309278350515464
0.04463236778974533,0.2316151202749141
0.044756364077329636,0.2323024054982818
0.04478996992111206,0.2329896907216495
0.045084889978170395,0.23367697594501718
0.04526066780090332,0.23436426116838488
0.04563111811876297,0.23505154639175257
0.045978792011737823,0.23573883161512027
0.0461367592215538,0.23642611683848797
0.04627745598554611,0.23711340206185566
0.046423833817243576,0.23780068728522336
0.046893902122974396,0.23848797250859108
0.04693766310811043,0.23917525773195877
0.04702957719564438,0.23986254295532647
0.047059882432222366,0.24054982817869416
0.047351378947496414,0.24123711340206186
0.047437507659196854,0.24192439862542955
0.047544214874506,0.24261168384879725
0.047732848674058914,0.24329896907216494
0.04786955192685127,0.24398625429553264
0.048003435134887695,0.24467353951890033
0.04858202487230301,0.24536082474226803
0.04889921471476555,0.24604810996563573
0.04891207441687584,0.24673539518900345
0.04924663156270981,0.24742268041237114
0.04934458062052727,0.24810996563573884
0.049383871257305145,0.24879725085910653
0.049434322863817215,0.24948453608247423
0.049618594348430634,0.2501718213058419
0.04964487999677658,0.2508591065292096
0.04965366795659065,0.2515463917525773
0.0502895712852478,0.252233676975945
0.050410013645887375,0.2529209621993127
0.05077263340353966,0.2536082474226804
0.05091393366456032,0.2542955326460481
0.05125300586223602,0.2549828178694158
0.05126063525676727,0.2556701030927835
0.05129067227244377,0.2563573883161512
0.05135444924235344,0.2570446735395189
0.05143051967024803,0.25773195876288657
0.051558107137680054,0.2584192439862543
0.05160778760910034,0.259106529209622
0.05195491015911102,0.2597938144329897
0.0523519441485405,0.2604810996563574
0.053448084741830826,0.2611683848797251
0.05393031984567642,0.2618556701030928
0.05476203188300133,0.2625429553264605
0.05483733117580414,0.2632302405498282
0.05488308146595955,0.2639175257731959
0.05518162250518799,0.2646048109965636
0.055339615792036057,0.2652920962199313
0.05583769455552101,0.26597938144329897
0.05611993372440338,0.26666666666666666
0.05628113076090813,0.26735395189003436
0.05660643428564072,0.26804123711340205
0.05667572841048241,0.26872852233676975
0.056883733719587326,0.26941580756013744
0.05741197243332863,0.27010309278350514
0.05756637826561928,0.27079037800687283
0.05783358961343765,0.27147766323024053
0.05787315592169762,0.2721649484536082
0.05794437602162361,0.2728522336769759
0.05809152498841286,0.27353951890034367
0.05816231667995453,0.27422680412371137
0.058162327855825424,0.27491408934707906
0.05819079652428627,0.27560137457044676
0.05831766128540039,0.27628865979381445
0.058624017983675,0.27697594501718215
0.05876249447464943,0.27766323024054984
0.05898392200469971,0.27835051546391754
0.05899985879659653,0.27903780068728523
0.059177644550800323,0.2797250859106529
0.05946676433086395,0.2804123711340206
0.05965641513466835,0.2810996563573883
0.059705644845962524,0.281786941580756
0.05976751819252968,0.2824742268041237
0.05980679765343666,0.2831615120274914
0.059884604066610336,0.2838487972508591
0.0599081926047802,0.2845360824742268
0.05992075428366661,0.2852233676975945
0.059989891946315765,0.2859106529209622
0.060053423047065735,0.2865979381443299
0.06014805659651756,0.2872852233676976
0.060281090438365936,0.28797250859106527
0.06055791303515434,0.28865979381443296
0.060698989778757095,0.2893470790378007
0.06073901057243347,0.2900343642611684
0.06083347275853157,0.2907216494845361
0.060939595103263855,0.2914089347079038
0.06100166216492653,0.2920962199312715
0.06100187450647354,0.2927835051546392
0.061134397983551025,0.2934707903780069
0.06117946282029152,0.2941580756013746
0.06130044907331467,0.2948453608247423
0.061375536024570465,0.29553264604810997
0.06143413111567497,0.29621993127147767
0.06146179512143135,0.29690721649484536
0.06154179573059082,0.29759450171821306
0.0615779310464859,0.29828178694158075
0.061584196984767914,0.29896907216494845
0.06160721555352211,0.29965635738831614
0.06188655644655228,0.30034364261168384
0.06190027669072151,0.30103092783505153
0.061907246708869934,0.3017182130584192
0.06190798431634903,0.3024054982817869
0.061917584389448166,0.3030927835051546
0.06200239434838295,0.3037800687285223
0.06202206388115883,0.30446735395189
0.06208484619855881,0.30515463917525776
0.06219128891825676,0.30584192439862545
0.06224880367517471,0.30652920962199315
0.0622592531144619,0.30721649484536084
0.06231887266039848,0.30790378006872854
0.062325917184352875,0.30859106529209623
0.06233184412121773,0.30927835051546393
0.06233525276184082,0.3099656357388316
0.062395110726356506,0.3106529209621993
0.06239936873316765,0.311340206185567
0.06248700991272926,0.3120274914089347
0.062491971999406815,0.3127147766323024
0.0625053197145462,0.3134020618556701
0.06258613616228104,0.3140893470790378
0.06263840198516846,0.3147766323024055
0.0626467689871788,0.3154639175257732
0.06270449608564377,0.3161512027491409
0.06272157281637192,0.3168384879725086
0.06276416033506393,0.31752577319587627
0.06278206408023834,0.31821305841924397
0.06279268860816956,0.31890034364261166
0.0628528743982315,0.31958762886597936
0.06293165683746338,0.32027491408934705
0.06293753534555435,0.3209621993127148
0.06294377893209457,0.3216494845360825
0.06294441968202591,0.3223367697594502
0.06299147009849548,0.3230240549828179
0.0630035251379013,0.3237113402061856
0.06301834434270859,0.3243986254295533
0.06303573399782181,0.325085910652921
0.06303602457046509,0.32577319587628867
0.06306222826242447,0.32646048109965636
0.06307215243577957,0.32714776632302406
0.06309381872415543,0.32783505154639175
0.06309953331947327,0.32852233676975945
0.0631217285990715,0.32920962199312714
0.06315644085407257,0.32989690721649484
0.0631851851940155,0.33058419243986253
0.06320877373218536,0.33127147766323023
0.06322439759969711,0.3319587628865979
0.06323554366827011,0.3326460481099656
0.06325466185808182,0.3333333333333333
0.0632978156208992,0.334020618556701
0.06332336366176605,0.3347079037800687
0.06333911418914795,0.3353951890034364
0.06334780901670456,0.33608247422680415
0.06339874863624573,0.33676975945017185
0.06342653930187225,0.33745704467353954
0.0634654313325882,0.33814432989690724
0.06352382153272629,0.33883161512027493
0.06353867053985596,0.3395189003436426
0.06355448812246323,0.3402061855670103
0.06362982839345932,0.340893470790378
0.06363751739263535,0.3415807560137457
0.06364094465970993,0.3422680412371134
0.06365625560283661,0.3429553264604811
0.06366420537233353,0.3436426116838488
0.06370679289102554,0.3443298969072165
0.0637943297624588,0.3450171821305842
0.06380198895931244,0.3457044673539519
0.06386067718267441,0.3463917525773196
0.06395761668682098,0.3470790378006873
0.06399306654930115,0.34776632302405497
0.06399410218000412,0.34845360824742266
0.06402312964200974,0.34914089347079036
0.06406088173389435,0.34982817869415805
0.06408778578042984,0.35051546391752575
0.06412453204393387,0.35120274914089344
0.06412865966558456,0.3518900343642612
0.06413214653730392,0.3525773195876289
0.06417137384414673,0.3532646048109966
0.06420277804136276,0.3539518900343643
0.06424429267644882,0.354639175257732
0.06425724178552628,0.35532646048109967
0.06426026672124863,0.35601374570446737
0.06429438292980194,0.35670103092783506
0.06432768702507019,0.35738831615120276
0.0643356665968895,0.35807560137457045
0.06433713436126709,0.35876288659793815
0.06434104591608047,0.35945017182130584
0.0643564835190773,0.36013745704467354
0.06439582258462906,0.36082474226804123
0.06440455466508865,0.3615120274914089
0.06441345810890198,0.3621993127147766
0.06441929936408997,0.3628865979381443
0.06442785263061523,0.363573883161512
0.06447003036737442,0.3642611683848797
0.06447264552116394,0.3649484536082474
0.06449718028306961,0.3656357388316151
0.06450781971216202,0.3663230240549828
0.064534492790699,0.3670103092783505
0.06454064697027206,0.36769759450171824
0.06454098224639893,0.36838487972508593
0.06454503536224365,0.36907216494845363
0.06462731957435608,0.3697594501718213
0.06471646577119827,0.370446735395189
0.06472492963075638,0.3711340206185567
0.06473221629858017,0.3718213058419244
0.06477869302034378,0.3725085910652921
0.06478241086006165,0.3731958762886598
0.06479920446872711,0.3738831615120275
0.06480444967746735,0.3745704467353952
0.0648425817489624,0.3752577319587629
0.06487684696912766,0.3759450171821306
0.06487777829170227,0.3766323024054983
0.06487882137298584,0.37731958762886597
0.06489058583974838,0.37800687285223367
0.06490854918956757,0.37869415807560136
0.0649120956659317,0.37938144329896906
0.06493105739355087,0.38006872852233675
0.06494449079036713,0.38075601374570445
0.06495212763547897,0.38144329896907214
0.06495276838541031,0.38213058419243984
0.06503597646951675,0.3828178694158076
0.06504683941602707,0.3835051546391753
0.06504856795072556,0.384192439862543
0.06504982709884644,0.3848797250859107
0.06505557149648666,0.38556701030927837
0.06505614519119263,0.38625429553264606
0.06507103890180588,0.38694158075601376
0.06509431451559067,0.38762886597938145
0.06513739377260208,0.38831615120274915
0.06518139690160751,0.38900343642611684
0.0651860386133194,0.38969072164948454
0.06519252806901932,0.39037800687285223
0.06520070880651474,0.39106529209621993
0.06520232558250427,0.3917525773195876
0.06520471721887589,0.3924398625429553
0.06521274149417877,0.393127147766323
0.0652146115899086,0.3938144329896907
0.06521996855735779,0.3945017182130584
0.06522205471992493,0.3951890034364261
0.06523998826742172,0.3958762886597938
0.06526339799165726,0.3965635738831615
0.06528067588806152,0.3972508591065292
0.0652865618467331,0.3979381443298969
0.06528904289007187,0.39862542955326463
0.06530250608921051,0.3993127147766323
0.06532685458660126,0.4
0.06532967835664749,0.4006872852233677
0.06538179516792297,0.4013745704467354
0.06543805450201035,0.4020618556701031
0.06548597663640976,0.4027491408934708
0.0655132606625557,0.4034364261168385
0.06552407145500183,0.4041237113402062
0.06553138047456741,0.4048109965635739
0.06554266065359116,0.4054982817869416
0.06554339826107025,0.4061855670103093
0.06554834544658661,0.406872852233677
0.06555462628602982,0.40756013745704467
0.0655551478266716,0.40824742268041236
0.06555851548910141,0.40893470790378006
0.06556446850299835,0.40962199312714775
0.065565325319767,0.41030927835051545
0.06557708978652954,0.41099656357388314
0.06559671461582184,0.41168384879725084
0.06560111045837402,0.41237113402061853
0.06560185551643372,0.41305841924398623
0.06561021506786346,0.4137457044673539
0.0656239241361618,0.4144329896907217
0.06562841683626175,0.41512027491408937
0.06562989205121994,0.41580756013745707
0.06563352793455124,0.41649484536082476
0.06565048545598984,0.41718213058419246
0.06566780805587769,0.41786941580756015
0.06567154079675674,0.41855670103092785
0.06570834666490555,0.41924398625429554
0.06570930778980255,0.41993127147766324
0.06574156135320663,0.42061855670103093
0.06575777381658554,0.4213058419243986
0.06576069444417953,0.4219931271477663
0.065782830119133,0.422680412371134
0.06578671932220459,0.4233676975945017
0.06579355895519257,0.4240549828178694
0.06580104678869247,0.4247422680412371
0.06581497937440872,0.4254295532646048
0.06581612676382065,0.4261168384879725
0.0658392533659935,0.4268041237113402
0.06584280729293823,0.4274914089347079
0.06584575027227402,0.4281786941580756
0.06586987525224686,0.4288659793814433
0.06589889526367188,0.42955326460481097
0.06590563803911209,0.4302405498281787
0.06591444462537766,0.4309278350515464
0.065916508436203,0.4316151202749141
0.06592217087745667,0.4323024054982818
0.06592442840337753,0.4329896907216495
0.06594730168581009,0.4336769759450172
0.06595805287361145,0.4343642611683849
0.06597830355167389,0.4350515463917526
0.06598395109176636,0.4357388316151203
0.06598787009716034,0.436426116838488
0.06599537283182144,0.43711340206185567
0.06599638611078262,0.43780068728522337
0.06603844463825226,0.43848797250859106
0.06605307012796402,0.43917525773195876
0.06607858836650848,0.43986254295532645
0.06607918441295624,0.44054982817869415
0.06608525663614273,0.44123711340206184
0.0660971850156784,0.44192439862542954
0.06610612571239471,0.44261168384879723
0.06611274182796478,0.44329896907216493
0.06612028926610947,0.4439862542955326
0.06612252444028854,0.4446735395189003
0.0661272406578064,0.44536082474226807
0.06616701930761337,0.44604810996563576
0.06617344915866852,0.44673539518900346
0.06617902219295502,0.44742268041237115
0.06618963181972504,0.44810996563573885
0.06619180738925934,0.44879725085910654
0.0662003606557846,0.44948453608247424
0.06620097905397415,0.45017182130584193
0.06620145589113235,0.45085910652920963
0.06620168685913086,0.4515463917525773
0.06620170176029205,0.452233676975945
0.0662112906575203,0.4529209621993127
0.06624136120080948,0.4536082474226804
0.06624141335487366,0.4542955326460481
0.06624395400285721,0.4549828178694158
0.06625562161207199,0.4556701030927835
0.06625663489103317,0.4563573883161512
0.06625845283269882,0.4570446735395189
0.0662611648440361,0.4577319587628866
0.06628896296024323,0.4584192439862543
0.0662972703576088,0.45910652920962197
0.06630115956068039,0.45979381443298967
0.06631659716367722,0.46048109965635736
0.06632304191589355,0.4611683848797251
0.06634608656167984,0.4618556701030928
0.06636445969343185,0.4625429553264605
0.06637102365493774,0.4632302405498282
0.06637939810752869,0.4639175257731959
0.06638205796480179,0.4646048109965636
0.06638754904270172,0.4652920962199313
0.06639116257429123,0.465979381443299
0.06639803200960159,0.4666666666666667
0.06641403585672379,0.46735395189003437
0.06642709672451019,0.46804123711340206
0.06643147021532059,0.46872852233676976
0.06643866747617722,0.46941580756013745
0.06643923372030258,0.47010309278350515
0.06645810604095459,0.47079037800687284
0.06646057218313217,0.47147766323024054
0.06646866351366043,0.47216494845360824
0.06647879630327225,0.47285223367697593
0.06648944318294525,0.4735395189003436
0.06649015098810196,0.4742268041237113
0.06649854779243469,0.474914089347079
0.06649945676326752,0.4756013745704467
0.06650032103061676,0.4762886597938144
0.06650341302156448,0.47697594501718216
0.066508449614048,0.47766323024054985
0.06652757525444031,0.47835051546391755
0.06653622537851334,0.47903780068728524
0.06654242426156998,0.47972508591065294
0.06655498594045639,0.48041237113402063
0.0665755420923233,0.48109965635738833
0.06658139824867249,0.481786941580756
0.0665922462940216,0.4824742268041237
0.06659850478172302,0.4831615120274914
0.06660014390945435,0.4838487972508591
0.06661098450422287,0.4845360824742268
0.06661535054445267,0.4852233676975945
0.06661723554134369,0.4859106529209622
0.06666770577430725,0.4865979381443299
0.06666964292526245,0.4872852233676976
0.066672183573246,0.4879725085910653
0.06667689234018326,0.488659793814433
0.06667902320623398,0.48934707903780067
0.06670806556940079,0.49003436426116836
0.06672435998916626,0.49072164948453606
0.06672892719507217,0.49140893470790376
0.06673562526702881,0.49209621993127145
0.06674974411725998,0.4927835051546392
0.06675656884908676,0.4934707903780069
0.0667617917060852,0.4941580756013746
0.06676239520311356,0.4948453608247423
0.06676611304283142,0.49553264604811
0.06676659733057022,0.4962199312714777
0.06676744669675827,0.49690721649484537
0.06676913797855377,0.49759450171821307
0.0667744055390358,0.49828178694158076
0.06678064167499542,0.49896907216494846
0.06682396680116653,0.49965635738831615
0.06685242056846619,0.5003436426116838
0.06685275584459305,0.5010309278350515
0.06685929000377655,0.5017182130584192
0.06686411798000336,0.5024054982817869
0.0668787881731987,0.5030927835051546
0.06688689440488815,0.5037800687285223
0.06690051406621933,0.50446735395189
0.06690175831317902,0.5051546391752577
0.06690990179777145,0.5058419243986254
0.066931813955307,0.5065292096219931
0.06694083660840988,0.5072164948453608
0.0669696107506752,0.5079037800687285
0.06697399169206619,0.5085910652920962
0.06697904318571091,0.5092783505154639
0.0669919103384018,0.5099656357388316
0.0669969916343689,0.5106529209621993
0.06700804829597473,0.511340206185567
0.06702963262796402,0.5120274914089347
0.06704235821962357,0.5127147766323024
0.06704564392566681,0.51340206185567
0.06704637408256531,0.5140893470790378
0.06705188006162643,0.5147766323024054
0.06707924604415894,0.5154639175257731
0.06707992404699326,0.516151202749141
0.06709212809801102,0.5168384879725086
0.06709311902523041,0.5175257731958763
0.06711261719465256,0.518213058419244
0.06713896989822388,0.5189003436426117
0.06714443862438202,0.5195876288659794
0.0671553686261177,0.5202749140893471
0.06716801226139069,0.5209621993127148
0.06718454509973526,0.5216494845360825
0.06718858331441879,0.5223367697594502
0.0671929344534874,0.5230240549828179
0.06720179319381714,0.5237113402061856
0.06722179055213928,0.5243986254295533
0.06722475588321686,0.525085910652921
0.06723646819591522,0.5257731958762887
0.06724430620670319,0.5264604810996564
0.06724683940410614,0.5271477663230241
0.06725180149078369,0.5278350515463918
0.06725431978702545,0.5285223367697595
0.06725559383630753,0.5292096219931272
0.067270927131176,0.5298969072164949
0.06727451831102371,0.5305841924398625
0.0672832727432251,0.5312714776632302
0.06729545444250107,0.5319587628865979
0.06730246543884277,0.5326460481099656
0.06733491271734238,0.5333333333333333
0.06734975427389145,0.534020618556701
0.06735459715127945,0.5347079037800687
0.06735746562480927,0.5353951890034364
0.06736229360103607,0.5360824742268041
0.06737734377384186,0.5367697594501718
0.06738374382257462,0.5374570446735395
0.06741434335708618,0.5381443298969072
0.06741780787706375,0.5388316151202749
0.06741908937692642,0.5395189003436426
0.0674208253622055,0.5402061855670103
0.06745020300149918,0.540893470790378
0.0674583688378334,0.5415807560137457
0.06746324151754379,0.5422680412371134
0.06746643781661987,0.5429553264604811
0.0674675777554512,0.5436426116838488
0.06746885180473328,0.5443298969072164
0.06747015565633774,0.5450171821305841
0.06748239696025848,0.5457044673539518
0.06748292595148087,0.5463917525773195
0.0675044059753418,0.5470790378006873
0.06751138716936111,0.547766323024055
0.06751494109630585,0.5484536082474227
0.06751494854688644,0.5491408934707904
0.06752341985702515,0.5498281786941581
0.06752794981002808,0.5505154639175258
0.0675416812300682,0.5512027491408935
0.06754384934902191,0.5518900343642612
0.06755157560110092,0.5525773195876289
0.06755450367927551,0.5532646048109966
0.06755778938531876,0.5539518900343643
0.06756194680929184,0.554639175257732
0.06756556779146194,0.5553264604810997
0.06757346540689468,0.5560137457044674
0.06757570803165436,0.5567010309278351
0.0675806775689125,0.5573883161512028
0.06758303940296173,0.5580756013745705
0.06758459657430649,0.5587628865979382
0.06760341674089432,0.5594501718213059
0.06760948896408081,0.5601374570446735
0.06761334836483002,0.5608247422680412
0.06761523336172104,0.5615120274914089
0.06761813908815384,0.5621993127147766
0.0676211416721344,0.5628865979381443
0.06762325018644333,0.563573883161512
0.06763383001089096,0.5642611683848797
0.06763752549886703,0.5649484536082474
0.06763960421085358,0.5656357388316151
0.06769033521413803,0.5663230240549828
0.0676921084523201,0.5670103092783505
0.06769384443759918,0.5676975945017182
0.06769522279500961,0.5683848797250859
0.06770242005586624,0.5690721649484536
0.06772085279226303,0.5697594501718213
0.06772202998399734,0.570446735395189
0.0677255317568779,0.5711340206185567
0.06774507462978363,0.5718213058419244
0.06775514781475067,0.5725085910652921
0.06775689870119095,0.5731958762886598
0.06777404993772507,0.5738831615120275
0.06777539104223251,0.5745704467353951
0.06779130548238754,0.5752577319587628
0.06779468804597855,0.5759450171821305
0.0678020492196083,0.5766323024054982
0.06780249625444412,0.5773195876288659
0.06781361252069473,0.5780068728522336
0.06781692802906036,0.5786941580756014
0.06781812012195587,0.5793814432989691
0.06781966239213943,0.5800687285223368
0.06782301515340805,0.5807560137457045
0.06782322376966476,0.5814432989690722
0.06782450526952744,0.5821305841924399
0.06783106178045273,0.5828178694158076
0.0678313672542572,0.5835051546391753
0.0678408294916153,0.584192439862543
0.06784582883119583,0.5848797250859107
0.06784722208976746,0.5855670103092784
0.06787443161010742,0.5862542955326461
0.06787766516208649,0.5869415807560138
0.06787784397602081,0.5876288659793815
0.0678853988647461,0.5883161512027492
0.06789423525333405,0.5890034364261169
0.06789442151784897,0.5896907216494846
0.06789719313383102,0.5903780068728522
0.06789975613355637,0.5910652920962199
0.06790142506361008,0.5917525773195876
0.06790292263031006,0.5924398625429553
0.06790488958358765,0.593127147766323
0.0679139494895935,0.5938144329896907
0.06791635602712631,0.5945017182130584
0.06792188435792923,0.5951890034364261
0.06792941689491272,0.5958762886597938
0.06794054806232452,0.5965635738831615
0.0679628998041153,0.5972508591065292
0.0679684728384018,0.5979381443298969
0.06797154247760773,0.5986254295532646
0.06798230856657028,0.5993127147766323
0.06799113005399704,0.6
0.06799734383821487,0.6006872852233677
0.06799770146608353,0.6013745704467354
0.06799882650375366,0.6020618556701031
0.068000927567482,0.6027491408934708
0.06800438463687897,0.6034364261168385
0.06800710409879684,0.6041237113402061
0.06801734864711761,0.6048109965635738
0.06802228093147278,0.6054982817869415
0.06802432239055634,0.6061855670103092
0.06802821904420853,0.6068728522336769
0.06803102791309357,0.6075601374570446
0.06803169846534729,0.6082474226804123
0.06804479658603668,0.60893470790378
0.06804770976305008,0.6096219931271478
0.0680488795042038,0.6103092783505155
0.06805384159088135,0.6109965635738832
0.06806515902280807,0.6116838487972509
0.0680728480219841,0.6123711340206186
0.06807499378919601,0.6130584192439863
0.06807878613471985,0.613745704467354
0.06807968020439148,0.6144329896907217
0.06808062642812729,0.6151202749140894
0.06808438897132874,0.6158075601374571
0.06808795034885406,0.6164948453608248
0.06809283047914505,0.6171821305841925
0.06810098886489868,0.6178694158075602
0.06810294091701508,0.6185567010309279
0.06813361495733261,0.6192439862542956
0.06816192716360092,0.6199312714776632
0.06816767156124115,0.6206185567010309
0.0681714117527008,0.6213058419243986
0.06817658245563507,0.6219931271477663
0.06817732751369476,0.622680412371134
0.0681847408413887,0.6233676975945017
0.06820110231637955,0.6240549828178694
0.06821613758802414,0.6247422680412371
0.06822022050619125,0.6254295532646048
0.06823565810918808,0.6261168384879725
0.06823674589395523,0.6268041237113402
0.0682576447725296,0.6274914089347079
0.0682772845029831,0.6281786941580756
0.06829007714986801,0.6288659793814433
0.06829528510570526,0.629553264604811
0.06832283735275269,0.6302405498281787
0.06832502782344818,0.6309278350515464
0.06833462417125702,0.6316151202749141
0.06833504885435104,0.6323024054982818
0.06835681200027466,0.6329896907216495
0.06837429851293564,0.6336769759450172
0.0684000626206398,0.6343642611683848
0.06840724498033524,0.6350515463917525
0.06840767711400986,0.6357388316151202
0.06841516494750977,0.6364261168384879
0.06841662526130676,0.6371134020618556
0.06842448562383652,0.6378006872852233
0.068440280854702,0.638487972508591
0.0684468150138855,0.6391752577319587
0.06845230609178543,0.6398625429553264
0.0684603750705719,0.6405498281786941
0.06846427172422409,0.6412371134020619
0.06847753375768661,0.6419243986254296
0.06848390400409698,0.6426116838487973
0.06848620623350143,0.643298969072165
0.06848694384098053,0.6439862542955327
0.06849337369203568,0.6446735395189004
0.06851106882095337,0.6453608247422681
0.0685117170214653,0.6460481099656358
0.06851213425397873,0.6467353951890035
0.06851429492235184,0.6474226804123712
0.06851571053266525,0.6481099656357389
0.06851950287818909,0.6487972508591066
0.06852690875530243,0.6494845360824743
0.06852982938289642,0.650171821305842
0.0685359388589859,0.6508591065292096
0.0685385912656784,0.6515463917525773
0.06856534630060196,0.652233676975945
0.06857789307832718,0.6529209621993127
0.06858659535646439,0.6536082474226804
0.06860368698835373,0.6542955326460481
0.06861896067857742,0.6549828178694158
0.0686199963092804,0.6556701030927835
0.06862770766019821,0.6563573883161512
0.06863114982843399,0.6570446735395189
0.06863733381032944,0.6577319587628866
0.06863970309495926,0.6584192439862543
0.06865610182285309,0.659106529209622
0.06870625913143158,0.6597938144329897
0.06872721761465073,0.6604810996563574
0.06873153895139694,0.6611683848797251
0.06877536326646805,0.6618556701030928
0.0687878355383873,0.6625429553264605
0.06879126280546188,0.6632302405498282
0.06880529224872589,0.6639175257731958
0.06881058216094971,0.6646048109965635
0.06881128251552582,0.6652920962199312
0.06882978230714798,0.6659793814432989
0.06883472204208374,0.6666666666666666
0.06884567439556122,0.6673539518900343
0.06884840875864029,0.668041237113402
0.06884881108999252,0.6687285223367697
0.06885065883398056,0.6694158075601374
0.06885289400815964,0.6701030927835051
0.06885303556919098,0.6707903780068728
0.0688563659787178,0.6714776632302405
0.06886125355958939,0.6721649484536083
0.06886151432991028,0.672852233676976
0.06886523962020874,0.6735395189003437
0.0688679963350296,0.6742268041237114
0.0688684731721878,0.6749140893470791
0.06890181452035904,0.6756013745704468
0.06890279054641724,0.6762886597938145
0.06893912702798843,0.6769759450171822
0.06894275546073914,0.6776632302405499
0.06896958500146866,0.6783505154639176
0.06899383664131165,0.6790378006872853
0.06899593770503998,0.679725085910653
0.06900199502706528,0.6804123711340206
0.06904060393571854,0.6810996563573883
0.06904350221157074,0.681786941580756
0.06904574483633041,0.6824742268041237
0.06905447691679001,0.6831615120274914
0.06905792653560638,0.6838487972508591
0.0690583735704422,0.6845360824742268
0.06906316429376602,0.6852233676975945
0.06907050311565399,0.6859106529209622
0.069073386490345,0.6865979381443299
0.06907948106527328,0.6872852233676976
0.06908303499221802,0.6879725085910653
0.06909487396478653,0.688659793814433
0.06911963224411011,0.6893470790378007
0.06914758682250977,0.6900343642611684
0.0691513791680336,0.6907216494845361
0.06917468458414078,0.6914089347079038
0.06918253749608994,0.6920962199312715
0.06918693333864212,0.6927835051546392
0.06919440627098083,0.6934707903780069
0.0692242681980133,0.6941580756013745
0.06923514604568481,0.6948453608247422
0.06923791021108627,0.6955326460481099
0.06923990696668625,0.6962199312714776
0.06924144178628922,0.6969072164948453
0.06924542039632797,0.697594501718213
0.06929276883602142,0.6982817869415807
0.06931011378765106,0.6989690721649484
0.06934594362974167,0.6996563573883161
0.06935082376003265,0.7003436426116838
0.06938467174768448,0.7010309278350515
0.06939695030450821,0.7017182130584192
0.06940358132123947,0.7024054982817869
0.0694102793931961,0.7030927835051546
0.06941458582878113,0.7037800687285224
0.06943081319332123,0.7044673539518901
0.06946495175361633,0.7051546391752578
0.06947833299636841,0.7058419243986255
0.06949641555547714,0.7065292096219932
0.0695275291800499,0.7072164948453609
0.0695418119430542,0.7079037800687286
0.06956590712070465,0.7085910652920963
0.06957085430622101,0.709278350515464
0.0695769339799881,0.7099656357388316
0.06958790123462677,0.7106529209621993
0.06958875805139542,0.711340206185567
0.0695890337228775,0.7120274914089347
0.06959664821624756,0.7127147766323024
0.06964275240898132,0.7134020618556701
0.06964526325464249,0.7140893470790378
0.06964801996946335,0.7147766323024055
0.06965598464012146,0.7154639175257732
0.06967729330062866,0.7161512027491409
0.0696776881814003,0.7168384879725086
0.06968521326780319,0.7175257731958763
0.06968707591295242,0.718213058419244
0.06970739364624023,0.7189003436426117
0.06971833109855652,0.7195876288659794
0.06974736601114273,0.7202749140893471
0.06975824385881424,0.7209621993127148
0.06977928429841995,0.7216494845360825
0.06978514045476913,0.7223367697594502
0.06978556513786316,0.7230240549828179
0.06979159265756607,0.7237113402061855
0.06979682296514511,0.7243986254295532
0.0698157548904419,0.7250859106529209
0.0698256716132164,0.7257731958762886
0.06983412802219391,0.7264604810996563
0.06984610110521317,0.727147766323024
0.06985190510749817,0.7278350515463917
0.06985323131084442,0.7285223367697594
0.06986349821090698,0.7292096219931271
0.0698656290769577,0.7298969072164948
0.06987693160772324,0.7305841924398625
0.06989610940217972,0.7312714776632302
0.06989621371030807,0.7319587628865979
0.06990780681371689,0.7326460481099656
0.0699286088347435,0.7333333333333333
0.06994371116161346,0.734020618556701
0.06995376944541931,0.7347079037800688
0.06996893882751465,0.7353951890034365
0.0699739083647728,0.7360824742268042
0.06997496634721756,0.7367697594501719
0.06997884809970856,0.7374570446735396
0.06998104602098465,0.7381443298969073
0.06999147683382034,0.738831615120275
0.07000803202390671,0.7395189003436426
0.07003532350063324,0.7402061855670103
0.07005414366722107,0.740893470790378
0.07007718831300735,0.7415807560137457
0.07013118267059326,0.7422680412371134
0.07017475366592407,0.7429553264604811
0.07020402699708939,0.7436426116838488
0.07022326439619064,0.7443298969072165
0.07024876028299332,0.7450171821305842
0.07025114446878433,0.7457044673539519
0.07025203108787537,0.7463917525773196
0.07025589048862457,0.7470790378006873
0.07025974243879318,0.747766323024055
0.07027464359998703,0.7484536082474227
0.07028409838676453,0.7491408934707904
0.07029411196708679,0.7498281786941581
0.07031385600566864,0.7505154639175258
0.07032274454832077,0.7512027491408935
0.07037372887134552,0.7518900343642612
0.07039518654346466,0.7525773195876289
0.07041201740503311,0.7532646048109966
0.07042742520570755,0.7539518900343642
0.07042860239744186,0.7546391752577319
0.07043049484491348,0.7553264604810996
0.07043451070785522,0.7560137457044673
0.07043693959712982,0.756701030927835
0.07045894861221313,0.7573883161512027
0.07047095894813538,0.7580756013745704
0.07048023492097855,0.7587628865979381
0.07048086076974869,0.7594501718213058
0.07049533724784851,0.7601374570446735
0.07049816101789474,0.7608247422680412
0.07051920890808105,0.7615120274914089
0.07053183019161224,0.7621993127147766
0.07061820477247238,0.7628865979381443
0.07063189893960953,0.763573883161512
0.07064181566238403,0.7642611683848797
0.07064570486545563,0.7649484536082474
0.07065965980291367,0.7656357388316152
0.07072754949331284,0.7663230240549829
0.07073941826820374,0.7670103092783506
0.07073953002691269,0.7676975945017183
0.07078387588262558,0.768384879725086
0.07078894227743149,0.7690721649484537
0.07079597562551498,0.7697594501718213
0.07081297785043716,0.770446735395189
0.070823535323143,0.7711340206185567
0.07084658741950989,0.7718213058419244
0.07088514417409897,0.7725085910652921
0.07089369744062424,0.7731958762886598
0.07091307640075684,0.7738831615120275
0.07091425359249115,0.7745704467353952
0.0709301084280014,0.7752577319587629
0.07099734991788864,0.7759450171821306
0.07102496176958084,0.7766323024054983
0.07103670388460159,0.777319587628866
0.0710422545671463,0.7780068728522337
0.07105866074562073,0.7786941580756014
0.07106383144855499,0.7793814432989691
0.07107800990343094,0.7800687285223368
0.07110940665006638,0.7807560137457045
0.07115570455789566,0.7814432989690722
0.07118634879589081,0.7821305841924399
0.07118764519691467,0.7828178694158076
0.07118798792362213,0.7835051546391752
0.07121067494153976,0.784192439862543
0.07124528288841248,0.7848797250859106
0.07124967873096466,0.7855670103092783
0.07125850766897202,0.786254295532646
0.0713142529129982,0.7869415807560137
0.07135268300771713,0.7876288659793814
0.07135569304227829,0.7883161512027491
0.0713590681552887,0.7890034364261168
0.07141056656837463,0.7896907216494845
0.07141628116369247,0.7903780068728522
0.07146342843770981,0.7910652920962199
0.07146689295768738,0.7917525773195876
0.07148592174053192,0.7924398625429553
0.07149744778871536,0.793127147766323
0.0715215653181076,0.7938144329896907
0.07158757746219635,0.7945017182130584
0.07164853066205978,0.7951890034364261
0.07169060409069061,0.7958762886597938
0.07169464230537415,0.7965635738831615
0.07171174883842468,0.7972508591065293
0.07171589136123657,0.797938144329897
0.07171809673309326,0.7986254295532647
0.07171937078237534,0.7993127147766323
0.0717339813709259,0.8
0.07174249738454819,0.8006872852233677
0.07177234441041946,0.8013745704467354
0.07177688926458359,0.8020618556701031
0.07178148627281189,0.8027491408934708
0.07179524749517441,0.8034364261168385
0.07181708514690399,0.8041237113402062
0.07182881981134415,0.8048109965635739
0.07185650616884232,0.8054982817869416
0.07185684889554977,0.8061855670103093
0.07188846170902252,0.806872852233677
0.0719010978937149,0.8075601374570447
0.07191439718008041,0.8082474226804124
0.07191673666238785,0.8089347079037801
0.07191874831914902,0.8096219931271478
0.07201940566301346,0.8103092783505155
0.0720369964838028,0.8109965635738832
0.0720442533493042,0.8116838487972509
0.07204615324735641,0.8123711340206186
0.0720481276512146,0.8130584192439863
0.07205226272344589,0.813745704467354
0.07208631187677383,0.8144329896907216
0.07211709022521973,0.8151202749140893
0.07213769853115082,0.815807560137457
0.07216492295265198,0.8164948453608247
0.07220301032066345,0.8171821305841924
0.07220441848039627,0.8178694158075601
0.07224380224943161,0.8185567010309278
0.07225079834461212,0.8192439862542955
0.07228866964578629,0.8199312714776632
0.07228977978229523,0.8206185567010309
0.07231047004461288,0.8213058419243986
0.0723152831196785,0.8219931271477663
0.07232435047626495,0.822680412371134
0.07233569771051407,0.8233676975945017
0.07233919203281403,0.8240549828178694
0.07243400067090988,0.8247422680412371
0.07247143238782883,0.8254295532646048
0.07252725213766098,0.8261168384879725
0.07253094762563705,0.8268041237113402
0.07254158705472946,0.8274914089347079
0.07254290580749512,0.8281786941580757
0.072551429271698,0.8288659793814434
0.07256029546260834,0.829553264604811
0.07263296097517014,0.8302405498281787
0.07266552001237869,0.8309278350515464
0.07271325588226318,0.8316151202749141
0.07277835160493851,0.8323024054982818
0.07284623384475708,0.8329896907216495
0.07299613952636719,0.8336769759450172
0.07301251590251923,0.8343642611683849
0.07302854210138321,0.8350515463917526
0.07304859906435013,0.8357388316151203
0.07306642830371857,0.836426116838488
0.07311856746673584,0.8371134020618557
0.07319703698158264,0.8378006872852234
0.07322156429290771,0.8384879725085911
0.07322890311479568,0.8391752577319588
0.07326015830039978,0.8398625429553265
0.0732618197798729,0.8405498281786942
0.07328630238771439,0.8412371134020619
0.0733039602637291,0.8419243986254296
0.07337852567434311,0.8426116838487973
0.07338383048772812,0.843298969072165
0.0734056904911995,0.8439862542955326
0.0734061449766159,0.8446735395189003
0.07343059778213501,0.845360824742268
0.07344361394643784,0.8460481099656357
0.07352703809738159,0.8467353951890034
0.07353369146585464,0.8474226804123711
0.07356995344161987,0.8481099656357388
0.07358574867248535,0.8487972508591065
0.0736536905169487,0.8494845360824742
0.07366073876619339,0.8501718213058419
0.07372807711362839,0.8508591065292096
0.0737689808011055,0.8515463917525773
0.07406193763017654,0.852233676975945
0.0743783712387085,0.8529209621993127
0.0745617225766182,0.8536082474226804
0.07465291023254395,0.8542955326460481
0.07480216026306152,0.8549828178694158
0.07496225833892822,0.8556701030927835
0.07497826218605042,0.8563573883161512
0.07498888671398163,0.8570446735395189
0.07500014454126358,0.8577319587628865
0.07514989376068115,0.8584192439862542
0.07517947256565094,0.8591065292096219
0.07519658654928207,0.8597938144329897
0.0753462165594101,0.8604810996563574
0.07554780691862106,0.8611683848797251
0.07562217116355896,0.8618556701030928
0.07573024183511734,0.8625429553264605
0.07575386017560959,0.8632302405498282
0.07582879066467285,0.8639175257731959
0.07583454251289368,0.8646048109965636
0.07584679126739502,0.8652920962199313
0.07585177570581436,0.865979381443299
0.07590319216251373,0.8666666666666667
0.07598837465047836,0.8673539518900344
0.07604250311851501,0.8680412371134021
0.0761038288474083,0.8687285223367698
0.07633794099092484,0.8694158075601375
0.07636475563049316,0.8701030927835052
0.07637232542037964,0.8707903780068729
0.07649043202400208,0.8714776632302406
0.07650280743837357,0.8721649484536083
0.07656273245811462,0.872852233676976
0.07656718045473099,0.8735395189003436
0.07666569948196411,0.8742268041237113
0.07676053792238235,0.874914089347079
0.07691796123981476,0.8756013745704467
0.07692286372184753,0.8762886597938144
0.07698069512844086,0.8769759450171821
0.07706126570701599,0.8776632302405498
0.07709094882011414,0.8783505154639175
0.07713612914085388,0.8790378006872852
0.07759497314691544,0.8797250859106529
0.07763880491256714,0.8804123711340206
0.07767365872859955,0.8810996563573883
0.07769197970628738,0.881786941580756
0.07779796421527863,0.8824742268041237
0.07791681587696075,0.8831615120274914
0.07792411744594574,0.8838487972508591
0.07821328938007355,0.8845360824742268
0.07830844074487686,0.8852233676975945
0.0784531757235527,0.8859106529209622
0.07845587283372879,0.8865979381443299
0.07849989831447601,0.8872852233676976
0.07866518944501877,0.8879725085910652
0.07879182696342468,0.8886597938144329
0.07885235548019409,0.8893470790378006
0.07892268151044846,0.8900343642611683
0.07909656316041946,0.8907216494845361
0.07911407202482224,0.8914089347079038
0.07920864224433899,0.8920962199312715
0.0792153850197792,0.8927835051546392
0.07922066003084183,0.8934707903780069
0.07923445105552673,0.8941580756013746
0.07925984263420105,0.8948453608247423
0.07928869128227234,0.89553264604811
0.07942851632833481,0.8962199312714777
0.07956895232200623,0.8969072164948454
0.07964783161878586,0.8975945017182131
0.07971689850091934,0.8982817869415808
0.07972100377082825,0.8989690721649485
0.07988769561052322,0.8996563573883162
0.07988788932561874,0.9003436426116839
0.08011824637651443,0.9010309278350516
0.08022019267082214,0.9017182130584193
0.08036019653081894,0.902405498281787
0.08036317676305771,0.9030927835051547
0.08045268803834915,0.9037800687285223
0.08069141954183578,0.90446735395189
0.08100482821464539,0.9051546391752577
0.08142297714948654,0.9058419243986254
0.08142741769552231,0.9065292096219931
0.08154316246509552,0.9072164948453608
0.08188030868768692,0.9079037800687285
0.08199353516101837,0.9085910652920962
0.08208802342414856,0.9092783505154639
0.08214859664440155,0.9099656357388316
0.08224868774414062,0.9106529209621993
0.08261489868164062,0.911340206185567
0.08268125355243683,0.9120274914089347
0.08272168785333633,0.9127147766323024
0.0830664113163948,0.9134020618556701
0.0830695703625679,0.9140893470790378
0.08356606215238571,0.9147766323024055
0.08377879112958908,0.9154639175257732
0.08391588181257248,0.9161512027491409
0.08457905054092407,0.9168384879725086
0.08508451282978058,0.9175257731958762
0.08519753068685532,0.9182130584192439
0.08529814332723618,0.9189003436426116
0.08574661612510681,0.9195876288659793
0.08625104278326035,0.920274914089347
0.08650607615709305,0.9209621993127147
0.08662161976099014,0.9216494845360824
0.08717389404773712,0.9223367697594502
0.08741817623376846,0.9230240549828179
0.08765857666730881,0.9237113402061856
0.08798224478960037,0.9243986254295533
0.08860409259796143,0.925085910652921
0.08863592892885208,0.9257731958762887
0.08875063061714172,0.9264604810996564
0.08898444473743439,0.9271477663230241
0.08910518884658813,0.9278350515463918
0.08912605047225952,0.9285223367697595
0.08918116241693497,0.9292096219931272
0.08932168036699295,0.9298969072164949
0.08988981693983078,0.9305841924398626
0.09010198712348938,0.9312714776632303
0.09047412872314453,0.931958762886598
0.09073816984891891,0.9326460481099657
0.09122758358716965,0.9333333333333333
0.09145940840244293,0.934020618556701
0.09148409962654114,0.9347079037800687
0.09151439368724823,0.9353951890034364
0.09183111041784286,0.9360824742268041
0.09200292080640793,0.9367697594501718
0.09217537194490433,0.9374570446735395
0.0931609496474266,0.9381443298969072
0.09447862952947617,0.9388316151202749
0.09501910209655762,0.9395189003436426
0.09537491947412491,0.9402061855670103
0.09585258364677429,0.940893470790378
0.0959823727607727,0.9415807560137457
0.09608610719442368,0.9422680412371134
0.09652194380760193,0.9429553264604811
0.09821727871894836,0.9436426116838488
0.09854844212532043,0.9443298969072165
0.09940698742866516,0.9450171821305842
0.09972715377807617,0.9457044673539519
0.10004458576440811,0.9463917525773196
0.10011658072471619,0.9470790378006873
0.10122638940811157,0.947766323024055
0.10179901123046875,0.9484536082474226
0.1019071489572525,0.9491408934707903
0.10198825597763062,0.949828178694158
0.10324669629335403,0.9505154639175257
0.10438617318868637,0.9512027491408934
0.10488194227218628,0.9518900343642611
0.10610403120517731,0.9525773195876288
0.10679062455892563,0.9532646048109966
0.10758864134550095,0.9539518900343643
0.10788076370954514,0.954639175257732
0.11325504630804062,0.9553264604810997
0.1141357421875,0.9560137457044674
0.11643942445516586,0.9567010309278351
0.1169402003288269,0.9573883161512028
0.11861572414636612,0.9580756013745705
0.12047359347343445,0.9587628865979382
0.12142763286828995,0.9594501718213059
0.1252235621213913,0.9601374570446736
0.12871114909648895,0.9608247422680413
0.13263431191444397,0.961512027491409
0.13563871383666992,0.9621993127147767
0.1360321044921875,0.9628865979381444
0.1369258463382721,0.963573883161512
0.13827753067016602,0.9642611683848797
0.13899731636047363,0.9649484536082474
0.14060501754283905,0.9656357388316151
0.148289754986763,0.9663230240549828
0.15406528115272522,0.9670103092783505
0.15515154600143433,0.9676975945017182
0.15562541782855988,0.9683848797250859
0.15747559070587158,0.9690721649484536
0.15801793336868286,0.9697594501718213
0.15951044857501984,0.970446735395189
0.16431283950805664,0.9711340206185567
0.16582399606704712,0.9718213058419244
0.16913798451423645,0.9725085910652921
0.17085129022598267,0.9731958762886598
0.1720447689294815,0.9738831615120275
0.17228540778160095,0.9745704467353952
0.17532910406589508,0.9752577319587629
0.1768689602613449,0.9759450171821306
0.18171927332878113,0.9766323024054983
0.18293152749538422,0.977319587628866
0.19419801235198975,0.9780068728522336
0.1998560130596161,0.9786941580756013
0.20069226622581482,0.979381443298969
0.20816150307655334,0.9800687285223367
0.21621385216712952,0.9807560137457044
0.22172537446022034,0.9814432989690721
0.225091814994812,0.9821305841924398
0.2267477661371231,0.9828178694158075
0.2294803112745285,0.9835051546391752
0.23227934539318085,0.9841924398625429
0.23493742942810059,0.9848797250859107
0.239089697599411,0.9855670103092784
0.24250862002372742,0.9862542955326461
0.24274981021881104,0.9869415807560138
0.2470102161169052,0.9876288659793815
0.2545432150363922,0.9883161512027492
0.2562081813812256,0.9890034364261169
0.2834068834781647,0.9896907216494846
0.3030563294887543,0.9903780068728523
0.3073389530181885,0.99106529209622
0.3193361759185791,0.9917525773195877
0.32294324040412903,0.9924398625429554
0.3549001216888428,0.993127147766323
0.4051066040992737,0.9938144329896907
0.4056861996650696,0.9945017182130584
0.4116462767124176,0.9951890034364261
0.41448497772216797,0.9958762886597938
0.5258886814117432,0.9965635738831615
1.5149840116500854,0.9972508591065292
2.41987943649292,0.9979381443298969
3.8485424518585205,0.9986254295532646
4.132510185241699,0.9993127147766323
4.790197372436523,1.0
