SECONDS,request_arrived
-13.605056762695312,1.0
-13.522079467773438,2.0
-11.888005495071411,3.0
-11.778221368789673,4.0
-10.883272409439087,5.0
-10.769774198532104,6.0
-7.863605260848999,7.0
-7.85186767578125,8.0
-7.750023126602173,9.0
-7.7382261753082275,10.0
-4.861690521240234,11.0
-4.749006271362305,12.0
-1.8553111553192139,13.0
-1.8435642719268799,14.0
-1.7456645965576172,15.0
-1.7339413166046143,16.0
1.1519389152526855,17.0
1.2698237895965576,18.0
3.156381130218506,19.0
3.270474672317505,20.0
10.214633703231812,21.0
10.226555109024048,22.0
10.315715789794922,23.0
10.326696395874023,24.0
13.220698118209839,25.0
13.333399772644043,26.0
16.340392589569092,27.0
16.352279901504517,28.0
16.450786113739014,29.0
16.462648153305054,30.0
19.34729552268982,31.0
19.465576648712158,32.0
22.35552167892456,33.0
22.367441654205322,34.0
22.46086597442627,35.0
22.48517155647278,36.0
26.367841482162476,37.0
26.463464975357056,38.0
28.40524435043335,39.0
28.417140245437622,40.0
28.42892861366272,41.0
28.500824213027954,42.0
28.512680292129517,43.0
28.524471282958984,44.0
30.483219623565674,45.0
30.582760334014893,46.0
31.464053869247437,47.0
31.475820064544678,48.0
31.56566548347473,49.0
31.577433109283447,50.0
34.4700608253479,51.0
34.482051610946655,52.0
34.49933576583862,53.0
34.516634941101074,54.0
34.528627157211304,55.0
34.54064416885376,56.0
34.56692552566528,57.0
34.57895040512085,58.0
34.59615397453308,59.0
34.61337614059448,60.0
34.63056564331055,61.0
34.64282274246216,62.0
37.49446678161621,63.0
37.59610366821289,64.0
40.490474462509155,65.0
40.502174377441406,66.0
40.5957190990448,67.0
40.61273908615112,68.0
43.504029512405396,69.0
43.60421276092529,70.0
46.503413915634155,71.0
46.607279777526855,72.0
48.504711627960205,73.0
48.51655721664429,74.0
48.533631801605225,75.0
48.61347937583923,76.0
48.62549829483032,77.0
48.64270043373108,78.0
52.51410412788391,79.0
52.53104615211487,80.0
52.54801607131958,81.0
52.565022230148315,82.0
52.61905598640442,83.0
52.641207456588745,84.0
52.65826606750488,85.0
52.6701123714447,86.0
53.53051280975342,87.0
53.6388041973114,88.0
54.549986362457275,89.0
54.66114783287048,90.0
55.57848572731018,91.0
55.678218841552734,92.0
57.548914432525635,93.0
57.56067705154419,94.0
57.572487115859985,95.0
57.66632962226868,96.0
57.68335843086243,97.0
57.70030760765076,98.0
59.55242085456848,99.0
59.67489504814148,100.0
61.60040092468262,101.0
61.722458600997925,102.0
64.57741069793701,103.0
64.59439468383789,104.0
64.69463276863098,105.0
64.7064790725708,106.0
65.5885112285614,107.0
65.6964123249054,108.0
67.63201212882996,109.0
67.75124168395996,110.0
69.59643793106079,111.0
69.61785697937012,112.0
69.62960624694824,113.0
69.65676665306091,114.0
69.67899703979492,115.0
69.7104229927063,116.0
69.72229266166687,117.0
69.74057173728943,118.0
69.75750541687012,119.0
69.77450132369995,120.0
73.62175440788269,121.0
73.73164081573486,122.0
75.63362550735474,123.0
75.74010038375854,124.0
76.65723204612732,125.0
76.75280046463013,126.0
78.63974022865295,127.0
78.73870873451233,128.0
79.64446902275085,129.0
79.74119091033936,130.0
82.72666144371033,131.0
82.7387855052948,132.0
82.83491635322571,133.0
82.85214877128601,134.0
85.7272138595581,135.0
85.73889660835266,136.0
85.82868814468384,137.0
85.84043073654175,138.0
91.73801469802856,139.0
91.84083652496338,140.0
92.74962949752808,141.0
92.84825825691223,142.0
93.78116011619568,143.0
93.85922074317932,144.0
94.76588344573975,145.0
94.77842473983765,146.0
94.79022479057312,147.0
94.86249470710754,148.0
94.87481594085693,149.0
94.88659000396729,150.0
96.79515051841736,151.0
96.8769268989563,152.0
97.8367178440094,153.0
97.89140892028809,154.0
97.914146900177,155.0
97.97343349456787,156.0
98.8545560836792,157.0
98.92923903465271,158.0
100.8560791015625,159.0
100.8703408241272,160.0
100.88239169120789,161.0
100.89423990249634,162.0
100.93704748153687,163.0
100.95406913757324,164.0
100.96592664718628,165.0
100.98894810676575,166.0
102.88954257965088,167.0
102.95105409622192,168.0
103.91222047805786,169.0
103.92414402961731,170.0
103.93599081039429,171.0
103.98096990585327,172.0
103.99283504486084,173.0
104.0046808719635,174.0
106.91355323791504,175.0
106.92529678344727,176.0
106.93713021278381,177.0
106.94881248474121,178.0
106.98993825912476,179.0
107.00169062614441,180.0
107.01352190971375,181.0
107.03052592277527,182.0
108.93484020233154,183.0
109.00911092758179,184.0
114.93392539024353,185.0
114.94594955444336,186.0
114.9631507396698,187.0
115.01477527618408,188.0
115.02669739723206,189.0
115.03864693641663,190.0
121.94706153869629,191.0
121.9589204788208,192.0
122.0233154296875,193.0
122.03528213500977,194.0
123.94744062423706,195.0
124.03103041648865,196.0
124.9512710571289,197.0
124.96328330039978,198.0
125.03553438186646,199.0
125.04744100570679,200.0
126.9975917339325,201.0
127.07529163360596,202.0
127.98930740356445,203.0
128.00143265724182,204.0
128.07946634292603,205.0
128.09153246879578,206.0
130.00839066505432,207.0
130.0204782485962,208.0
130.08915495872498,209.0
130.10540533065796,210.0
131.02275896072388,211.0
131.03477716445923,212.0
131.05079650878906,213.0
131.06277012825012,214.0
131.0746772289276,215.0
131.10260915756226,216.0
131.1155140399933,217.0
131.12761878967285,218.0
131.13944745063782,219.0
131.16720151901245,220.0
133.04641604423523,221.0
133.05810689926147,222.0
133.07505536079407,223.0
133.092027425766,224.0
133.14017724990845,225.0
133.16236782073975,226.0
133.17417430877686,227.0
133.19631433486938,228.0
134.0772886276245,229.0
134.18139910697937,230.0
135.06630969047546,231.0
135.18606805801392,232.0
136.09949946403503,233.0
136.18052887916565,234.0
137.07364630699158,235.0
137.15700435638428,236.0
140.07410502433777,237.0
140.091055393219,238.0
140.15869116783142,239.0
140.1704821586609,240.0
143.08810138702393,241.0
143.17273998260498,242.0
145.08449959754944,243.0
145.0964114665985,244.0
145.1745023727417,245.0
145.1865017414093,246.0
146.08927607536316,247.0
146.17474389076233,248.0
150.10783171653748,249.0
150.19355034828186,250.0
151.13069915771484,251.0
151.2125096321106,252.0
152.12779545783997,253.0
152.13957047462463,254.0
152.1512794494629,255.0
152.16293859481812,256.0
152.21061420440674,257.0
152.22228384017944,258.0
152.23392987251282,259.0
152.2455930709839,260.0
155.16342782974243,261.0
155.1752302646637,262.0
155.18698120117188,263.0
155.19873929023743,264.0
155.24172496795654,265.0
155.25349354743958,266.0
155.26551580429077,267.0
155.2774977684021,268.0
157.1766791343689,269.0
157.19345259666443,270.0
157.2599799633026,271.0
157.27185034751892,272.0
159.18521809577942,273.0
159.26922512054443,274.0
160.1922082901001,275.0
160.20389366149902,276.0
160.2156229019165,277.0
160.22747492790222,278.0
160.2763216495514,279.0
160.29337072372437,280.0
160.30520391464233,281.0
160.3170268535614,282.0
163.2071943283081,283.0
163.22710299491882,284.0
163.2388141155243,285.0
163.28396773338318,286.0
163.301415681839,287.0
163.3132348060608,288.0
166.23694825172424,289.0
166.31362581253052,290.0
167.25242733955383,291.0
167.26425957679749,292.0
167.32405638694763,293.0
167.33588933944702,294.0
169.2533895969391,295.0
169.26536917686462,296.0
169.33296155929565,297.0
169.34493565559387,298.0
175.273015499115,299.0
175.28484845161438,300.0
175.34478878974915,301.0
175.35667538642883,302.0
178.27058339118958,303.0
178.28265047073364,304.0
178.29462575912476,305.0
178.30655598640442,306.0
178.31851720809937,307.0
178.3456790447235,308.0
178.35774207115173,309.0
178.3749234676361,310.0
178.39210104942322,311.0
178.40934586524963,312.0
180.30547714233398,313.0
180.33723211288452,314.0
180.3746268749237,315.0
180.40906691551208,316.0
181.33183693885803,317.0
181.41020107269287,318.0
184.31907153129578,319.0
184.33091592788696,320.0
184.35029458999634,321.0
184.39703273773193,322.0
184.4088156223297,323.0
184.42050886154175,324.0
188.33513259887695,325.0
188.3470277786255,326.0
188.35882759094238,327.0
188.40834259986877,328.0
188.42529249191284,329.0
188.43699431419373,330.0
190.33998823165894,331.0
190.35170102119446,332.0
190.4102668762207,333.0
190.42206454277039,334.0
191.35118460655212,335.0
191.42159223556519,336.0
195.3777437210083,337.0
195.44481253623962,338.0
197.36049270629883,339.0
197.37224316596985,340.0
197.3839316368103,341.0
197.3955957889557,342.0
197.4072241783142,343.0
197.42682552337646,344.0
197.43862557411194,345.0
197.45048213005066,346.0
197.4623031616211,347.0
197.47406363487244,348.0
199.39361667633057,349.0
199.45257377624512,350.0
200.38962197303772,351.0
200.40141701698303,352.0
200.45603895187378,353.0
200.46783447265625,354.0
202.40047359466553,355.0
202.41221570968628,356.0
202.42388916015625,357.0
202.4355592727661,358.0
202.45997047424316,359.0
202.47163009643555,360.0
202.48325562477112,361.0
202.49485850334167,362.0
204.42450881004333,363.0
204.48724126815796,364.0
205.4458749294281,365.0
205.45759892463684,366.0
205.51418375968933,367.0
205.52600979804993,368.0
206.5643470287323,369.0
206.57612562179565,370.0
206.58796453475952,371.0
206.59981608390808,372.0
206.62843227386475,373.0
206.64030122756958,374.0
206.65220522880554,375.0
206.6638798713684,376.0
206.67550492286682,377.0
206.68735098838806,378.0
206.69922947883606,379.0
206.7162880897522,380.0
207.57790327072144,381.0
207.6586675643921,382.0
209.64688324928284,383.0
209.65864062309265,384.0
209.70271587371826,385.0
209.7313847541809,386.0
212.64815664291382,387.0
212.65987181663513,388.0
212.75083374977112,389.0
212.7626814842224,390.0
214.68443703651428,391.0
214.71728682518005,392.0
218.74732565879822,393.0
218.7641797065735,394.0
218.78115367889404,395.0
218.79816198349,396.0
218.82841563224792,397.0
218.86216711997986,398.0
220.7365517616272,399.0
220.75362300872803,400.0
220.77060770988464,401.0
220.78243160247803,402.0
220.7942214012146,403.0
220.8060576915741,404.0
225.6693229675293,405.0
225.72223258018494,406.0
226.73424458503723,407.0
226.7988564968109,408.0
229.71794319152832,409.0
229.77745246887207,410.0
230.6782476902008,411.0
230.70554542541504,412.0
230.71755242347717,413.0
230.73428106307983,414.0
230.7513039112091,415.0
230.7827024459839,416.0
230.7945213317871,417.0
230.80638790130615,418.0
233.79031777381897,419.0
233.80278134346008,420.0
233.81447005271912,421.0
233.86974596977234,422.0
235.78263068199158,423.0
235.8350965976715,424.0
238.98289847373962,425.0
239.00061869621277,426.0
239.01270961761475,427.0
239.02982831001282,428.0
239.0573787689209,429.0
239.069885969162,430.0
239.08709597587585,431.0
239.09889602661133,432.0
241.90459203720093,433.0
241.91647148132324,434.0
242.9369034767151,435.0
242.9489827156067,436.0
242.96624612808228,437.0
242.9946310520172,438.0
243.00672936439514,439.0
243.01880359649658,440.0
243.03087425231934,441.0
243.0432004928589,442.0
243.05521607398987,443.0
243.06719207763672,444.0
243.07923889160156,445.0
243.10236763954163,446.0
243.96017384529114,447.0
243.9720733165741,448.0
243.99502873420715,449.0
244.02046132087708,450.0
244.95376181602478,451.0
245.0011432170868,452.0
245.0183072090149,453.0
245.0535044670105,454.0
246.01011157035828,455.0
246.0220603942871,456.0
247.4346957206726,457.0
247.49043917655945,458.0
248.88414478302002,459.0
251.74091410636902,460.0
251.77196884155273,461.0
251.78908586502075,462.0
252.0554540157318,463.0
252.0674910545349,464.0
252.78278398513794,465.0
252.8931794166565,466.0
252.90510368347168,467.0
252.9987132549286,468.0
253.06915402412415,469.0
253.08101797103882,470.0
253.09287428855896,471.0
253.10994791984558,472.0
253.2666642665863,473.0
261.4857566356659,474.0
263.8130419254303,475.0
263.8396120071411,476.0
264.4815583229065,477.0
264.50917291641235,478.0
265.57666206359863,479.0
265.6335594654083,480.0
265.7689881324768,481.0
266.0340642929077,482.0
266.04619812965393,483.0
266.5836253166199,484.0
266.5956070423126,485.0
266.6727786064148,486.0
266.68997168540955,487.0
266.7878301143646,488.0
266.85504508018494,489.0
266.99005699157715,490.0
267.2079498767853,491.0
267.30333280563354,492.0
267.72994351387024,493.0
267.74198150634766,494.0
267.75397181510925,495.0
267.7662978172302,496.0
267.7904064655304,497.0
267.84984731674194,498.0
267.8618977069855,499.0
267.8790240287781,500.0
267.9333691596985,501.0
269.6597146987915,502.0
273.25277757644653,503.0
273.35342669487,504.0
273.37043738365173,505.0
273.53859996795654,506.0
273.6041271686554,507.0
273.79791498184204,508.0
274.08110666275024,509.0
277.17111802101135,510.0
277.3552360534668,511.0
277.37227272987366,512.0
277.38413166999817,513.0
277.44589829444885,514.0
279.47372603416443,515.0
279.4856081008911,516.0
279.49752020835876,517.0
280.08446621894836,518.0
280.4133343696594,519.0
282.5224509239197,520.0
282.534291267395,521.0
284.48673272132874,522.0
284.4988408088684,523.0
284.5296399593353,524.0
284.54148745536804,525.0
284.55328607559204,526.0
284.5871789455414,527.0
287.46355414390564,528.0
289.3013460636139,529.0
289.3909373283386,530.0
289.40304493904114,531.0
290.08732199668884,532.0
290.1800072193146,533.0
290.19206261634827,534.0
290.22129797935486,535.0
290.5996837615967,536.0
291.3734953403473,537.0
291.6671257019043,538.0
291.67904591560364,539.0
291.68578457832336,540.0
291.71881437301636,541.0
291.74759340286255,542.0
291.75974774360657,543.0
296.25942158699036,544.0
296.38105964660645,545.0
296.7909390926361,546.0
296.81410551071167,547.0
297.46671056747437,548.0
298.0386002063751,549.0
300.4349453449249,550.0
300.44681215286255,551.0
300.54180121421814,552.0
300.55370020866394,553.0
300.6545145511627,554.0
300.71858954429626,555.0
300.8573942184448,556.0
300.8693811893463,557.0
301.0733618736267,558.0
301.0852761268616,559.0
302.93342638015747,560.0
304.53537130355835,561.0
304.6148111820221,562.0
304.6318130493164,563.0
304.6435806751251,564.0
304.86234307289124,565.0
305.1224069595337,566.0
306.2986454963684,567.0
306.310507774353,568.0
306.463178396225,569.0
306.47495102882385,570.0
306.48681020736694,571.0
306.4986402988434,572.0
306.5655243396759,573.0
306.5876898765564,574.0
306.64605236053467,575.0
308.6056661605835,576.0
308.67350578308105,577.0
309.87103247642517,578.0
309.93593525886536,579.0
309.9529449939728,580.0
310.0188944339752,581.0
310.0359170436859,582.0
311.2901999950409,583.0
311.4018449783325,584.0
311.42402052879333,585.0
311.4429123401642,586.0
311.45993852615356,587.0
311.4769706726074,588.0
313.1386225223541,589.0
313.84888195991516,590.0
313.89926075935364,591.0
314.03589391708374,592.0
314.3139696121216,593.0
316.0974495410919,594.0
316.2889657020569,595.0
316.4862332344055,596.0
316.8375413417816,597.0
316.8545777797699,598.0
316.94443702697754,599.0
316.9615409374237,600.0
316.98557782173157,601.0
317.00265645980835,602.0
317.01451802253723,603.0
319.56919384002686,604.0
319.6789541244507,605.0
320.5421209335327,606.0
320.9284636974335,607.0
320.9964716434479,608.0
321.1474709510803,609.0
321.2787380218506,610.0
321.29627537727356,611.0
321.42856001853943,612.0
321.4405469894409,613.0
321.45243549346924,614.0
325.5661702156067,615.0
325.8618562221527,616.0
325.9687571525574,617.0
325.98071551322937,618.0
325.9926896095276,619.0
326.004682302475,620.0
326.021844625473,621.0
326.0339069366455,622.0
327.33853030204773,623.0
327.96388053894043,624.0
328.03394651412964,625.0
328.09886598587036,626.0
328.2576916217804,627.0
328.2695746421814,628.0
330.3010485172272,629.0
330.3127796649933,630.0
330.3245997428894,631.0
330.353107213974,632.0
330.42971324920654,633.0
330.4416069984436,634.0
330.4532980918884,635.0
330.46491861343384,636.0
330.63630390167236,637.0
330.95806193351746,638.0
331.3473584651947,639.0
331.6367235183716,640.0
331.64854288101196,641.0
332.8643720149994,642.0
332.99319100379944,643.0
333.2399423122406,644.0
333.25176453590393,645.0
333.2635521888733,646.0
333.7321753501892,647.0
335.3549048900604,648.0
335.3669581413269,649.0
335.42767000198364,650.0
335.756991147995,651.0
336.2306418418884,652.0
336.7743170261383,653.0
336.7862811088562,654.0
336.7981536388397,655.0
336.81009125709534,656.0
336.82650089263916,657.0
336.8385088443756,658.0
338.8062686920166,659.0
338.81806659698486,660.0
338.8825309276581,661.0
338.8944854736328,662.0
341.43893551826477,663.0
345.4667418003082,664.0
345.576358795166,665.0
347.90298104286194,666.0
347.95800280570984,667.0
348.08813071250916,668.0
348.1704812049866,669.0
349.1310131549835,670.0
349.142817735672,671.0
349.1546199321747,672.0
351.1146991252899,673.0
352.9436571598053,674.0
354.6096429824829,675.0
354.77397441864014,676.0
354.83257246017456,677.0
355.0913999080658,678.0
355.10382294654846,679.0
355.11570143699646,680.0
355.1327781677246,681.0
355.14705443382263,682.0
355.1658184528351,683.0
355.1777153015137,684.0
355.1896872520447,685.0
355.206289768219,686.0
355.22339153289795,687.0
355.23530316352844,688.0
355.24713802337646,689.0
358.9463634490967,690.0
359.33602023124695,691.0
359.5416684150696,692.0
359.7387647628784,693.0
359.7506055831909,694.0
359.89295983314514,695.0
359.91000723838806,696.0
360.0570435523987,697.0
361.01585483551025,698.0
361.02778339385986,699.0
361.50479769706726,700.0
363.2218792438507,701.0
363.5943443775177,702.0
363.6062126159668,703.0
363.6180694103241,704.0
363.9325659275055,705.0
363.94962191581726,706.0
364.2457914352417,707.0
364.3165748119354,708.0
364.5809106826782,709.0
364.65932726860046,710.0
364.67139863967896,711.0
364.6834006309509,712.0
365.0619492530823,713.0
365.8952238559723,714.0
367.1497869491577,715.0
369.65102910995483,716.0
370.91087007522583,717.0
371.12025570869446,718.0
371.13226795196533,719.0
371.14427876472473,720.0
371.1628782749176,721.0
371.18527483940125,722.0
371.1974594593048,723.0
371.2112829685211,724.0
371.223436832428,725.0
371.2406384944916,726.0
371.2527644634247,727.0
371.2700502872467,728.0
371.2821125984192,729.0
375.24940276145935,730.0
375.3260774612427,731.0
375.3381268978119,732.0
377.5362854003906,733.0
377.55354142189026,734.0
379.33491683006287,735.0
381.44023394584656,736.0
381.5058283805847,737.0
382.17432951927185,738.0
382.18667554855347,739.0
384.4843828678131,740.0
384.5016782283783,741.0
384.54464173316956,742.0
384.61720061302185,743.0
384.7543640136719,744.0
384.85418367385864,745.0
384.9329867362976,746.0
385.06535625457764,747.0
385.3032457828522,748.0
385.3152525424957,749.0
385.32730650901794,750.0
385.3394229412079,751.0
385.35667061805725,752.0
385.36872601509094,753.0
385.3802103996277,754.0
385.3916828632355,755.0
385.40899991989136,756.0
385.4210033416748,757.0
385.43309020996094,758.0
386.1735808849335,759.0
386.2144355773926,760.0
387.1615307331085,761.0
387.1791763305664,762.0
387.217355966568,763.0
388.56363582611084,764.0
390.14787125587463,765.0
390.1659290790558,766.0
391.2547643184662,767.0
391.27049136161804,768.0
391.28222274780273,769.0
391.29399037361145,770.0
392.1516869068146,771.0
392.1844091415405,772.0
392.19635009765625,773.0
392.20815205574036,774.0
393.1972587108612,775.0
393.2143313884735,776.0
393.22626996040344,777.0
393.23292350769043,778.0
393.2447991371155,779.0
393.2565426826477,780.0
394.2622809410095,781.0
394.2742209434509,782.0
394.28764033317566,783.0
394.3046143054962,784.0
394.3166570663452,785.0
394.3339855670929,786.0
395.2561275959015,787.0
395.2827982902527,788.0
395.2946090698242,789.0
395.3064868450165,790.0
396.29028940200806,791.0
396.3331456184387,792.0
396.3501901626587,793.0
396.3620774745941,794.0
396.3739125728607,795.0
396.80570793151855,796.0
397.03760051727295,797.0
399.1947681903839,798.0
399.25085258483887,799.0
399.32472825050354,800.0
400.18311953544617,801.0
400.30953073501587,802.0
400.3214237689972,803.0
400.3384783267975,804.0
403.7928640842438,805.0
403.80987215042114,806.0
403.82199454307556,807.0
403.9067933559418,808.0
403.91863226890564,809.0
404.0659258365631,810.0
406.137175321579,811.0
406.32880187034607,812.0
415.8557848930359,813.0
415.86767983436584,814.0
419.04901146888733,815.0
419.3118152618408,816.0
419.3238015174866,817.0
419.3356969356537,818.0
419.3475902080536,819.0
419.36464381217957,820.0
420.1250491142273,821.0
423.7593812942505,822.0
424.0086295604706,823.0
424.0205328464508,824.0
424.13431668281555,825.0
424.1462185382843,826.0
424.89470767974854,827.0
424.9914767742157,828.0
425.0103175640106,829.0
427.52635407447815,830.0
427.80770897865295,831.0
427.8196382522583,832.0
429.72421860694885,833.0
433.0544822216034,834.0
433.4949815273285,835.0
433.506888628006,836.0
433.51869773864746,837.0
433.530561208725,838.0
433.54245162010193,839.0
433.5543737411499,840.0
433.5662364959717,841.0
433.5833070278168,842.0
434.4991717338562,843.0
434.67373061180115,844.0
434.685649394989,845.0
435.1785831451416,846.0
435.24721336364746,847.0
435.54286336898804,848.0
435.554806470871,849.0
435.6581234931946,850.0
435.71499037742615,851.0
435.81031680107117,852.0
437.3507628440857,853.0
437.36259746551514,854.0
438.39344024658203,855.0
438.5144257545471,856.0
438.52633571624756,857.0
438.53820180892944,858.0
438.5501618385315,859.0
438.56210350990295,860.0
438.574107170105,861.0
438.586030960083,862.0
438.59793400764465,863.0
438.60981369018555,864.0
438.8896789550781,865.0
439.01519441604614,866.0
439.142858505249,867.0
439.3104944229126,868.0
439.3224506378174,869.0
442.42503356933594,870.0
444.939337015152,871.0
444.9511435031891,872.0
444.9911847114563,873.0
445.0030755996704,874.0
445.0542097091675,875.0
445.120090007782,876.0
445.4390239715576,877.0
445.5668797492981,878.0
445.57878017425537,879.0
445.9698073863983,880.0
447.2148983478546,881.0
447.24869680404663,882.0
455.3586268424988,883.0
455.4143953323364,884.0
455.53015303611755,885.0
455.7789409160614,886.0
455.88290524482727,887.0
457.6684401035309,888.0
457.7375316619873,889.0
458.97416520118713,890.0
458.9860577583313,891.0
459.050076007843,892.0
459.3893656730652,893.0
459.57157015800476,894.0
460.47738814353943,895.0
460.93360710144043,896.0
460.94549655914307,897.0
460.97430968284607,898.0
460.98619508743286,899.0
461.0244481563568,900.0
461.0364627838135,901.0
461.04842138290405,902.0
461.23300647735596,903.0
461.2838525772095,904.0
461.36767315864563,905.0
464.48149156570435,906.0
464.5944445133209,907.0
464.6795606613159,908.0
464.6915354728699,909.0
464.7035303115845,910.0
464.74611735343933,911.0
466.33327984809875,912.0
466.4299809932709,913.0
466.49208211898804,914.0
466.5093479156494,915.0
466.56282567977905,916.0
469.30275201797485,917.0
469.81228590011597,918.0
469.82588601112366,919.0
469.86923360824585,920.0
470.04703760147095,921.0
470.1971707344055,922.0
473.12659096717834,923.0
473.13854789733887,924.0
473.150381565094,925.0
473.2710418701172,926.0
473.29474234580994,927.0
475.8176763057709,928.0
475.882199048996,929.0
476.07287406921387,930.0
476.1032238006592,931.0
480.0747420787811,932.0
480.8006896972656,933.0
484.0150902271271,934.0
484.05406737327576,935.0
484.130957365036,936.0
484.8771481513977,937.0
486.92165064811707,938.0
487.0550262928009,939.0
487.4066686630249,940.0
487.5377426147461,941.0
487.5498344898224,942.0
487.58927512168884,943.0
489.0591003894806,944.0
489.16655445098877,945.0
489.25767707824707,946.0
489.4170639514923,947.0
490.4158089160919,948.0
490.78739643096924,949.0
490.8933861255646,950.0
491.03887963294983,951.0
491.05089473724365,952.0
491.0619955062866,953.0
491.103040933609,954.0
491.12033796310425,955.0
491.13218212127686,956.0
491.19177055358887,957.0
491.20391392707825,958.0
491.22164964675903,959.0
491.24702310562134,960.0
491.3152253627777,961.0
491.3944363594055,962.0
492.2710666656494,963.0
493.8094654083252,964.0
493.8679392337799,965.0
493.9368598461151,966.0
494.28337812423706,967.0
494.5853159427643,968.0
497.644971370697,969.0
497.6576819419861,970.0
498.10982513427734,971.0
498.1269359588623,972.0
498.94534134864807,973.0
501.9771349430084,974.0
502.6708505153656,975.0
502.91803884506226,976.0
502.9464831352234,977.0
503.1722559928894,978.0
503.2904574871063,979.0
503.30234241485596,980.0
503.4907817840576,981.0
503.5053770542145,982.0
503.56477880477905,983.0
503.61478209495544,984.0
503.69151616096497,985.0
504.0225832462311,986.0
504.0344202518463,987.0
504.0516927242279,988.0
505.31338715553284,989.0
505.32525086402893,990.0
505.4745328426361,991.0
507.4096405506134,992.0
507.55141162872314,993.0
508.5462923049927,994.0
508.6036057472229,995.0
508.8671534061432,996.0
509.14082193374634,997.0
509.28682494163513,998.0
510.2661910057068,999.0
510.27379274368286,1000.0
510.5934500694275,1001.0
510.7229845523834,1002.0
510.86939549446106,1003.0
510.9461872577667,1004.0
510.97453212738037,1005.0
511.09112453460693,1006.0
512.8838925361633,1007.0
512.89577293396,1008.0
512.9076635837555,1009.0
513.1456432342529,1010.0
513.1721754074097,1011.0
513.1840286254883,1012.0
513.1958520412445,1013.0
513.2098586559296,1014.0
513.3331899642944,1015.0
513.355521440506,1016.0
513.372330904007,1017.0
513.3840832710266,1018.0
513.430997133255,1019.0
513.4906394481659,1020.0
513.6990215778351,1021.0
513.7163338661194,1022.0
513.7629041671753,1023.0
514.0375936031342,1024.0
515.7280611991882,1025.0
518.8519179821014,1026.0
518.8636655807495,1027.0
518.8769776821136,1028.0
519.8294360637665,1029.0
519.8416450023651,1030.0
519.8819627761841,1031.0
519.9741065502167,1032.0
520.0049357414246,1033.0
520.016654253006,1034.0
520.1254389286041,1035.0
520.2578582763672,1036.0
520.4899361133575,1037.0
520.5017840862274,1038.0
520.562952041626,1039.0
524.17258477211,1040.0
524.4705190658569,1041.0
527.1486155986786,1042.0
527.2173936367035,1043.0
529.2224662303925,1044.0
529.480012178421,1045.0
529.6412208080292,1046.0
529.6530802249908,1047.0
529.6822724342346,1048.0
529.7044765949249,1049.0
529.717770576477,1050.0
529.7296135425568,1051.0
529.9253022670746,1052.0
529.991393327713,1053.0
530.0082426071167,1054.0
530.1180832386017,1055.0
530.3115653991699,1056.0
530.4144570827484,1057.0
532.9800868034363,1058.0
534.2848596572876,1059.0
534.4100778102875,1060.0
534.4219472408295,1061.0
534.6446466445923,1062.0
534.6565458774567,1063.0
534.6683597564697,1064.0
534.6801264286041,1065.0
534.8569531440735,1066.0
534.9863007068634,1067.0
535.0113098621368,1068.0
535.0798101425171,1069.0
535.1540367603302,1070.0
536.9252157211304,1071.0
538.3666808605194,1072.0
538.6886594295502,1073.0
538.7618479728699,1074.0
539.1715567111969,1075.0
539.6511108875275,1076.0
539.663055896759,1077.0
539.6800286769867,1078.0
539.6922361850739,1079.0
539.7218263149261,1080.0
539.733699798584,1081.0
539.7523794174194,1082.0
539.8070647716522,1083.0
539.8188166618347,1084.0
543.1965842247009,1085.0
543.2106699943542,1086.0
543.2216289043427,1087.0
545.0333471298218,1088.0
545.5018990039825,1089.0
547.8905875682831,1090.0
548.1293661594391,1091.0
548.2342567443848,1092.0
548.2461626529694,1093.0
548.325165271759,1094.0
548.6879980564117,1095.0
548.7831883430481,1096.0
550.924712896347,1097.0
554.6153225898743,1098.0
554.972428560257,1099.0
555.0135908126831,1100.0
555.1002080440521,1101.0
555.1339883804321,1102.0
555.1688044071198,1103.0
569.1064336299896,1104.0
570.8027770519257,1105.0
577.8931992053986,1106.0
577.920939207077,1107.0
578.1841340065002,1108.0
578.8964922428131,1109.0
578.9920196533203,1110.0
579.2245273590088,1111.0
579.2364633083344,1112.0
579.3001902103424,1113.0
579.6109206676483,1114.0
579.6297869682312,1115.0
580.3861083984375,1116.0
582.1510226726532,1117.0
582.1666951179504,1118.0
583.2036578655243,1119.0
583.2267546653748,1120.0
583.265410900116,1121.0
583.3725109100342,1122.0
583.4606761932373,1123.0
583.4779722690582,1124.0
583.4990317821503,1125.0
583.7346398830414,1126.0
583.7488694190979,1127.0
586.4470508098602,1128.0
588.1218259334564,1129.0
588.1337261199951,1130.0
588.145703792572,1131.0
588.3343782424927,1132.0
588.3462755680084,1133.0
588.3581795692444,1134.0
588.4653031826019,1135.0
588.4823520183563,1136.0
588.5608801841736,1137.0
588.5824887752533,1138.0
588.6269557476044,1139.0
588.6724441051483,1140.0
588.6842858791351,1141.0
591.4107632637024,1142.0
592.1844458580017,1143.0
592.2693407535553,1144.0
593.3475592136383,1145.0
593.4105923175812,1146.0
593.5957713127136,1147.0
593.964243888855,1148.0
594.0303070545197,1149.0
594.7741420269012,1150.0
599.9794099330902,1151.0
599.9989421367645,1152.0
600.090811252594,1153.0
600.1067843437195,1154.0
601.581794500351,1155.0
614.6811258792877,1156.0
614.6994540691376,1157.0
614.792795419693,1158.0
614.8052043914795,1159.0
614.9492964744568,1160.0
615.018972158432,1161.0
615.8105328083038,1162.0
615.8224215507507,1163.0
616.0465357303619,1164.0
616.2615628242493,1165.0
616.3314654827118,1166.0
616.7423470020294,1167.0
616.9409446716309,1168.0
616.9902100563049,1169.0
625.6481680870056,1170.0
626.4148366451263,1171.0
628.3340618610382,1172.0
628.5216176509857,1173.0
628.5369846820831,1174.0
628.5488951206207,1175.0
628.5607092380524,1176.0
628.5726327896118,1177.0
630.8288440704346,1178.0
631.1420528888702,1179.0
634.1555216312408,1180.0
634.2307374477386,1181.0
634.7475280761719,1182.0
637.9250621795654,1183.0
638.0491573810577,1184.0
638.1950166225433,1185.0
639.8241546154022,1186.0
639.9081823825836,1187.0
640.1487309932709,1188.0
640.1605334281921,1189.0
640.1775062084198,1190.0
640.216150522232,1191.0
641.7595314979553,1192.0
641.8717601299286,1193.0
642.549694776535,1194.0
642.9731633663177,1195.0
645.9368205070496,1196.0
645.9760298728943,1197.0
646.0889005661011,1198.0
646.1007840633392,1199.0
647.1367528438568,1200.0
647.1488847732544,1201.0
647.2259306907654,1202.0
647.3216261863708,1203.0
647.4773199558258,1204.0
650.9596881866455,1205.0
651.3609147071838,1206.0
651.970648765564,1207.0
651.9825551509857,1208.0
652.6181950569153,1209.0
652.6300661563873,1210.0
652.7093794345856,1211.0
659.5673172473907,1212.0
660.4615001678467,1213.0
660.6967687606812,1214.0
660.7502899169922,1215.0
661.2121624946594,1216.0
661.7053265571594,1217.0
661.7173757553101,1218.0
661.9272899627686,1219.0
661.9708502292633,1220.0
663.6065142154694,1221.0
663.9502875804901,1222.0
663.9982118606567,1223.0
664.1231520175934,1224.0
664.1365740299225,1225.0
667.3430714607239,1226.0
669.3619599342346,1227.0
669.6777527332306,1228.0
669.7895319461823,1229.0
670.0143506526947,1230.0
670.5408511161804,1231.0
670.8393306732178,1232.0
670.8897948265076,1233.0
670.901718378067,1234.0
670.9188921451569,1235.0
670.9545783996582,1236.0
670.9830687046051,1237.0
670.9949488639832,1238.0
671.0069406032562,1239.0
671.9782812595367,1240.0
675.1701703071594,1241.0
675.2357883453369,1242.0
676.9533064365387,1243.0
676.9871075153351,1244.0
677.3457334041595,1245.0
677.4894037246704,1246.0
677.5971927642822,1247.0
677.6667764186859,1248.0
679.2685725688934,1249.0
681.5990023612976,1250.0
681.7077775001526,1251.0
681.7195382118225,1252.0
681.7313692569733,1253.0
681.7976584434509,1254.0
681.8988308906555,1255.0
681.967208147049,1256.0
681.9781658649445,1257.0
681.9894208908081,1258.0
682.0192139148712,1259.0
682.0310263633728,1260.0
684.04350066185,1261.0
699.8552856445312,1262.0
709.717127084732,1263.0
709.8494033813477,1264.0
710.0104808807373,1265.0
710.0224447250366,1266.0
710.239274263382,1267.0
710.2981708049774,1268.0
710.5783536434174,1269.0
710.5903742313385,1270.0
710.9699304103851,1271.0
710.9820957183838,1272.0
714.1201949119568,1273.0
714.1320774555206,1274.0
714.192934513092,1275.0
714.2046754360199,1276.0
714.2225666046143,1277.0
716.7070298194885,1278.0
716.7847571372986,1279.0
717.2289979457855,1280.0
717.3578717708588,1281.0
717.8062274456024,1282.0
717.8774116039276,1283.0
719.2048842906952,1284.0
719.2166905403137,1285.0
719.285721540451,1286.0
721.8792133331299,1287.0
721.9870400428772,1288.0
722.7121858596802,1289.0
722.8791651725769,1290.0
722.9828517436981,1291.0
723.1089825630188,1292.0
723.1207876205444,1293.0
723.2230579853058,1294.0
723.2837855815887,1295.0
723.7171702384949,1296.0
723.7288637161255,1297.0
723.8067238330841,1298.0
723.820494890213,1299.0
724.8733766078949,1300.0
724.8851339817047,1301.0
724.8968091011047,1302.0
725.9002923965454,1303.0
725.912252664566,1304.0
725.9298887252808,1305.0
726.202073097229,1306.0
726.5773434638977,1307.0
727.8032231330872,1308.0
727.9730892181396,1309.0
728.0824539661407,1310.0
728.1408848762512,1311.0
728.2664420604706,1312.0
728.2784016132355,1313.0
728.4681961536407,1314.0
729.0648097991943,1315.0
729.256294965744,1316.0
729.3398292064667,1317.0
729.3515825271606,1318.0
729.3749992847443,1319.0
729.525995016098,1320.0
736.1186857223511,1321.0
738.9671559333801,1322.0
739.0919854640961,1323.0
739.2588727474213,1324.0
739.3427715301514,1325.0
739.3545753955841,1326.0
739.3715815544128,1327.0
741.5943503379822,1328.0
741.6062035560608,1329.0
741.660581111908,1330.0
743.8880708217621,1331.0
743.9083123207092,1332.0
743.9580218791962,1333.0
744.8877093791962,1334.0
745.3099527359009,1335.0
747.3322961330414,1336.0
747.3441541194916,1337.0
747.4239625930786,1338.0
747.4669389724731,1339.0
747.5290215015411,1340.0
747.5512120723724,1341.0
747.563111782074,1342.0
747.5815055370331,1343.0
747.6105964183807,1344.0
747.9066259860992,1345.0
749.9958248138428,1346.0
751.0291118621826,1347.0
751.1364619731903,1348.0
751.1483776569366,1349.0
751.4328207969666,1350.0
753.5243897438049,1351.0
757.5461237430573,1352.0
761.176994562149,1353.0
761.5486886501312,1354.0
761.5958034992218,1355.0
762.0554783344269,1356.0
762.0727226734161,1357.0
762.1747574806213,1358.0
762.2466390132904,1359.0
762.3143413066864,1360.0
762.4033203125,1361.0
762.4186670780182,1362.0
762.4306485652924,1363.0
762.4841318130493,1364.0
762.5726389884949,1365.0
762.588321685791,1366.0
765.55437541008,1367.0
765.9385230541229,1368.0
780.2350716590881,1369.0
780.2521777153015,1370.0
781.1732316017151,1371.0
781.4817290306091,1372.0
782.7636551856995,1373.0
783.2905986309052,1374.0
790.7702617645264,1375.0
790.8453845977783,1376.0
790.8624167442322,1377.0
790.8797900676727,1378.0
790.8921382427216,1379.0
790.9461688995361,1380.0
791.1107978820801,1381.0
791.5578498840332,1382.0
791.6430258750916,1383.0
793.2301337718964,1384.0
793.4873065948486,1385.0
793.6640393733978,1386.0
794.2156980037689,1387.0
794.3426630496979,1388.0
794.6423392295837,1389.0
794.7348432540894,1390.0
796.4042687416077,1391.0
796.4160649776459,1392.0
796.6255462169647,1393.0
796.6270558834076,1394.0
796.6386950016022,1395.0
796.6503384113312,1396.0
796.6791570186615,1397.0
797.2632296085358,1398.0
797.4357388019562,1399.0
797.6066319942474,1400.0
797.7892048358917,1401.0
797.8141462802887,1402.0
797.832688331604,1403.0
797.876969575882,1404.0
797.888881444931,1405.0
797.9058923721313,1406.0
797.9305300712585,1407.0
797.9646551609039,1408.0
797.9959626197815,1409.0
798.1493985652924,1410.0
802.1824629306793,1411.0
802.3044707775116,1412.0
802.5191874504089,1413.0
802.5309348106384,1414.0
802.5477252006531,1415.0
805.3422458171844,1416.0
805.558895111084,1417.0
806.3678705692291,1418.0
806.3848896026611,1419.0
808.3442494869232,1420.0
808.4602530002594,1421.0
808.5341744422913,1422.0
808.5563337802887,1423.0
808.5734112262726,1424.0
808.6222069263458,1425.0
808.639778137207,1426.0
809.6269052028656,1427.0
811.9547202587128,1428.0
814.5129308700562,1429.0
816.3006665706635,1430.0
816.3173770904541,1431.0
816.4854416847229,1432.0
816.5025606155396,1433.0
816.6753866672516,1434.0
816.8082618713379,1435.0
817.005378484726,1436.0
817.0344636440277,1437.0
817.097795009613,1438.0
817.1253597736359,1439.0
819.0548350811005,1440.0
819.113203048706,1441.0
819.1869850158691,1442.0
819.3853516578674,1443.0
819.5892670154572,1444.0
819.6012518405914,1445.0
819.7925803661346,1446.0
819.8044595718384,1447.0
820.0915484428406,1448.0
822.7271616458893,1449.0
822.7464745044708,1450.0
823.1309535503387,1451.0
823.1467885971069,1452.0
823.1586165428162,1453.0
823.1827623844147,1454.0
824.4141118526459,1455.0
824.5931041240692,1456.0
824.6194627285004,1457.0
824.631343126297,1458.0
824.6433069705963,1459.0
824.6552565097809,1460.0
824.6674511432648,1461.0
824.674281835556,1462.0
824.6860666275024,1463.0
824.7125511169434,1464.0
824.7612645626068,1465.0
824.773068189621,1466.0
824.9342458248138,1467.0
824.9791367053986,1468.0
825.14954829216,1469.0
825.161506652832,1470.0
826.0761811733246,1471.0
826.4924340248108,1472.0
826.6482222080231,1473.0
827.965282201767,1474.0
828.1055181026459,1475.0
828.2895166873932,1476.0
831.4501128196716,1477.0
832.879695892334,1478.0
832.9019558429718,1479.0
833.2225325107574,1480.0
833.3443038463593,1481.0
833.5875079631805,1482.0
838.1343431472778,1483.0
838.2588286399841,1484.0
838.3219845294952,1485.0
838.3388118743896,1486.0
838.3498115539551,1487.0
840.2012355327606,1488.0
844.3227841854095,1489.0
844.6262748241425,1490.0
844.6487095355988,1491.0
844.8899848461151,1492.0
844.9019944667816,1493.0
844.9191915988922,1494.0
844.9602427482605,1495.0
846.0103359222412,1496.0
846.0734875202179,1497.0
846.5022029876709,1498.0
846.5799851417542,1499.0
846.6089651584625,1500.0
848.6053690910339,1501.0
848.6881620883942,1502.0
848.7594423294067,1503.0
859.4454140663147,1504.0
859.457503080368,1505.0
859.4749450683594,1506.0
859.4871075153351,1507.0
859.4989857673645,1508.0
