SECONDS,request_completed
-47.50961422920227,1.0
-47.317875146865845,2.0
-46.97976064682007,3.0
-46.96073532104492,4.0
-46.76093292236328,5.0
-46.60553431510925,6.0
-46.60533142089844,7.0
-46.39615845680237,8.0
-46.23940086364746,9.0
-45.87003231048584,10.0
-45.79248547554016,11.0
-45.63355040550232,12.0
-45.61620283126831,13.0
-45.513362884521484,14.0
-45.47916054725647,15.0
-45.3455708026886,16.0
-45.20206832885742,17.0
-45.15230751037598,18.0
-45.08671760559082,19.0
-45.054738998413086,20.0
-44.97577738761902,21.0
-44.944634199142456,22.0
-44.51315426826477,23.0
-44.34520673751831,24.0
-44.20374798774719,25.0
-44.15356993675232,26.0
-43.597814321517944,27.0
-43.59763479232788,28.0
-43.54582762718201,29.0
-43.4431676864624,30.0
-43.40777111053467,31.0
-43.21782946586609,32.0
-42.822755098342896,33.0
-42.4933340549469,34.0
-42.458722829818726,35.0
-42.407073974609375,36.0
-42.390021324157715,37.0
-42.372902393341064,38.0
-42.223841428756714,39.0
-42.042054891586304,40.0
-41.91226649284363,41.0
-41.826582193374634,42.0
-41.46852970123291,43.0
-41.42456412315369,44.0
-41.181939363479614,45.0
-40.69619965553284,46.0
-40.15531301498413,47.0
-39.99043273925781,48.0
-39.94732165336609,49.0
-39.92335391044617,50.0
-39.83529353141785,51.0
-39.77943992614746,52.0
-39.63717579841614,53.0
-39.43359637260437,54.0
-38.805163860321045,55.0
-38.698354721069336,56.0
-38.639262676239014,57.0
-38.58228588104248,58.0
-38.58220195770264,59.0
-38.01317477226257,60.0
-38.01295566558838,61.0
-37.87676429748535,62.0
-37.84909415245056,63.0
-37.84890413284302,64.0
-37.84874153137207,65.0
-37.4525990486145,66.0
-37.328893184661865,67.0
-37.30656814575195,68.0
-37.18904113769531,69.0
-37.122966289520264,70.0
-37.12274241447449,71.0
-37.06824278831482,72.0
-36.91634249687195,73.0
-36.91623568534851,74.0
-36.86989665031433,75.0
-36.86968803405762,76.0
-36.81678867340088,77.0
-36.79643774032593,78.0
-36.67464756965637,79.0
-36.45674514770508,80.0
-36.22084593772888,81.0
-35.88462471961975,82.0
-35.637819051742554,83.0
-35.38606929779053,84.0
-35.20962309837341,85.0
-35.092869997024536,86.0
-35.032779693603516,87.0
-34.97808766365051,88.0
-34.90526366233826,89.0
-34.818065881729126,90.0
-34.74769926071167,91.0
-34.46051025390625,92.0
-34.21665596961975,93.0
-33.76033163070679,94.0
-33.76004481315613,95.0
-33.22544622421265,96.0
-33.2252402305603,97.0
-33.22510480880737,98.0
-33.11533761024475,99.0
-33.06153750419617,100.0
-33.06111025810242,101.0
-32.888492822647095,102.0
-32.672767639160156,103.0
-32.591439962387085,104.0
-32.56316876411438,105.0
-32.53562617301941,106.0
-32.47221326828003,107.0
-32.12124848365784,108.0
-31.844340324401855,109.0
-31.658230304718018,110.0
-31.657894134521484,111.0
-31.63052797317505,112.0
-31.568257570266724,113.0
-31.21586847305298,114.0
-31.10002374649048,115.0
-31.09957981109619,116.0
-30.781728506088257,117.0
-30.653628826141357,118.0
-30.59646224975586,119.0
-30.1675705909729,120.0
-29.964571475982666,121.0
-29.896867036819458,122.0
-29.831583738327026,123.0
-29.492852926254272,124.0
-29.459776878356934,125.0
-29.391884326934814,126.0
-29.095404148101807,127.0
-28.965593814849854,128.0
-28.965391874313354,129.0
-28.897681951522827,130.0
-28.827495336532593,131.0
-28.63737988471985,132.0
-28.637092351913452,133.0
-28.56978678703308,134.0
-28.401065826416016,135.0
-28.359848260879517,136.0
-28.288058519363403,137.0
-28.223597526550293,138.0
-27.31542205810547,139.0
-27.17085075378418,140.0
-27.019185781478882,141.0
-26.81053614616394,142.0
-26.746958255767822,143.0
-26.674293518066406,144.0
-26.674046277999878,145.0
-26.086556911468506,146.0
-26.01402235031128,147.0
-25.864801168441772,148.0
-25.864186763763428,149.0
-25.380310773849487,150.0
-25.094844102859497,151.0
-25.09450364112854,152.0
-25.01944661140442,153.0
-24.961462259292603,154.0
-24.961174488067627,155.0
-24.821319341659546,156.0
-24.748897314071655,157.0
-24.666622638702393,158.0
-24.514583110809326,159.0
-24.514305591583252,160.0
-23.84647297859192,161.0
-23.84620499610901,162.0
-23.698528051376343,163.0
-23.627480506896973,164.0
-23.52620005607605,165.0
-23.44872260093689,166.0
-23.24616312980652,167.0
-22.950669527053833,168.0
-22.950469732284546,169.0
-22.43828797340393,170.0
-22.43801975250244,171.0
-22.437724113464355,172.0
-21.966095447540283,173.0
-21.965529203414917,174.0
-21.894964694976807,175.0
-21.89440393447876,176.0
-21.894169330596924,177.0
-21.894046545028687,178.0
-21.893500089645386,179.0
-21.61922550201416,180.0
-21.54403591156006,181.0
-21.543808937072754,182.0
-21.543394565582275,183.0
-21.190647840499878,184.0
-21.03348994255066,185.0
-20.882460594177246,186.0
-20.88198685646057,187.0
-20.81912136077881,188.0
-20.72936725616455,189.0
-20.657629013061523,190.0
-20.585805416107178,191.0
-20.58551788330078,192.0
-20.44269847869873,193.0
-20.286436796188354,194.0
-20.21749448776245,195.0
-20.124140739440918,196.0
-20.0566828250885,197.0
-20.05634903907776,198.0
-19.926568269729614,199.0
-19.836891174316406,200.0
-19.56006932258606,201.0
-19.471686124801636,202.0
-19.47137475013733,203.0
-19.40658688545227,204.0
-19.251055479049683,205.0
-19.166399478912354,206.0
-19.09874963760376,207.0
-19.02465796470642,208.0
-18.89545702934265,209.0
-18.73542332649231,210.0
-18.494195699691772,211.0
-18.334540367126465,212.0
-18.258995294570923,213.0
-18.17950415611267,214.0
-18.099936485290527,215.0
-18.03333020210266,216.0
-17.882120370864868,217.0
-17.818828582763672,218.0
-17.662382125854492,219.0
-17.599197149276733,220.0
-17.306657314300537,221.0
-17.071890354156494,222.0
-16.978386878967285,223.0
-16.743303060531616,224.0
-16.670554161071777,225.0
-16.586799144744873,226.0
-16.441609144210815,227.0
-16.37405037879944,228.0
-16.29023790359497,229.0
-16.289814233779907,230.0
-16.289401054382324,231.0
-16.066440105438232,232.0
-16.066086769104004,233.0
-15.905855417251587,234.0
-15.84191107749939,235.0
-15.671229600906372,236.0
-15.515888214111328,237.0
-15.362602949142456,238.0
-15.362394571304321,239.0
-15.362192392349243,240.0
-15.29465365409851,241.0
-15.293721914291382,242.0
-15.058480501174927,243.0
-15.058038711547852,244.0
-14.990256547927856,245.0
-14.902596950531006,246.0
-14.82715106010437,247.0
-14.610275030136108,248.0
-14.546180009841919,249.0
-14.546052694320679,250.0
-14.545848846435547,251.0
-14.54578948020935,252.0
-14.545604705810547,253.0
-14.222632646560669,254.0
-14.222335577011108,255.0
-14.221772193908691,256.0
-14.1547532081604,257.0
-14.011168241500854,258.0
-14.010891199111938,259.0
-13.94408106803894,260.0
-13.860917806625366,261.0
-13.638427734375,262.0
-13.499284744262695,263.0
-13.430423259735107,264.0
-13.252164602279663,265.0
-13.251910209655762,266.0
-13.251615285873413,267.0
-13.039227724075317,268.0
-12.970512866973877,269.0
-12.970157623291016,270.0
-12.902833700180054,271.0
-12.804362535476685,272.0
-12.590717077255249,273.0
-12.527149677276611,274.0
-12.309856176376343,275.0
-12.23074197769165,276.0
-12.230423212051392,277.0
-11.992135524749756,278.0
-11.922372817993164,279.0
-11.856063604354858,280.0
-11.721649646759033,281.0
-11.522945642471313,282.0
-11.52226710319519,283.0
-11.522067546844482,284.0
-11.521775245666504,285.0
-11.457160472869873,286.0
-11.390774726867676,287.0
-11.24006986618042,288.0
-10.94631290435791,289.0
-10.511560678482056,290.0
-10.286572456359863,291.0
-10.218595743179321,292.0
-10.034393072128296,293.0
-10.034220457077026,294.0
-9.958480596542358,295.0
-9.602277517318726,296.0
-9.6020348072052,297.0
-9.518767833709717,298.0
-9.51840591430664,299.0
-9.360139846801758,300.0
-9.291064977645874,301.0
-9.077298402786255,302.0
-8.914504528045654,303.0
-8.754563570022583,304.0
-8.680345296859741,305.0
-8.607305526733398,306.0
-8.315121173858643,307.0
-8.242743730545044,308.0
-8.242092370986938,309.0
-8.008730411529541,310.0
-7.842791795730591,311.0
-7.774656295776367,312.0
-7.450750350952148,313.0
-7.382772207260132,314.0
-7.382363796234131,315.0
-7.382084369659424,316.0
-7.302685976028442,317.0
-7.22639799118042,318.0
-7.158463716506958,319.0
-6.999860048294067,320.0
-6.8420493602752686,321.0
-6.536066055297852,322.0
-6.466616153717041,323.0
-6.26260232925415,324.0
-6.094789028167725,325.0
-6.09406304359436,326.0
-5.869215488433838,327.0
-5.717681407928467,328.0
-5.618453025817871,329.0
-5.47071099281311,330.0
-5.398547172546387,331.0
-5.254904270172119,332.0
-5.254520893096924,333.0
-5.180154085159302,334.0
-5.106354475021362,335.0
-4.818637132644653,336.0
-4.41767144203186,337.0
-4.417273998260498,338.0
-4.254597187042236,339.0
-4.254343271255493,340.0
-4.030615329742432,341.0
-3.803972005844116,342.0
-3.803541421890259,343.0
-3.7249929904937744,344.0
-3.7246546745300293,345.0
-3.6494760513305664,346.0
-3.5648136138916016,347.0
-3.5640759468078613,348.0
-3.331400156021118,349.0
-2.958301544189453,350.0
-2.957585573196411,351.0
-2.957247257232666,352.0
-2.8068881034851074,353.0
-2.806340456008911,354.0
-2.5685083866119385,355.0
-2.430889844894409,356.0
-2.338608980178833,357.0
-2.2705533504486084,358.0
-1.875058889389038,359.0
-1.7154526710510254,360.0
-1.5643713474273682,361.0
-1.5637826919555664,362.0
-1.4867870807647705,363.0
-1.2670445442199707,364.0
-0.3702526092529297,365.0
0.15226984024047852,366.0
0.2400360107421875,367.0
0.3979008197784424,368.0
0.4645977020263672,369.0
0.4650876522064209,370.0
0.46544814109802246,371.0
0.5577511787414551,372.0
0.5579965114593506,373.0
0.658513069152832,374.0
0.6586902141571045,375.0
0.6589226722717285,376.0
0.9904947280883789,377.0
1.0619933605194092,378.0
1.390277624130249,379.0
1.4781434535980225,380.0
1.5555806159973145,381.0
1.804586410522461,382.0
1.8740928173065186,383.0
1.8742358684539795,384.0
2.033956527709961,385.0
2.566659927368164,386.0
2.642251968383789,387.0
2.7363691329956055,388.0
2.8042707443237305,389.0
2.8046023845672607,390.0
2.989525318145752,391.0
3.080761194229126,392.0
3.4365177154541016,393.0
3.5385637283325195,394.0
3.539268970489502,395.0
3.610572338104248,396.0
3.7748701572418213,397.0
3.934375286102295,398.0
3.9347901344299316,399.0
4.170182704925537,400.0
4.2633466720581055,401.0
4.4505534172058105,402.0
4.450802326202393,403.0
4.451482534408569,404.0
4.451687574386597,405.0
4.52652382850647,406.0
4.699284553527832,407.0
4.699521064758301,408.0
4.772481679916382,409.0
4.772887945175171,410.0
4.773054122924805,411.0
4.856835603713989,412.0
4.956683874130249,413.0
5.025468111038208,414.0
5.1148011684417725,415.0
5.115279674530029,416.0
5.202553033828735,417.0
5.457651138305664,418.0
5.457893371582031,419.0
5.542351722717285,420.0
5.621432304382324,421.0
5.790678977966309,422.0
5.790845632553101,423.0
5.95110297203064,424.0
6.020772933959961,425.0
6.198506593704224,426.0
6.27848482131958,427.0
6.369685411453247,428.0
6.370665550231934,429.0
6.371214389801025,430.0
6.440999269485474,431.0
6.602388620376587,432.0
6.602590322494507,433.0
6.852380275726318,434.0
6.852957487106323,435.0
6.991215944290161,436.0
6.991788148880005,437.0
7.148174524307251,438.0
7.394297122955322,439.0
7.4658424854278564,440.0
7.466269493103027,441.0
7.564584970474243,442.0
7.798006296157837,443.0
7.798475027084351,444.0
7.97202730178833,445.0
8.134137630462646,446.0
8.213061809539795,447.0
8.302366733551025,448.0
8.464165449142456,449.0
8.533432006835938,450.0
8.53371548652649,451.0
8.627330780029297,452.0
8.627488374710083,453.0
8.627590417861938,454.0
8.712335109710693,455.0
8.962165355682373,456.0
8.962474346160889,457.0
9.126206874847412,458.0
9.214323282241821,459.0
9.376763820648193,460.0
9.445217370986938,461.0
9.542082071304321,462.0
9.54304838180542,463.0
9.6337730884552,464.0
9.63441514968872,465.0
9.722942113876343,466.0
9.723450183868408,467.0
9.723592042922974,468.0
9.794558048248291,469.0
9.938129901885986,470.0
10.124363422393799,471.0
10.220357179641724,472.0
10.357296466827393,473.0
10.357913970947266,474.0
10.53468132019043,475.0
10.535311460494995,476.0
10.768332242965698,477.0
10.84990406036377,478.0
10.850396871566772,479.0
11.008973836898804,480.0
11.009124279022217,481.0
11.00922679901123,482.0
11.348231315612793,483.0
11.348487854003906,484.0
11.747095346450806,485.0
11.747403860092163,486.0
11.747702836990356,487.0
12.080265522003174,488.0
12.168627262115479,489.0
12.342046737670898,490.0
12.425831079483032,491.0
12.426284074783325,492.0
12.497240543365479,493.0
12.498424530029297,494.0
12.641536474227905,495.0
12.641937732696533,496.0
12.78153133392334,497.0
13.00562047958374,498.0
13.005746364593506,499.0
13.0063636302948,500.0
13.083540678024292,501.0
13.083824157714844,502.0
13.158893823623657,503.0
13.313271522521973,504.0
13.641473293304443,505.0
13.72720742225647,506.0
13.803436994552612,507.0
13.879226446151733,508.0
13.961240291595459,509.0
14.117427825927734,510.0
14.22195291519165,511.0
14.22221565246582,512.0
14.378035545349121,513.0
14.523475170135498,514.0
14.678428649902344,515.0
15.074936866760254,516.0
15.157816886901855,517.0
15.57418966293335,518.0
15.735336780548096,519.0
15.898150205612183,520.0
15.977736711502075,521.0
16.14485740661621,522.0
16.306135177612305,523.0
16.55670475959778,524.0
16.625348806381226,525.0
16.62571954727173,526.0
16.705857038497925,527.0
16.7061824798584,528.0
16.706391096115112,529.0
16.79535675048828,530.0
16.795772790908813,531.0
16.873687267303467,532.0
16.959184885025024,533.0
16.959699630737305,534.0
17.27758240699768,535.0
17.27805757522583,536.0
17.278300762176514,537.0
17.52024269104004,538.0
17.609513521194458,539.0
17.61010766029358,540.0
17.873655796051025,541.0
17.874449968338013,542.0
17.957837104797363,543.0
18.045580863952637,544.0
18.04625368118286,545.0
18.213531732559204,546.0
18.296727895736694,547.0
18.36669421195984,548.0
18.697738647460938,549.0
19.01380681991577,550.0
19.085493803024292,551.0
19.174002170562744,552.0
19.25335955619812,553.0
19.253969430923462,554.0
19.49398422241211,555.0
19.584043264389038,556.0
19.74556040763855,557.0
20.056797742843628,558.0
20.146082162857056,559.0
20.225586652755737,560.0
20.22630763053894,561.0
20.30484127998352,562.0
20.382904529571533,563.0
20.468334674835205,564.0
20.469096899032593,565.0
20.538413763046265,566.0
20.538766622543335,567.0
20.538989305496216,568.0
20.617515563964844,569.0
20.693542003631592,570.0
21.040132522583008,571.0
21.04044008255005,572.0
21.11941647529602,573.0
21.18910551071167,574.0
21.749510765075684,575.0
21.749930143356323,576.0
21.828042030334473,577.0
21.828229904174805,578.0
21.828428030014038,579.0
21.82860827445984,580.0
21.912874221801758,581.0
22.06622838973999,582.0
22.066877841949463,583.0
22.145244121551514,584.0
22.313183307647705,585.0
22.396800756454468,586.0
22.397820234298706,587.0
22.548900365829468,588.0
23.256525993347168,589.0
23.256835222244263,590.0
23.58136534690857,591.0
23.6513409614563,592.0
23.720528602600098,593.0
23.881479501724243,594.0
24.046894788742065,595.0
24.429673194885254,596.0
24.58687472343445,597.0
24.587990522384644,598.0
24.67582941055298,599.0
24.676351070404053,600.0
24.747880935668945,601.0
25.14170217514038,602.0
25.142699241638184,603.0
25.23135781288147,604.0
25.231645345687866,605.0
25.546247959136963,606.0
25.62224841117859,607.0
25.62246870994568,608.0
25.62296748161316,609.0
25.698081254959106,610.0
26.004748821258545,611.0
26.1677565574646,612.0
26.239436864852905,613.0
26.2396821975708,614.0
27.338316917419434,615.0
27.408918380737305,616.0
27.5728759765625,617.0
27.64808750152588,618.0
27.64838457107544,619.0
27.64872670173645,620.0
27.64901113510132,621.0
27.7371826171875,622.0
27.897460460662842,623.0
27.897945642471313,624.0
27.973130464553833,625.0
27.973510026931763,626.0
28.065470218658447,627.0
28.14109778404236,628.0
28.141347646713257,629.0
28.208576917648315,630.0
28.2093403339386,631.0
28.209679126739502,632.0
28.29573130607605,633.0
28.768664598464966,634.0
29.058271169662476,635.0
29.058767557144165,636.0
29.05939507484436,637.0
29.15068221092224,638.0
29.38365364074707,639.0
29.46490478515625,640.0
29.537334203720093,641.0
29.689101457595825,642.0
29.77980923652649,643.0
29.86933970451355,644.0
29.869747161865234,645.0
30.580767154693604,646.0
30.820369243621826,647.0
31.134944677352905,648.0
31.298475742340088,649.0
31.299041748046875,650.0
31.299407958984375,651.0
31.438164472579956,652.0
31.438543558120728,653.0
31.53167152404785,654.0
31.60300040245056,655.0
31.689228296279907,656.0
31.933202505111694,657.0
32.165698528289795,658.0
32.6296591758728,659.0
33.04884958267212,660.0
33.049602031707764,661.0
33.04987907409668,662.0
33.21301770210266,663.0
33.300372838974,664.0
33.46080303192139,665.0
33.61713409423828,666.0
33.78568649291992,667.0
34.196256160736084,668.0
34.3500292301178,669.0
34.4932804107666,670.0
34.49397039413452,671.0
34.56498432159424,672.0
34.56545639038086,673.0
34.824865102767944,674.0
34.89726209640503,675.0
34.99204778671265,676.0
35.07747173309326,677.0
35.0778226852417,678.0
35.46906042098999,679.0
35.46945858001709,680.0
35.64197015762329,681.0
35.72135853767395,682.0
36.12537884712219,683.0
36.12568187713623,684.0
36.126158237457275,685.0
36.19357514381409,686.0
36.193838119506836,687.0
36.549562215805054,688.0
36.76716327667236,689.0
36.867676973342896,690.0
36.955968141555786,691.0
37.03755497932434,692.0
37.205649614334106,693.0
37.205867767333984,694.0
37.4575252532959,695.0
37.61171865463257,696.0
37.74922800064087,697.0
37.84539079666138,698.0
37.845672845840454,699.0
37.92780089378357,700.0
37.92807149887085,701.0
38.080270290374756,702.0
38.261011362075806,703.0
38.26190257072449,704.0
38.33432865142822,705.0
38.33491396903992,706.0
38.58263087272644,707.0
38.81354761123657,708.0
38.88150191307068,709.0
38.95337653160095,710.0
39.199063539505005,711.0
39.437540769577026,712.0
39.504231691360474,713.0
39.50449514389038,714.0
39.64114022254944,715.0
39.64170002937317,716.0
39.70883512496948,717.0
39.70991563796997,718.0
39.78501844406128,719.0
39.886269092559814,720.0
39.88655972480774,721.0
39.886948347091675,722.0
40.283315658569336,723.0
40.68110704421997,724.0
40.8573157787323,725.0
40.85819625854492,726.0
41.06973719596863,727.0
41.163851261138916,728.0
41.24721622467041,729.0
41.33319163322449,730.0
41.3339741230011,731.0
41.40355467796326,732.0
41.404393911361694,733.0
41.473002433776855,734.0
41.473512172698975,735.0
41.64480805397034,736.0
41.645596981048584,737.0
41.64583468437195,738.0
41.646156549453735,739.0
41.6463418006897,740.0
41.95303416252136,741.0
41.953346729278564,742.0
42.22483706474304,743.0
42.2256977558136,744.0
42.45696449279785,745.0
42.45717930793762,746.0
42.87280464172363,747.0
42.87359070777893,748.0
43.04135870933533,749.0
43.11594033241272,750.0
43.1876802444458,751.0
43.35947227478027,752.0
43.35989332199097,753.0
43.59131336212158,754.0
43.591986894607544,755.0
43.6611053943634,756.0
43.661293745040894,757.0
43.74920868873596,758.0
43.816981077194214,759.0
43.980950593948364,760.0
43.98133683204651,761.0
44.06059002876282,762.0
44.143500089645386,763.0
44.50764489173889,764.0
44.59529447555542,765.0
44.753015995025635,766.0
44.913711071014404,767.0
44.98897123336792,768.0
45.056801080703735,769.0
45.365092515945435,770.0
45.824833393096924,771.0
45.82526254653931,772.0
45.895527839660645,773.0
46.128915309906006,774.0
46.12934756278992,775.0
46.35701298713684,776.0
46.823790311813354,777.0
47.06473159790039,778.0
47.06587290763855,779.0
47.44896459579468,780.0
47.449347734451294,781.0
47.449471950531006,782.0
47.59920644760132,783.0
47.59993815422058,784.0
47.83927917480469,785.0
47.83948469161987,786.0
47.8399612903595,787.0
47.840168714523315,788.0
47.99187731742859,789.0
48.151458501815796,790.0
48.226869106292725,791.0
48.381598711013794,792.0
48.457303524017334,793.0
48.608654499053955,794.0
48.78563189506531,795.0
48.935715436935425,796.0
48.93639397621155,797.0
49.16867756843567,798.0
49.16919136047363,799.0
49.32319092750549,800.0
49.32357168197632,801.0
49.32367491722107,802.0
49.552985429763794,803.0
49.69127655029297,804.0
49.778239250183105,805.0
49.84220552444458,806.0
49.9293532371521,807.0
49.994354248046875,808.0
50.084824085235596,809.0
50.165849685668945,810.0
50.321439266204834,811.0
50.41155958175659,812.0
50.49031090736389,813.0
50.62310767173767,814.0
50.70872473716736,815.0
50.709065198898315,816.0
51.02856206893921,817.0
51.09445309638977,818.0
51.17962050437927,819.0
51.44661331176758,820.0
51.76517057418823,821.0
51.83657097816467,822.0
51.83722472190857,823.0
52.004634141922,824.0
52.63947033882141,825.0
52.85230779647827,826.0
52.99848294258118,827.0
53.0690701007843,828.0
53.13684368133545,829.0
53.285226583480835,830.0
53.518489360809326,831.0
53.671847105026245,832.0
53.75579833984375,833.0
53.91375374794006,834.0
53.9144492149353,835.0
53.915101528167725,836.0
54.236796855926514,837.0
54.37716889381409,838.0
54.37753343582153,839.0
54.377851247787476,840.0
54.37823700904846,841.0
54.69338250160217,842.0
54.69355654716492,843.0
54.80179286003113,844.0
54.885403871536255,845.0
54.88639998435974,846.0
54.887083292007446,847.0
55.189373254776,848.0
55.18998193740845,849.0
55.28548741340637,850.0
55.525413036346436,851.0
55.69697403907776,852.0
55.78705310821533,853.0
55.9304256439209,854.0
55.93066883087158,855.0
56.10034513473511,856.0
56.17027831077576,857.0
56.349292516708374,858.0
56.67721128463745,859.0
56.677430868148804,860.0
56.83321666717529,861.0
57.169477462768555,862.0
57.24119305610657,863.0
57.241870403289795,864.0
57.316017389297485,865.0
57.31664824485779,866.0
57.461217164993286,867.0
57.54385852813721,868.0
57.64118766784668,869.0
57.642027854919434,870.0
57.7092559337616,871.0
57.70939087867737,872.0
57.709676027297974,873.0
57.80367588996887,874.0
58.13179588317871,875.0
58.132521867752075,876.0
58.29107117652893,877.0
58.71700978279114,878.0
58.718178510665894,879.0
58.86999011039734,880.0
58.95441937446594,881.0
59.025060415267944,882.0
59.12935924530029,883.0
59.201828956604004,884.0
59.20233702659607,885.0
59.36371421813965,886.0
59.363996267318726,887.0
59.52794528007507,888.0
59.701184034347534,889.0
59.94364047050476,890.0
59.94399070739746,891.0
60.01497673988342,892.0
60.01553964614868,893.0
60.085411071777344,894.0
60.18139910697937,895.0
60.485671281814575,896.0
60.649125814437866,897.0
60.74521780014038,898.0
60.74551963806152,899.0
60.74587440490723,900.0
60.889331102371216,901.0
61.05086088180542,902.0
61.141209840774536,903.0
61.141358375549316,904.0
61.39017295837402,905.0
61.39043855667114,906.0
61.46162724494934,907.0
61.63454341888428,908.0
62.10246801376343,909.0
62.169941663742065,910.0
62.26769948005676,911.0
62.455594301223755,912.0
62.77693557739258,913.0
62.77765083312988,914.0
62.856953859329224,915.0
62.95351791381836,916.0
63.12916326522827,917.0
63.365323543548584,918.0
63.50212860107422,919.0
63.5692343711853,920.0
63.773784160614014,921.0
63.941112995147705,922.0
63.9417839050293,923.0
64.57494735717773,924.0
64.57652401924133,925.0
64.5768792629242,926.0
64.7360987663269,927.0
64.80450773239136,928.0
64.94905948638916,929.0
64.94957184791565,930.0
65.01976084709167,931.0
65.19062900543213,932.0
65.26104283332825,933.0
65.34514212608337,934.0
65.65029120445251,935.0
65.8278169631958,936.0
66.59974026679993,937.0
66.59993577003479,938.0
66.60086989402771,939.0
66.68541216850281,940.0
66.68578958511353,941.0
66.83718204498291,942.0
66.905930519104,943.0
66.90717053413391,944.0
66.976979970932,945.0
67.1356143951416,946.0
67.13608264923096,947.0
67.2615647315979,948.0
67.41430377960205,949.0
67.41570281982422,950.0
67.50498223304749,951.0
67.57092475891113,952.0
67.74497246742249,953.0
67.98157978057861,954.0
67.98199319839478,955.0
68.05917596817017,956.0
68.1450583934784,957.0
68.22098541259766,958.0
68.53722429275513,959.0
68.6148669719696,960.0
68.83778285980225,961.0
68.90963411331177,962.0
68.9974594116211,963.0
68.99792432785034,964.0
69.21702718734741,965.0
69.3891065120697,966.0
69.54267358779907,967.0
69.61329436302185,968.0
69.69779944419861,969.0
69.69825649261475,970.0
69.79572772979736,971.0
69.79674434661865,972.0
69.86437559127808,973.0
69.94394493103027,974.0
70.24950790405273,975.0
70.31467914581299,976.0
70.37811994552612,977.0
70.53998637199402,978.0
70.60910820960999,979.0
70.98485493659973,980.0
71.07707643508911,981.0
71.07761597633362,982.0
71.15304374694824,983.0
71.29930925369263,984.0
71.29974865913391,985.0
71.3000020980835,986.0
71.30053305625916,987.0
71.44291973114014,988.0
71.50583958625793,989.0
71.64563131332397,990.0
71.73950052261353,991.0
71.82272744178772,992.0
72.05547714233398,993.0
72.0558729171753,994.0
72.42184472084045,995.0
72.5700011253357,996.0
72.71391201019287,997.0
72.71420311927795,998.0
72.78097128868103,999.0
72.84864449501038,1000.0
72.98486304283142,1001.0
73.11700367927551,1002.0
73.25672602653503,1003.0
73.25731182098389,1004.0
73.3352439403534,1005.0
73.33584475517273,1006.0
73.40112519264221,1007.0
73.46434807777405,1008.0
73.91645526885986,1009.0
73.91683435440063,1010.0
73.91698622703552,1011.0
73.99299907684326,1012.0
74.12475657463074,1013.0
74.25712752342224,1014.0
74.63268733024597,1015.0
74.71793556213379,1016.0
74.84816384315491,1017.0
74.84871125221252,1018.0
74.84931206703186,1019.0
74.98024249076843,1020.0
74.98088765144348,1021.0
75.13124370574951,1022.0
75.32820630073547,1023.0
75.39198517799377,1024.0
75.39216947555542,1025.0
75.61994123458862,1026.0
75.68406057357788,1027.0
75.80843782424927,1028.0
76.39637899398804,1029.0
76.54460310935974,1030.0
76.54491662979126,1031.0
76.61281442642212,1032.0
76.82442593574524,1033.0
76.96312808990479,1034.0
77.0632483959198,1035.0
77.14412426948547,1036.0
77.33749675750732,1037.0
77.40021181106567,1038.0
77.46184515953064,1039.0
77.58983826637268,1040.0
77.72210097312927,1041.0
77.78795838356018,1042.0
78.32273697853088,1043.0
78.76260638237,1044.0
78.85085201263428,1045.0
78.91616439819336,1046.0
79.04396605491638,1047.0
79.38907504081726,1048.0
79.5175530910492,1049.0
79.59735584259033,1050.0
79.88190150260925,1051.0
80.02410745620728,1052.0
80.10003685951233,1053.0
80.10045647621155,1054.0
80.39600253105164,1055.0
80.39620685577393,1056.0
80.98125100135803,1057.0
81.1172878742218,1058.0
81.25337624549866,1059.0
81.55428886413574,1060.0
81.62081146240234,1061.0
81.84505677223206,1062.0
81.9920859336853,1063.0
82.28559947013855,1064.0
82.44298529624939,1065.0
82.5082335472107,1066.0
82.58606362342834,1067.0
82.74151229858398,1068.0
83.02062845230103,1069.0
83.39487862586975,1070.0
83.63224053382874,1071.0
83.710205078125,1072.0
83.71103048324585,1073.0
83.88435649871826,1074.0
84.10030841827393,1075.0
84.10073208808899,1076.0
84.170485496521,1077.0
84.24274063110352,1078.0
84.76568150520325,1079.0
84.98860597610474,1080.0
85.51546287536621,1081.0
85.51592183113098,1082.0
85.57983231544495,1083.0
85.66085648536682,1084.0
85.80673313140869,1085.0
85.99849534034729,1086.0
86.15253925323486,1087.0
86.29661726951599,1088.0
86.35726141929626,1089.0
86.35774397850037,1090.0
86.50442695617676,1091.0
86.5779116153717,1092.0
86.64842128753662,1093.0
86.72613310813904,1094.0
86.86623430252075,1095.0
87.370534658432,1096.0
87.37084412574768,1097.0
87.371422290802,1098.0
87.51261281967163,1099.0
87.71884393692017,1100.0
88.65217924118042,1101.0
88.71724319458008,1102.0
88.71780514717102,1103.0
88.71818113327026,1104.0
89.68008303642273,1105.0
89.68096685409546,1106.0
89.82062363624573,1107.0
89.82084608078003,1108.0
89.95822501182556,1109.0
90.10820388793945,1110.0
90.39432287216187,1111.0
90.39497995376587,1112.0
90.52042412757874,1113.0
90.52097606658936,1114.0
90.67390513420105,1115.0
90.95506000518799,1116.0
91.01670098304749,1117.0
91.07644939422607,1118.0
91.7332284450531,1119.0
91.95496678352356,1120.0
91.95530486106873,1121.0
92.04271841049194,1122.0
92.17664670944214,1123.0
92.32865142822266,1124.0
92.39437007904053,1125.0
92.55285692214966,1126.0
92.61698913574219,1127.0
92.74513053894043,1128.0
92.8162612915039,1129.0
93.26405096054077,1130.0
93.45845484733582,1131.0
93.45880222320557,1132.0
93.59192824363708,1133.0
93.77333188056946,1134.0
93.98809266090393,1135.0
93.98863959312439,1136.0
94.05224871635437,1137.0
94.1281168460846,1138.0
94.1885757446289,1139.0
94.25964570045471,1140.0
94.59057092666626,1141.0
94.59106779098511,1142.0
94.95876264572144,1143.0
94.95920181274414,1144.0
95.0258207321167,1145.0
95.16783857345581,1146.0
95.5388343334198,1147.0
95.75201511383057,1148.0
96.23337435722351,1149.0
96.32222723960876,1150.0
96.45432567596436,1151.0
96.9666805267334,1152.0
97.23987412452698,1153.0
97.24041724205017,1154.0
97.41021490097046,1155.0
97.48805570602417,1156.0
97.62052655220032,1157.0
97.97992181777954,1158.0
98.12784719467163,1159.0
98.2079656124115,1160.0
98.39273238182068,1161.0
98.39322113990784,1162.0
98.65233492851257,1163.0
99.45176959037781,1164.0
99.45247387886047,1165.0
99.51882147789001,1166.0
100.22421336174011,1167.0
100.28877925872803,1168.0
100.44005680084229,1169.0
100.44049406051636,1170.0
100.66399359703064,1171.0
100.73879218101501,1172.0
100.73973226547241,1173.0
100.74029636383057,1174.0
100.81593680381775,1175.0
101.32395648956299,1176.0
101.56402254104614,1177.0
101.93410205841064,1178.0
101.93471002578735,1179.0
102.22496891021729,1180.0
102.58359408378601,1181.0
102.7156400680542,1182.0
102.71601843833923,1183.0
102.7830924987793,1184.0
103.07989001274109,1185.0
103.2240309715271,1186.0
103.299964427948,1187.0
103.77749466896057,1188.0
103.85613512992859,1189.0
104.1665871143341,1190.0
104.40858030319214,1191.0
104.49192070960999,1192.0
104.4922571182251,1193.0
104.492999792099,1194.0
104.71444749832153,1195.0
105.08245348930359,1196.0
105.14822816848755,1197.0
105.14844250679016,1198.0
105.51508736610413,1199.0
105.67672777175903,1200.0
105.6774799823761,1201.0
105.82149982452393,1202.0
105.82312083244324,1203.0
105.82448196411133,1204.0
106.06051969528198,1205.0
106.68449974060059,1206.0
106.8467869758606,1207.0
107.22378897666931,1208.0
107.224449634552,1209.0
107.36999845504761,1210.0
107.49833703041077,1211.0
107.65240788459778,1212.0
107.72827458381653,1213.0
107.7940149307251,1214.0
108.08042025566101,1215.0
108.16509246826172,1216.0
108.37634301185608,1217.0
108.37698698043823,1218.0
108.54030442237854,1219.0
108.82836747169495,1220.0
108.99623489379883,1221.0
109.06407260894775,1222.0
109.06452488899231,1223.0
109.15104079246521,1224.0
109.21629238128662,1225.0
109.44844365119934,1226.0
109.51613783836365,1227.0
109.88029670715332,1228.0
109.88149428367615,1229.0
110.10154819488525,1230.0
110.10170102119446,1231.0
110.40209794044495,1232.0
110.67610454559326,1233.0
110.77453565597534,1234.0
110.77498388290405,1235.0
110.92330718040466,1236.0
111.2988030910492,1237.0
111.50016045570374,1238.0
112.30233955383301,1239.0
112.36803960800171,1240.0
112.43450403213501,1241.0
112.60315704345703,1242.0
112.9518837928772,1243.0
113.08816432952881,1244.0
113.08849239349365,1245.0
113.08862590789795,1246.0
113.29605650901794,1247.0
113.29674530029297,1248.0
113.39444708824158,1249.0
113.39478397369385,1250.0
113.39499807357788,1251.0
113.39541578292847,1252.0
113.54264426231384,1253.0
113.69195580482483,1254.0
113.76387166976929,1255.0
113.90759444236755,1256.0
113.90834951400757,1257.0
113.90907073020935,1258.0
113.90963649749756,1259.0
113.98795008659363,1260.0
113.98818254470825,1261.0
114.52895927429199,1262.0
114.67984557151794,1263.0
115.15732550621033,1264.0
115.84509873390198,1265.0
116.22700667381287,1266.0
116.3043200969696,1267.0
116.30560183525085,1268.0
116.7749342918396,1269.0
116.77548575401306,1270.0
117.14443373680115,1271.0
117.43620920181274,1272.0
117.72474718093872,1273.0
117.72516131401062,1274.0
117.79632043838501,1275.0
117.79664587974548,1276.0
117.93249797821045,1277.0
118.08421444892883,1278.0
118.14819693565369,1279.0
118.2269344329834,1280.0
118.36109447479248,1281.0
118.43797779083252,1282.0
118.5007963180542,1283.0
118.50124621391296,1284.0
118.56817364692688,1285.0
119.0365583896637,1286.0
119.03683400154114,1287.0
119.45076894760132,1288.0
119.57928228378296,1289.0
119.75909471511841,1290.0
119.85097336769104,1291.0
120.13648915290833,1292.0
120.35644721984863,1293.0
120.58307433128357,1294.0
120.5834743976593,1295.0
120.64840531349182,1296.0
120.8766279220581,1297.0
120.94099068641663,1298.0
121.08878326416016,1299.0
121.23216772079468,1300.0
121.30029320716858,1301.0
121.3005383014679,1302.0
121.67630100250244,1303.0
121.814133644104,1304.0
121.9709722995758,1305.0
121.97127890586853,1306.0
122.19238615036011,1307.0
122.2600519657135,1308.0
122.62024712562561,1309.0
122.6921956539154,1310.0
122.75632905960083,1311.0
122.75687146186829,1312.0
122.9519522190094,1313.0
122.95238709449768,1314.0
123.12778806686401,1315.0
123.33326435089111,1316.0
123.33349776268005,1317.0
123.39757132530212,1318.0
123.5879442691803,1319.0
123.58813691139221,1320.0
123.6499376296997,1321.0
123.65028762817383,1322.0
123.81994891166687,1323.0
124.04398798942566,1324.0
124.68436479568481,1325.0
124.82399153709412,1326.0
125.40122270584106,1327.0
125.55468082427979,1328.0
125.55527639389038,1329.0
125.62003564834595,1330.0
125.68713521957397,1331.0
125.82406735420227,1332.0
125.901296377182,1333.0
125.97167444229126,1334.0
126.21726369857788,1335.0
126.80012702941895,1336.0
127.17316555976868,1337.0
127.17368459701538,1338.0
127.38783264160156,1339.0
127.38816380500793,1340.0
127.38841342926025,1341.0
127.68675065040588,1342.0
127.68759250640869,1343.0
127.74918699264526,1344.0
128.1720530986786,1345.0
128.43996596336365,1346.0
128.53382682800293,1347.0
128.53413009643555,1348.0
129.48855829238892,1349.0
130.10410833358765,1350.0
130.4881570339203,1351.0
130.55832052230835,1352.0
130.6278829574585,1353.0
130.86293196678162,1354.0
131.17216157913208,1355.0
131.3174614906311,1356.0
131.70437908172607,1357.0
132.13667106628418,1358.0
132.22435641288757,1359.0
132.29866695404053,1360.0
132.36402797698975,1361.0
132.66322946548462,1362.0
132.74030804634094,1363.0
132.81221199035645,1364.0
133.0308382511139,1365.0
133.2320008277893,1366.0
133.2327094078064,1367.0
133.2334315776825,1368.0
133.36280632019043,1369.0
133.57993340492249,1370.0
133.58015775680542,1371.0
133.58042740821838,1372.0
133.65202713012695,1373.0
133.85595965385437,1374.0
134.06565380096436,1375.0
134.20162320137024,1376.0
134.62873363494873,1377.0
134.70403861999512,1378.0
134.70460057258606,1379.0
134.77001762390137,1380.0
135.09449553489685,1381.0
135.2479658126831,1382.0
135.24875259399414,1383.0
135.37747597694397,1384.0
135.82798743247986,1385.0
135.97079348564148,1386.0
136.03422355651855,1387.0
136.09972023963928,1388.0
136.10009217262268,1389.0
136.23074102401733,1390.0
136.33342623710632,1391.0
136.411559343338,1392.0
136.59580612182617,1393.0
136.94784498214722,1394.0
137.10252141952515,1395.0
137.1718065738678,1396.0
137.29946970939636,1397.0
137.5131072998047,1398.0
137.71187019348145,1399.0
137.77145409584045,1400.0
137.9876868724823,1401.0
137.98813724517822,1402.0
138.04743432998657,1403.0
138.1903040409088,1404.0
138.63782572746277,1405.0
138.76777291297913,1406.0
139.11849856376648,1407.0
139.3161871433258,1408.0
139.43602585792542,1409.0
140.2120020389557,1410.0
140.49755907058716,1411.0
140.49829483032227,1412.0
141.36208128929138,1413.0
141.79932832717896,1414.0
141.87639117240906,1415.0
142.03022980690002,1416.0
142.03126621246338,1417.0
142.28049540519714,1418.0
142.51801109313965,1419.0
142.7727119922638,1420.0
142.84007573127747,1421.0
142.84032607078552,1422.0
143.05887746810913,1423.0
143.1986792087555,1424.0
143.56068325042725,1425.0
143.71122527122498,1426.0
143.79661345481873,1427.0
143.86838603019714,1428.0
143.95044088363647,1429.0
144.1043221950531,1430.0
144.17827892303467,1431.0
144.17898845672607,1432.0
144.17919158935547,1433.0
144.17941808700562,1434.0
144.3080291748047,1435.0
144.44282293319702,1436.0
144.61120200157166,1437.0
144.6119384765625,1438.0
144.74000477790833,1439.0
144.97074794769287,1440.0
145.12785029411316,1441.0
145.19607162475586,1442.0
145.19638180732727,1443.0
145.2580873966217,1444.0
145.25825786590576,1445.0
145.3440306186676,1446.0
145.7211992740631,1447.0
145.9199411869049,1448.0
146.10262632369995,1449.0
146.10321426391602,1450.0
146.165292263031,1451.0
146.23985075950623,1452.0
146.30357933044434,1453.0
146.38425493240356,1454.0
146.38438439369202,1455.0
146.60012817382812,1456.0
146.79983592033386,1457.0
146.80064511299133,1458.0
146.8008840084076,1459.0
147.42751169204712,1460.0
147.88242840766907,1461.0
148.80845761299133,1462.0
149.31195783615112,1463.0
149.4607219696045,1464.0
150.16870784759521,1465.0
150.24376106262207,1466.0
150.32675528526306,1467.0
150.6013731956482,1468.0
150.67059540748596,1469.0
151.1485300064087,1470.0
151.1488060951233,1471.0
151.876314163208,1472.0
152.02765083312988,1473.0
152.1639382839203,1474.0
152.16433715820312,1475.0
152.54014945030212,1476.0
152.86048817634583,1477.0
152.9893834590912,1478.0
153.08586192131042,1479.0
153.16428899765015,1480.0
153.1644642353058,1481.0
153.295916557312,1482.0
153.36235642433167,1483.0
153.43053603172302,1484.0
153.43119716644287,1485.0
153.49566411972046,1486.0
153.49628448486328,1487.0
153.95503640174866,1488.0
154.37991738319397,1489.0
154.3810875415802,1490.0
154.96793603897095,1491.0
155.15979504585266,1492.0
155.45059728622437,1493.0
155.51851606369019,1494.0
155.58367657661438,1495.0
155.65047764778137,1496.0
155.65073227882385,1497.0
156.2115957736969,1498.0
156.2864327430725,1499.0
156.28693199157715,1500.0
156.43564891815186,1501.0
156.87285161018372,1502.0
156.964750289917,1503.0
157.09557509422302,1504.0
157.3596203327179,1505.0
157.77736949920654,1506.0
158.47319746017456,1507.0
158.69145131111145,1508.0
158.75563526153564,1509.0
158.81981134414673,1510.0
158.9637680053711,1511.0
159.10943746566772,1512.0
159.37466955184937,1513.0
159.53584814071655,1514.0
159.74990940093994,1515.0
159.82588648796082,1516.0
160.10745668411255,1517.0
160.10833835601807,1518.0
160.88665628433228,1519.0
161.23664450645447,1520.0
161.38002943992615,1521.0
161.44087505340576,1522.0
161.50350260734558,1523.0
161.565096616745,1524.0
161.62531685829163,1525.0
161.98236656188965,1526.0
162.04766011238098,1527.0
162.59181237220764,1528.0
162.88387870788574,1529.0
162.8840470314026,1530.0
163.25701999664307,1531.0
163.25757670402527,1532.0
163.45982098579407,1533.0
163.52373218536377,1534.0
163.52437162399292,1535.0
163.64848923683167,1536.0
163.87152862548828,1537.0
164.02375626564026,1538.0
164.30750346183777,1539.0
164.78640508651733,1540.0
165.1220347881317,1541.0
165.84034943580627,1542.0
165.91183948516846,1543.0
165.9719352722168,1544.0
165.97235989570618,1545.0
166.06357550621033,1546.0
166.06400537490845,1547.0
166.21152472496033,1548.0
166.34469079971313,1549.0
166.34538459777832,1550.0
166.68749117851257,1551.0
166.7580840587616,1552.0
166.89416217803955,1553.0
167.2554280757904,1554.0
167.2563259601593,1555.0
167.64507961273193,1556.0
167.70571517944336,1557.0
167.86125445365906,1558.0
167.8621506690979,1559.0
167.99549388885498,1560.0
168.05542087554932,1561.0
168.31152939796448,1562.0
168.4393663406372,1563.0
168.78264236450195,1564.0
168.90472412109375,1565.0
168.90522503852844,1566.0
169.24896574020386,1567.0
169.3075189590454,1568.0
170.02361059188843,1569.0
170.47265124320984,1570.0
171.1120626926422,1571.0
171.41073846817017,1572.0
171.6423945426941,1573.0
171.99204778671265,1574.0
172.59984040260315,1575.0
173.3881492614746,1576.0
173.46018815040588,1577.0
173.60715079307556,1578.0
173.82389307022095,1579.0
173.82466006278992,1580.0
174.3386995792389,1581.0
174.47465801239014,1582.0
174.99636673927307,1583.0
175.07085251808167,1584.0
175.37375140190125,1585.0
175.50685739517212,1586.0
175.57579684257507,1587.0
175.57683396339417,1588.0
175.77199983596802,1589.0
176.0398325920105,1590.0
176.23972392082214,1591.0
176.31187844276428,1592.0
176.6037359237671,1593.0
176.60409665107727,1594.0
176.66509366035461,1595.0
176.85458779335022,1596.0
177.63819432258606,1597.0
177.7773735523224,1598.0
177.7775115966797,1599.0
178.08998155593872,1600.0
178.09022426605225,1601.0
178.0910816192627,1602.0
178.0912663936615,1603.0
178.15330362319946,1604.0
178.9998962879181,1605.0
179.0613307952881,1606.0
179.1404423713684,1607.0
179.5355932712555,1608.0
179.83416223526,1609.0
179.8343472480774,1610.0
179.89979219436646,1611.0
179.96068143844604,1612.0
179.96108627319336,1613.0
180.02082681655884,1614.0
180.34346532821655,1615.0
180.67152667045593,1616.0
180.92992043495178,1617.0
180.93016719818115,1618.0
181.1368763446808,1619.0
181.2183964252472,1620.0
181.40062046051025,1621.0
181.40093207359314,1622.0
181.479660987854,1623.0
181.47999572753906,1624.0
181.67212176322937,1625.0
181.94602036476135,1626.0
182.60325574874878,1627.0
182.74340867996216,1628.0
183.6048080921173,1629.0
184.3356192111969,1630.0
184.3995382785797,1631.0
184.75032329559326,1632.0
185.18036532402039,1633.0
185.69539976119995,1634.0
186.1718544960022,1635.0
186.43939352035522,1636.0
186.757164478302,1637.0
186.90356135368347,1638.0
188.907879114151,1639.0
188.90841031074524,1640.0
188.90892219543457,1641.0
189.05986857414246,1642.0
189.26410222053528,1643.0
189.54580760002136,1644.0
190.0336310863495,1645.0
190.5898015499115,1646.0
190.65115642547607,1647.0
190.71162724494934,1648.0
190.85968470573425,1649.0
191.20200967788696,1650.0
191.3577859401703,1651.0
191.6139042377472,1652.0
191.93196272850037,1653.0
191.9322509765625,1654.0
192.05806803703308,1655.0
192.47347021102905,1656.0
193.17207431793213,1657.0
193.23576521873474,1658.0
193.33377814292908,1659.0
193.4145691394806,1660.0
193.6839292049408,1661.0
193.68443036079407,1662.0
193.83626651763916,1663.0
194.1241147518158,1664.0
194.19067668914795,1665.0
194.32156443595886,1666.0
194.3220751285553,1667.0
194.7377655506134,1668.0
194.80403566360474,1669.0
194.86652541160583,1670.0
195.2441029548645,1671.0
195.52943921089172,1672.0
195.5958526134491,1673.0
196.12025618553162,1674.0
196.27484560012817,1675.0
196.2753233909607,1676.0
197.02431273460388,1677.0
197.17610335350037,1678.0
197.17642307281494,1679.0
197.37612175941467,1680.0
197.44398713111877,1681.0
197.70048093795776,1682.0
197.94832515716553,1683.0
198.0291132926941,1684.0
198.29183340072632,1685.0
198.36033964157104,1686.0
198.42528748512268,1687.0
198.4263687133789,1688.0
198.4265525341034,1689.0
198.6360113620758,1690.0
198.8427278995514,1691.0
198.97992277145386,1692.0
199.11545658111572,1693.0
199.2069592475891,1694.0
199.33985829353333,1695.0
199.40382289886475,1696.0
199.90502166748047,1697.0
200.05519127845764,1698.0
200.12822437286377,1699.0
200.36351370811462,1700.0
200.5019085407257,1701.0
200.50221347808838,1702.0
200.9240744113922,1703.0
201.0682327747345,1704.0
201.12889051437378,1705.0
201.27634859085083,1706.0
201.54477906227112,1707.0
201.68393349647522,1708.0
201.74786233901978,1709.0
201.9801163673401,1710.0
202.23401474952698,1711.0
202.3838927745819,1712.0
202.38414859771729,1713.0
202.38448238372803,1714.0
202.52665853500366,1715.0
202.8839614391327,1716.0
203.3305947780609,1717.0
203.3998532295227,1718.0
203.46519017219543,1719.0
203.66509652137756,1720.0
203.9585428237915,1721.0
204.37796926498413,1722.0
204.82139372825623,1723.0
204.88797998428345,1724.0
204.8882019519806,1725.0
204.95170760154724,1726.0
205.27469611167908,1727.0
205.48022389411926,1728.0
205.62614226341248,1729.0
205.6266040802002,1730.0
205.82789826393127,1731.0
205.91519713401794,1732.0
206.06415581703186,1733.0
206.0647258758545,1734.0
206.28825283050537,1735.0
206.87228155136108,1736.0
207.09201550483704,1737.0
207.17916321754456,1738.0
207.59206223487854,1739.0
207.74791765213013,1740.0
207.81174421310425,1741.0
207.81235265731812,1742.0
208.27157425880432,1743.0
208.27286314964294,1744.0
208.407977104187,1745.0
208.8575794696808,1746.0
209.11175441741943,1747.0
209.11218309402466,1748.0
209.1755723953247,1749.0
209.34498834609985,1750.0
209.48348331451416,1751.0
210.27867579460144,1752.0
210.41422581672668,1753.0
210.7760329246521,1754.0
210.91650414466858,1755.0
211.37056398391724,1756.0
211.43331599235535,1757.0
211.43360233306885,1758.0
211.50834560394287,1759.0
211.58429336547852,1760.0
211.66818761825562,1761.0
211.73743772506714,1762.0
212.0171332359314,1763.0
212.17848658561707,1764.0
212.30647325515747,1765.0
212.44359755516052,1766.0
212.5074326992035,1767.0
212.63545656204224,1768.0
212.97250199317932,1769.0
213.1715829372406,1770.0
213.23712587356567,1771.0
213.2378532886505,1772.0
213.3736445903778,1773.0
213.4500663280487,1774.0
213.55632519721985,1775.0
213.76603484153748,1776.0
213.89841103553772,1777.0
214.19578671455383,1778.0
214.33098793029785,1779.0
214.40392541885376,1780.0
215.04799842834473,1781.0
215.11741280555725,1782.0
215.26775193214417,1783.0
215.59123635292053,1784.0
215.59150528907776,1785.0
215.6532883644104,1786.0
215.71769785881042,1787.0
215.9317924976349,1788.0
215.99950742721558,1789.0
216.14393520355225,1790.0
216.37321710586548,1791.0
216.43717694282532,1792.0
216.43734407424927,1793.0
216.50088930130005,1794.0
216.50197649002075,1795.0
216.67569017410278,1796.0
216.86818075180054,1797.0
217.08751773834229,1798.0
217.0877287387848,1799.0
217.49826788902283,1800.0
218.17583656311035,1801.0
218.1761302947998,1802.0
218.3755922317505,1803.0
218.87740349769592,1804.0
219.06953406333923,1805.0
219.31569027900696,1806.0
219.4379711151123,1807.0
219.62980341911316,1808.0
219.63077640533447,1809.0
219.6311218738556,1810.0
220.28106570243835,1811.0
220.43003296852112,1812.0
220.75173258781433,1813.0
220.84647035598755,1814.0
220.99983429908752,1815.0
221.078754901886,1816.0
221.14377570152283,1817.0
221.14405727386475,1818.0
221.28751254081726,1819.0
221.72928142547607,1820.0
221.7965350151062,1821.0
221.86770486831665,1822.0
221.867999792099,1823.0
222.44154477119446,1824.0
222.44185066223145,1825.0
222.6460132598877,1826.0
222.9717037677765,1827.0
222.9722330570221,1828.0
223.28857445716858,1829.0
223.28871726989746,1830.0
223.81177282333374,1831.0
223.94244027137756,1832.0
224.1438708305359,1833.0
224.2116539478302,1834.0
224.68640065193176,1835.0
224.68671655654907,1836.0
225.14343857765198,1837.0
225.14364314079285,1838.0
225.27403450012207,1839.0
225.40914964675903,1840.0
225.47969913482666,1841.0
225.5437138080597,1842.0
225.61693954467773,1843.0
225.61718320846558,1844.0
225.81145453453064,1845.0
226.02233457565308,1846.0
226.21098470687866,1847.0
227.15961050987244,1848.0
227.223477602005,1849.0
227.5837242603302,1850.0
228.03181052207947,1851.0
228.8984613418579,1852.0
229.1213092803955,1853.0
229.6343264579773,1854.0
229.70097637176514,1855.0
229.8969211578369,1856.0
230.1356658935547,1857.0
230.2798252105713,1858.0
230.28116512298584,1859.0
230.62917375564575,1860.0
230.88763880729675,1861.0
231.01804542541504,1862.0
231.28376412391663,1863.0
231.2840564250946,1864.0
231.61194729804993,1865.0
231.67976999282837,1866.0
231.67989468574524,1867.0
231.80876445770264,1868.0
232.24281477928162,1869.0
232.77977180480957,1870.0
232.91559863090515,1871.0
233.11258029937744,1872.0
233.1732096672058,1873.0
233.57566165924072,1874.0
233.8599452972412,1875.0
233.99457931518555,1876.0
234.20792269706726,1877.0
234.27568411827087,1878.0
234.3349323272705,1879.0
234.33543729782104,1880.0
235.08555579185486,1881.0
235.54775071144104,1882.0
235.61162948608398,1883.0
235.67549085617065,1884.0
235.8658401966095,1885.0
235.9892053604126,1886.0
236.05316162109375,1887.0
236.11964201927185,1888.0
236.18096208572388,1889.0
236.43387722969055,1890.0
236.57886409759521,1891.0
236.5791871547699,1892.0
236.78356909751892,1893.0
236.84335017204285,1894.0
236.90354132652283,1895.0
237.09532237052917,1896.0
237.43936109542847,1897.0
237.58354210853577,1898.0
237.65375685691833,1899.0
237.78365755081177,1900.0
237.78378629684448,1901.0
238.25555276870728,1902.0
238.44766449928284,1903.0
238.50778198242188,1904.0
238.78624415397644,1905.0
238.84358930587769,1906.0
239.1648669242859,1907.0
239.51540613174438,1908.0
239.71466159820557,1909.0
239.77567291259766,1910.0
240.03573083877563,1911.0
240.51248717308044,1912.0
240.57570457458496,1913.0
240.9556257724762,1914.0
241.01978397369385,1915.0
241.08087134361267,1916.0
241.43845868110657,1917.0
241.8355302810669,1918.0
242.38453149795532,1919.0
242.38495516777039,1920.0
242.38503408432007,1921.0
242.56973814964294,1922.0
242.89841413497925,1923.0
242.9638876914978,1924.0
243.02765727043152,1925.0
243.1635184288025,1926.0
243.22779273986816,1927.0
243.3574538230896,1928.0
243.42437291145325,1929.0
243.4966685771942,1930.0
243.56466126441956,1931.0
243.71439337730408,1932.0
244.16352152824402,1933.0
244.51586484909058,1934.0
244.8234086036682,1935.0
244.88521361351013,1936.0
245.25570344924927,1937.0
245.37534713745117,1938.0
245.3755853176117,1939.0
245.37586617469788,1940.0
245.43540120124817,1941.0
245.99122619628906,1942.0
245.99170589447021,1943.0
246.11758017539978,1944.0
246.17919898033142,1945.0
246.44676327705383,1946.0
246.7738058567047,1947.0
247.04799723625183,1948.0
247.12146091461182,1949.0
247.12278246879578,1950.0
247.26566529273987,1951.0
247.3229625225067,1952.0
247.38303899765015,1953.0
248.3286669254303,1954.0
248.38698649406433,1955.0
248.44963550567627,1956.0
249.26031637191772,1957.0
250.41085076332092,1958.0
250.47087478637695,1959.0
250.6484980583191,1960.0
251.1674027442932,1961.0
251.16858959197998,1962.0
251.22726202011108,1963.0
251.55005955696106,1964.0
251.5507264137268,1965.0
252.82337141036987,1966.0
253.50746822357178,1967.0
253.78045344352722,1968.0
254.3246088027954,1969.0
254.5957009792328,1970.0
254.86000800132751,1971.0
254.86032128334045,1972.0
255.02893805503845,1973.0
255.25599336624146,1974.0
255.54361414909363,1975.0
256.1636734008789,1976.0
256.372843503952,1977.0
256.37424898147583,1978.0
256.45163893699646,1979.0
256.67554330825806,1980.0
256.89414620399475,1981.0
257.15554332733154,1982.0
257.2195518016815,1983.0
257.31165051460266,1984.0
257.3723478317261,1985.0
257.446501493454,1986.0
257.7355954647064,1987.0
257.80352330207825,1988.0
257.8037705421448,1989.0
257.80403208732605,1990.0
257.98884558677673,1991.0
258.47179555892944,1992.0
258.66754150390625,1993.0
258.66776752471924,1994.0
258.88801622390747,1995.0
259.00798535346985,1996.0
259.06808638572693,1997.0
259.4694151878357,1998.0
259.93551111221313,1999.0
259.99641585350037,2000.0
260.05939197540283,2001.0
260.1832835674286,2002.0
260.1838409900665,2003.0
260.59919905662537,2004.0
260.6000099182129,2005.0
261.09542536735535,2006.0
261.0958397388458,2007.0
261.15540289878845,2008.0
261.3130691051483,2009.0
261.5075566768646,2010.0
261.83627939224243,2011.0
262.69562888145447,2012.0
262.9946014881134,2013.0
263.2793114185333,2014.0
263.2804043292999,2015.0
263.46111369132996,2016.0
263.58130073547363,2017.0
263.6654510498047,2018.0
263.7395975589752,2019.0
264.082731962204,2020.0
265.3741183280945,2021.0
265.5119137763977,2022.0
266.3316991329193,2023.0
266.54980754852295,2024.0
266.74957036972046,2025.0
266.75124526023865,2026.0
266.8859272003174,2027.0
266.95362973213196,2028.0
267.01558685302734,2029.0
267.016224861145,2030.0
267.0911490917206,2031.0
267.72731375694275,2032.0
267.72786688804626,2033.0
267.9476923942566,2034.0
268.19962906837463,2035.0
268.8635399341583,2036.0
269.06240916252136,2037.0
269.2081253528595,2038.0
269.30175733566284,2039.0
269.50482201576233,2040.0
270.06135296821594,2041.0
270.1931610107422,2042.0
270.3865087032318,2043.0
270.67419147491455,2044.0
270.7356810569763,2045.0
270.7363052368164,2046.0
270.867760181427,2047.0
271.0709626674652,2048.0
271.3531630039215,2049.0
271.3535237312317,2050.0
271.42371129989624,2051.0
271.4240736961365,2052.0
272.15218925476074,2053.0
272.2761299610138,2054.0
272.3361141681671,2055.0
272.40370631217957,2056.0
272.6345615386963,2057.0
272.97286558151245,2058.0
273.1656346321106,2059.0
273.2299156188965,2060.0
273.3038957118988,2061.0
273.6952555179596,2062.0
273.76350378990173,2063.0
273.8315930366516,2064.0
274.1731536388397,2065.0
274.27153277397156,2066.0
274.33928203582764,2067.0
274.40752148628235,2068.0
274.7434878349304,2069.0
274.94724011421204,2070.0
274.9480984210968,2071.0
275.242121219635,2072.0
275.3672134876251,2073.0
275.6834006309509,2074.0
275.8252124786377,2075.0
275.89736771583557,2076.0
276.019207239151,2077.0
276.0197994709015,2078.0
276.16319966316223,2079.0
276.4192605018616,2080.0
276.48541355133057,2081.0
276.85665464401245,2082.0
277.3630967140198,2083.0
278.094553232193,2084.0
278.1633930206299,2085.0
278.8760824203491,2086.0
279.26119899749756,2087.0
280.2749400138855,2088.0
280.33914518356323,2089.0
280.4077911376953,2090.0
280.47571539878845,2091.0
280.64415097236633,2092.0
280.9501974582672,2093.0
281.26834774017334,2094.0
281.3340194225311,2095.0
281.562246799469,2096.0
281.82878279685974,2097.0
281.8291246891022,2098.0
282.0435016155243,2099.0
282.2394332885742,2100.0
282.3223452568054,2101.0
282.58867716789246,2102.0
282.64895129203796,2103.0
282.9915792942047,2104.0
283.266827583313,2105.0
283.47306728363037,2106.0
283.5435495376587,2107.0
283.5438280105591,2108.0
283.80845737457275,2109.0
283.93555879592896,2110.0
284.0781195163727,2111.0
285.10342741012573,2112.0
285.2354156970978,2113.0
285.299435377121,2114.0
285.5073289871216,2115.0
285.6435172557831,2116.0
285.8368604183197,2117.0
285.9061405658722,2118.0
286.2554681301117,2119.0
286.5915153026581,2120.0
287.1957674026489,2121.0
287.3355801105499,2122.0
287.8100321292877,2123.0
287.8797278404236,2124.0
288.07699728012085,2125.0
288.4170551300049,2126.0
288.4184989929199,2127.0
289.12625336647034,2128.0
289.39971470832825,2129.0
289.40012884140015,2130.0
289.4002854824066,2131.0
289.52766275405884,2132.0
289.58880591392517,2133.0
289.8477268218994,2134.0
289.9100036621094,2135.0
289.91120314598083,2136.0
290.20820450782776,2137.0
290.2756698131561,2138.0
290.53033113479614,2139.0
290.59278535842896,2140.0
290.73280143737793,2141.0
290.88762164115906,2142.0
291.0127942562103,2143.0
291.1513659954071,2144.0
291.35393738746643,2145.0
291.4106307029724,2146.0
291.66361379623413,2147.0
291.7831857204437,2148.0
291.9257826805115,2149.0
292.8076055049896,2150.0
293.0798010826111,2151.0
293.1516046524048,2152.0
293.6602165699005,2153.0
294.15980768203735,2154.0
294.2923848628998,2155.0
294.29264187812805,2156.0
294.52776765823364,2157.0
294.6039855480194,2158.0
295.09582138061523,2159.0
295.2345151901245,2160.0
295.36367177963257,2161.0
295.4449236392975,2162.0
295.44510555267334,2163.0
295.6228036880493,2164.0
296.02372002601624,2165.0
296.0242745876312,2166.0
296.15444684028625,2167.0
296.73201179504395,2168.0
296.7921941280365,2169.0
296.79245018959045,2170.0
296.868017911911,2171.0
296.99320340156555,2172.0
297.05686354637146,2173.0
297.2676844596863,2174.0
297.4558217525482,2175.0
297.7255473136902,2176.0
297.7264676094055,2177.0
297.9242434501648,2178.0
298.00376200675964,2179.0
298.2760398387909,2180.0
298.41949105262756,2181.0
298.42109775543213,2182.0
298.48202204704285,2183.0
299.00275349617004,2184.0
299.0029249191284,2185.0
299.0716667175293,2186.0
299.21556282043457,2187.0
299.2158374786377,2188.0
299.64238381385803,2189.0
299.70242834091187,2190.0
299.7714898586273,2191.0
300.08322048187256,2192.0
300.2317578792572,2193.0
300.54266571998596,2194.0
300.6578674316406,2195.0
300.6581702232361,2196.0
300.7138993740082,2197.0
300.8832674026489,2198.0
301.3633437156677,2199.0
301.36368680000305,2200.0
301.6184136867523,2201.0
301.6829581260681,2202.0
301.7474162578583,2203.0
302.5075924396515,2204.0
302.8912193775177,2205.0
303.167151927948,2206.0
303.38225746154785,2207.0
303.44616985321045,2208.0
303.77513360977173,2209.0
303.9661183357239,2210.0
304.2340896129608,2211.0
305.2221882343292,2212.0
305.34627079963684,2213.0
305.7282931804657,2214.0
305.7925217151642,2215.0
306.33155274391174,2216.0
306.9143633842468,2217.0
306.9740254878998,2218.0
306.97463607788086,2219.0
306.97479009628296,2220.0
307.21930599212646,2221.0
307.41524720191956,2222.0
307.6431586742401,2223.0
307.7626750469208,2224.0
308.51914501190186,2225.0
308.51937079429626,2226.0
308.57899260520935,2227.0
308.71482372283936,2228.0
308.7790381908417,2229.0
309.14594626426697,2230.0
309.259192943573,2231.0
309.3188145160675,2232.0
309.9550836086273,2233.0
310.3631794452667,2234.0
310.68713116645813,2235.0
310.74516344070435,2236.0
310.8191738128662,2237.0
311.54717326164246,2238.0
312.52350902557373,2239.0
312.64599227905273,2240.0
312.77399253845215,2241.0
312.77520275115967,2242.0
312.8337345123291,2243.0
313.0142765045166,2244.0
313.8885145187378,2245.0
314.07812786102295,2246.0
314.3593816757202,2247.0
314.42754435539246,2248.0
314.63820004463196,2249.0
314.6391990184784,2250.0
314.76107001304626,2251.0
314.7627465724945,2252.0
314.97803568840027,2253.0
315.4193346500397,2254.0
315.47939705848694,2255.0
315.61088347435,2256.0
315.67834973335266,2257.0
315.7838258743286,2258.0
315.84047174453735,2259.0
315.9581387042999,2260.0
316.1527338027954,2261.0
316.5542092323303,2262.0
316.72916531562805,2263.0
316.9357793331146,2264.0
316.9918978214264,2265.0
317.3209946155548,2266.0
317.38688135147095,2267.0
317.4438033103943,2268.0
317.4993188381195,2269.0
317.9735748767853,2270.0
318.0331971645355,2271.0
318.0932471752167,2272.0
318.093448638916,2273.0
318.4911844730377,2274.0
319.1914939880371,2275.0
319.3314127922058,2276.0
319.44341707229614,2277.0
319.7557806968689,2278.0
319.8275010585785,2279.0
319.9514513015747,2280.0
320.4355013370514,2281.0
320.6995496749878,2282.0
320.8902840614319,2283.0
321.02797508239746,2284.0
321.14091992378235,2285.0
321.14133405685425,2286.0
321.47934341430664,2287.0
321.60339522361755,2288.0
321.9581923484802,2289.0
322.01961159706116,2290.0
322.1501109600067,2291.0
322.2753303050995,2292.0
322.51985597610474,2293.0
322.9974648952484,2294.0
323.54332518577576,2295.0
323.727498292923,2296.0
323.847309589386,2297.0
323.84748244285583,2298.0
323.9792129993439,2299.0
324.0552005767822,2300.0
324.1301763057709,2301.0
324.2603998184204,2302.0
324.5273132324219,2303.0
324.58830404281616,2304.0
324.711252450943,2305.0
324.77337193489075,2306.0
325.3111927509308,2307.0
325.4407603740692,2308.0
325.8065848350525,2309.0
325.9490306377411,2310.0
326.0071985721588,2311.0
326.3991687297821,2312.0
326.7195053100586,2313.0
326.8553147315979,2314.0
326.8555791378021,2315.0
326.91515350341797,2316.0
326.91647148132324,2317.0
327.42950916290283,2318.0
327.42975997924805,2319.0
327.6274342536926,2320.0
328.133065700531,2321.0
328.319139957428,2322.0
328.32010531425476,2323.0
328.38049960136414,2324.0
328.4921679496765,2325.0
328.93530011177063,2326.0
329.32329773902893,2327.0
329.5686511993408,2328.0
329.8006076812744,2329.0
329.80085802078247,2330.0
330.43550753593445,2331.0
330.5635013580322,2332.0
330.5639533996582,2333.0
330.6832175254822,2334.0
330.6836459636688,2335.0
331.30523014068604,2336.0
331.5201699733734,2337.0
331.6474587917328,2338.0
331.70726585388184,2339.0
331.95357608795166,2340.0
332.2915589809418,2341.0
332.5473668575287,2342.0
332.7351622581482,2343.0
332.79507064819336,2344.0
333.0407507419586,2345.0
333.3204679489136,2346.0
333.49522733688354,2347.0
333.49583530426025,2348.0
333.6111226081848,2349.0
334.2933506965637,2350.0
334.41305923461914,2351.0
334.53785848617554,2352.0
334.7913763523102,2353.0
335.6162269115448,2354.0
335.6721305847168,2355.0
335.7849681377411,2356.0
336.04200291633606,2357.0
336.2174758911133,2358.0
336.41534185409546,2359.0
336.71940541267395,2360.0
336.87141489982605,2361.0
336.9313893318176,2362.0
336.93173909187317,2363.0
337.04966163635254,2364.0
337.0500502586365,2365.0
337.10933232307434,2366.0
337.1671597957611,2367.0
337.3471839427948,2368.0
337.4672601222992,2369.0
337.7231693267822,2370.0
337.8430595397949,2371.0
338.267085313797,2372.0
339.17137384414673,2373.0
339.1715795993805,2374.0
339.66822957992554,2375.0
339.87092304229736,2376.0
339.8714954853058,2377.0
339.9869966506958,2378.0
340.1028959751129,2379.0
340.70299077033997,2380.0
341.152250289917,2381.0
341.2724983692169,2382.0
341.39447379112244,2383.0
341.44769191741943,2384.0
342.46007561683655,2385.0
343.46927762031555,2386.0
343.70309925079346,2387.0
344.18781065940857,2388.0
344.3952085971832,2389.0
344.50795006752014,2390.0
344.57505774497986,2391.0
344.64196252822876,2392.0
345.1231212615967,2393.0
345.1878514289856,2394.0
345.3634696006775,2395.0
346.90941619873047,2396.0
347.35425066947937,2397.0
347.6934485435486,2398.0
348.4369943141937,2399.0
349.2913467884064,2400.0
349.2920506000519,2401.0
349.3619589805603,2402.0
349.9832727909088,2403.0
350.1045711040497,2404.0
350.60192489624023,2405.0
350.7955279350281,2406.0
351.03166675567627,2407.0
351.03204894065857,2408.0
351.0331916809082,2409.0
351.47129011154175,2410.0
351.72313594818115,2411.0
351.7911422252655,2412.0
352.5072638988495,2413.0
352.5076229572296,2414.0
352.56991481781006,2415.0
352.74300360679626,2416.0
352.8670747280121,2417.0
353.0613000392914,2418.0
353.12543535232544,2419.0
353.12577533721924,2420.0
353.1909005641937,2421.0
353.31607484817505,2422.0
353.57100558280945,2423.0
354.1032598018646,2424.0
354.93070673942566,2425.0
355.11144375801086,2426.0
355.1740925312042,2427.0
355.40699005126953,2428.0
356.6288011074066,2429.0
356.7513494491577,2430.0
356.997257232666,2431.0
356.998099565506,2432.0
357.1115529537201,2433.0
357.5019142627716,2434.0
357.75288581848145,2435.0
357.81513237953186,2436.0
358.2069478034973,2437.0
358.32569217681885,2438.0
358.49899768829346,2439.0
358.5630187988281,2440.0
358.68974113464355,2441.0
358.7661802768707,2442.0
358.82674741744995,2443.0
358.8831572532654,2444.0
359.77221488952637,2445.0
360.28732776641846,2446.0
360.61129570007324,2447.0
360.7897608280182,2448.0
360.7904722690582,2449.0
361.57522439956665,2450.0
361.5756893157959,2451.0
361.8311622142792,2452.0
361.9592933654785,2453.0
362.01516342163086,2454.0
362.01555156707764,2455.0
362.59412693977356,2456.0
362.8778164386749,2457.0
362.9433319568634,2458.0
363.12720370292664,2459.0
363.31523060798645,2460.0
363.67920994758606,2461.0
363.7392945289612,2462.0
363.86327838897705,2463.0
364.44714307785034,2464.0
364.7534101009369,2465.0
364.873370885849,2466.0
365.1210219860077,2467.0
365.12162613868713,2468.0
365.91406774520874,2469.0
365.9943616390228,2470.0
366.5783543586731,2471.0
366.8515968322754,2472.0
366.9151382446289,2473.0
367.50771975517273,2474.0
367.982417345047,2475.0
368.22879004478455,2476.0
368.22917580604553,2477.0
368.3754916191101,2478.0
368.5782194137573,2479.0
368.8434028625488,2480.0
369.1877484321594,2481.0
369.5275855064392,2482.0
369.5289297103882,2483.0
369.5878686904907,2484.0
369.6478519439697,2485.0
369.73474168777466,2486.0
369.86750054359436,2487.0
369.9273998737335,2488.0
369.99023246765137,2489.0
370.9304132461548,2490.0
371.4708366394043,2491.0
371.67334628105164,2492.0
371.6737160682678,2493.0
372.19732451438904,2494.0
372.26682567596436,2495.0
372.39176392555237,2496.0
372.39216899871826,2497.0
372.53952264785767,2498.0
372.5405993461609,2499.0
372.59949016571045,2500.0
372.85547137260437,2501.0
373.54822039604187,2502.0
373.6154820919037,2503.0
373.8168320655823,2504.0
373.88774251937866,2505.0
373.9548523426056,2506.0
374.5275032520294,2507.0
374.65546584129333,2508.0
375.11398911476135,2509.0
375.479674577713,2510.0
375.6997013092041,2511.0
375.75943970680237,2512.0
375.81690216064453,2513.0
376.06109833717346,2514.0
376.3102159500122,2515.0
376.8361265659332,2516.0
377.14693570137024,2517.0
377.20990538597107,2518.0
377.26698088645935,2519.0
377.38318967819214,2520.0
377.6268150806427,2521.0
377.7575545310974,2522.0
377.9549460411072,2523.0
378.2907304763794,2524.0
379.251184463501,2525.0
379.44813871383667,2526.0
379.68689489364624,2527.0
380.3220658302307,2528.0
381.16478180885315,2529.0
381.4949598312378,2530.0
382.69918990135193,2531.0
382.7007167339325,2532.0
383.06324768066406,2533.0
383.19089365005493,2534.0
383.4507873058319,2535.0
384.2948293685913,2536.0
384.3711700439453,2537.0
384.42694759368896,2538.0
384.71124482154846,2539.0
385.27394795417786,2540.0
385.33103489875793,2541.0
385.3314003944397,2542.0
385.58708572387695,2543.0
386.0361988544464,2544.0
386.0367248058319,2545.0
387.0292499065399,2546.0
387.5057647228241,2547.0
387.98214077949524,2548.0
388.09720945358276,2549.0
388.21925497055054,2550.0
388.2816753387451,2551.0
389.09546852111816,2552.0
389.882018327713,2553.0
389.95198035240173,2554.0
390.0666961669922,2555.0
390.57548809051514,2556.0
390.78507351875305,2557.0
391.16747069358826,2558.0
391.8831570148468,2559.0
391.88397765159607,2560.0
391.94336771965027,2561.0
391.94351148605347,2562.0
392.4138340950012,2563.0
392.53499841690063,2564.0
392.59582018852234,2565.0
392.7270395755768,2566.0
393.0389974117279,2567.0
393.11000323295593,2568.0
393.16973400115967,2569.0
393.6726584434509,2570.0
393.7285215854645,2571.0
393.7292802333832,2572.0
394.1721844673157,2573.0
394.45708560943604,2574.0
394.7536931037903,2575.0
394.99092078208923,2576.0
395.21490478515625,2577.0
395.99976778030396,2578.0
396.5055525302887,2579.0
396.6869125366211,2580.0
396.8068323135376,2581.0
396.8071253299713,2582.0
397.2468192577362,2583.0
398.07355427742004,2584.0
398.13089990615845,2585.0
398.75994205474854,2586.0
398.88056802749634,2587.0
399.33095812797546,2588.0
399.4497697353363,2589.0
399.9014060497284,2590.0
399.95919013023376,2591.0
400.0191192626953,2592.0
400.19484639167786,2593.0
400.2548804283142,2594.0
400.94174242019653,2595.0
400.9989037513733,2596.0
401.16713762283325,2597.0
402.01113080978394,2598.0
402.07912373542786,2599.0
402.3993945121765,2600.0
402.73534774780273,2601.0
403.0392565727234,2602.0
403.16349720954895,2603.0
403.3551878929138,2604.0
404.05926179885864,2605.0
404.12735414505005,2606.0
404.40021109580994,2607.0
404.72717475891113,2608.0
405.19536566734314,2609.0
405.3187663555145,2610.0
405.3193416595459,2611.0
405.39155769348145,2612.0
405.647278547287,2613.0
405.6482102870941,2614.0
405.70720386505127,2615.0
405.82017493247986,2616.0
405.8204011917114,2617.0
406.1292951107025,2618.0
406.35127663612366,2619.0
406.3515954017639,2620.0
406.7495582103729,2621.0
406.75001978874207,2622.0
406.8037459850311,2623.0
406.8040864467621,2624.0
406.8599326610565,2625.0
407.29192423820496,2626.0
407.7259075641632,2627.0
407.98315501213074,2628.0
408.1804904937744,2629.0
408.2930097579956,2630.0
409.1898458003998,2631.0
409.2509524822235,2632.0
409.5192024707794,2633.0
409.64456367492676,2634.0
409.9619002342224,2635.0
410.22203755378723,2636.0
410.2226130962372,2637.0
410.34217381477356,2638.0
410.4632248878479,2639.0
410.6354603767395,2640.0
410.6360750198364,2641.0
410.82689929008484,2642.0
410.82769751548767,2643.0
411.2510087490082,2644.0
411.3697624206543,2645.0
411.43595576286316,2646.0
411.5550682544708,2647.0
411.781320810318,2648.0
412.0110092163086,2649.0
412.4465003013611,2650.0
413.15668630599976,2651.0
413.2738926410675,2652.0
413.44687581062317,2653.0
413.6713285446167,2654.0
413.73758459091187,2655.0
413.9164516925812,2656.0
413.9812800884247,2657.0
414.0984663963318,2658.0
414.3430621623993,2659.0
414.4590184688568,2660.0
414.77646708488464,2661.0
415.51578736305237,2662.0
415.74862003326416,2663.0
416.13079380989075,2664.0
416.313205242157,2665.0
416.51089000701904,2666.0
416.5709216594696,2667.0
416.7388069629669,2668.0
416.7395112514496,2669.0
416.7992208003998,2670.0
416.85630559921265,2671.0
417.1989514827728,2672.0
417.37674379348755,2673.0
417.48675990104675,2674.0
417.4871644973755,2675.0
418.38072514533997,2676.0
418.58297634124756,2677.0
419.3630781173706,2678.0
419.4229426383972,2679.0
419.55512714385986,2680.0
420.1029567718506,2681.0
420.5383439064026,2682.0
421.1710822582245,2683.0
421.1715090274811,2684.0
421.4662013053894,2685.0
421.81888222694397,2686.0
421.8191890716553,2687.0
421.8791346549988,2688.0
421.94296193122864,2689.0
422.3470506668091,2690.0
422.3474130630493,2691.0
422.60686564445496,2692.0
422.6788980960846,2693.0
422.8074824810028,2694.0
423.57934498786926,2695.0
423.78690218925476,2696.0
424.5100703239441,2697.0
424.76310682296753,2698.0
424.88642978668213,2699.0
425.1716630458832,2700.0
425.47944712638855,2701.0
425.5586223602295,2702.0
426.1082065105438,2703.0
426.26325726509094,2704.0
426.3214530944824,2705.0
426.37499165534973,2706.0
426.48816776275635,2707.0
426.7471561431885,2708.0
426.92981123924255,2709.0
427.10464334487915,2710.0
427.3669686317444,2711.0
427.5070996284485,2712.0
427.5640344619751,2713.0
427.6201651096344,2714.0
427.9311032295227,2715.0
428.0531163215637,2716.0
428.181165933609,2717.0
428.9124653339386,2718.0
429.1630928516388,2719.0
429.30271649360657,2720.0
429.3629319667816,2721.0
429.4193527698517,2722.0
429.9190592765808,2723.0
430.20135045051575,2724.0
430.50730323791504,2725.0
430.93906593322754,2726.0
431.6325225830078,2727.0
431.633175611496,2728.0
432.09038519859314,2729.0
432.3593575954437,2730.0
432.3600823879242,2731.0
432.5545918941498,2732.0
432.94031620025635,2733.0
433.1926996707916,2734.0
433.56759762763977,2735.0
434.69788932800293,2736.0
434.7535078525543,2737.0
434.81711292266846,2738.0
434.88718938827515,2739.0
435.53046798706055,2740.0
435.59521746635437,2741.0
435.7201750278473,2742.0
435.7762951850891,2743.0
435.83796191215515,2744.0
436.1769275665283,2745.0
436.71521735191345,2746.0
436.8433840274811,2747.0
436.844603061676,2748.0
437.09927558898926,2749.0
437.2843232154846,2750.0
437.2847566604614,2751.0
437.6659471988678,2752.0
437.7929177284241,2753.0
438.2053039073944,2754.0
438.2630841732025,2755.0
438.2637987136841,2756.0
438.3280129432678,2757.0
438.3908987045288,2758.0
438.4997806549072,2759.0
439.4911479949951,2760.0
439.8030779361725,2761.0
439.8658764362335,2762.0
439.99920082092285,2763.0
440.5550854206085,2764.0
441.0878412723541,2765.0
441.1528220176697,2766.0
441.2711284160614,2767.0
442.08727955818176,2768.0
442.291654586792,2769.0
442.60751461982727,2770.0
442.6672451496124,2771.0
442.9296793937683,2772.0
443.05800223350525,2773.0
443.1424753665924,2774.0
443.2640235424042,2775.0
443.8554139137268,2776.0
443.92260694503784,2777.0
443.97979164123535,2778.0
444.03843879699707,2779.0
444.3034088611603,2780.0
444.41530179977417,2781.0
444.4711456298828,2782.0
444.4714939594269,2783.0
444.7620725631714,2784.0
444.8410863876343,2785.0
444.90303778648376,2786.0
445.21511816978455,2787.0
445.2819285392761,2788.0
446.5860013961792,2789.0
446.6435194015503,2790.0
446.6988570690155,2791.0
446.6990854740143,2792.0
446.92788457870483,2793.0
446.9841787815094,2794.0
446.98437690734863,2795.0
447.1006624698639,2796.0
447.2388741970062,2797.0
447.9996316432953,2798.0
448.3062093257904,2799.0
448.3070583343506,2800.0
448.4977068901062,2801.0
448.6234483718872,2802.0
448.7117249965668,2803.0
448.88769936561584,2804.0
449.17375326156616,2805.0
449.4131724834442,2806.0
449.4755828380585,2807.0
449.53844714164734,2808.0
449.85543751716614,2809.0
450.1193811893463,2810.0
450.617901802063,2811.0
