decode_time_execution_plus_preemption_normalized,cdf
5.4836273193359375e-06,0.0007407407407407407
7.867813110351562e-06,0.0014814814814814814
9.059906005859375e-06,0.0022222222222222222
9.298324584960938e-06,0.002962962962962963
9.298324584960938e-06,0.003703703703703704
9.5367431640625e-06,0.0044444444444444444
9.5367431640625e-06,0.005185185185185185
9.5367431640625e-06,0.005925925925925926
9.5367431640625e-06,0.006666666666666667
9.775161743164062e-06,0.007407407407407408
1.0013580322265625e-05,0.008148148148148147
1.049041748046875e-05,0.008888888888888889
1.0728836059570312e-05,0.00962962962962963
1.1444091796875e-05,0.01037037037037037
1.2636184692382812e-05,0.011111111111111112
1.3828277587890625e-05,0.011851851851851851
0.014300893992185593,0.012592592592592593
0.015201032161712646,0.013333333333333334
0.015452948398888111,0.014074074074074074
0.01548755168914795,0.014814814814814815
0.015504587441682816,0.015555555555555555
0.015843382105231285,0.016296296296296295
0.016112085431814194,0.017037037037037038
0.016202885657548904,0.017777777777777778
0.016331534832715988,0.018518518518518517
0.016337988898158073,0.01925925925925926
0.016462476924061775,0.02
0.0166531503200531,0.02074074074074074
0.016838299110531807,0.02148148148148148
0.01692228578031063,0.022222222222222223
0.016934968531131744,0.022962962962962963
0.017112595960497856,0.023703703703703703
0.017174122855067253,0.024444444444444446
0.017249222844839096,0.025185185185185185
0.017298899590969086,0.025925925925925925
0.017536601051688194,0.02666666666666667
0.017559878528118134,0.027407407407407408
0.017590627074241638,0.028148148148148148
0.017663754522800446,0.028888888888888888
0.0177377387881279,0.02962962962962963
0.017740443348884583,0.03037037037037037
0.01778298243880272,0.03111111111111111
0.017806679010391235,0.03185185185185185
0.01781768538057804,0.03259259259259259
0.0178387314081192,0.03333333333333333
0.018017996102571487,0.034074074074074076
0.018066303804516792,0.03481481481481481
0.018070673570036888,0.035555555555555556
0.018230093643069267,0.0362962962962963
0.018251657485961914,0.037037037037037035
0.018284229561686516,0.03777777777777778
0.018305469304323196,0.03851851851851852
0.018417423591017723,0.03925925925925926
0.0184175968170166,0.04
0.018449794501066208,0.040740740740740744
0.018475908786058426,0.04148148148148148
0.0184905007481575,0.042222222222222223
0.018496345728635788,0.04296296296296296
0.018539296463131905,0.0437037037037037
0.018577726557850838,0.044444444444444446
0.01859923079609871,0.04518518518518518
0.018781689926981926,0.045925925925925926
0.01879880018532276,0.04666666666666667
0.01881181262433529,0.047407407407407405
0.018845168873667717,0.04814814814814815
0.018995461985468864,0.04888888888888889
0.019192030653357506,0.04962962962962963
0.01925528235733509,0.05037037037037037
0.019343405961990356,0.051111111111111114
0.019371256232261658,0.05185185185185185
0.019405364990234375,0.052592592592592594
0.019465506076812744,0.05333333333333334
0.01953990012407303,0.05407407407407407
0.019585052505135536,0.054814814814814816
0.019630758091807365,0.05555555555555555
0.019635843113064766,0.056296296296296296
0.019689735025167465,0.05703703703703704
0.019741714000701904,0.057777777777777775
0.019905835390090942,0.05851851851851852
0.019929001107811928,0.05925925925925926
0.01999841257929802,0.06
0.020008474588394165,0.06074074074074074
0.02004328928887844,0.061481481481481484
0.020043781027197838,0.06222222222222222
0.0201039370149374,0.06296296296296296
0.02023405209183693,0.0637037037037037
0.02023693360388279,0.06444444444444444
0.02040976658463478,0.06518518518518518
0.02045474760234356,0.06592592592592593
0.02066594734787941,0.06666666666666667
0.020734913647174835,0.0674074074074074
0.020780181512236595,0.06814814814814815
0.020806612446904182,0.06888888888888889
0.020990418270230293,0.06962962962962962
0.02113305777311325,0.07037037037037037
0.021209130063652992,0.07111111111111111
0.021407535299658775,0.07185185185185185
0.021628104150295258,0.0725925925925926
0.021709099411964417,0.07333333333333333
0.02172539010643959,0.07407407407407407
0.021800559014081955,0.07481481481481482
0.02190316468477249,0.07555555555555556
0.0220778975635767,0.07629629629629629
0.02209438383579254,0.07703703703703704
0.02219322882592678,0.07777777777777778
0.022207019850611687,0.07851851851851852
0.022231603041291237,0.07925925925925927
0.022232651710510254,0.08
0.022287430241703987,0.08074074074074074
0.022409863770008087,0.08148148148148149
0.022699816152453423,0.08222222222222222
0.02279067039489746,0.08296296296296296
0.02287525311112404,0.0837037037037037
0.022969627752900124,0.08444444444444445
0.023865927010774612,0.08518518518518518
0.02387416362762451,0.08592592592592592
0.024128267541527748,0.08666666666666667
0.024232905358076096,0.0874074074074074
0.024545378983020782,0.08814814814814814
0.024658428505063057,0.08888888888888889
0.02476492151618004,0.08962962962962963
0.02493716962635517,0.09037037037037036
0.025018498301506042,0.09111111111111111
0.025079259648919106,0.09185185185185185
0.02531353011727333,0.09259259259259259
0.02545740082859993,0.09333333333333334
0.02550131268799305,0.09407407407407407
0.025575274601578712,0.09481481481481481
0.025579366832971573,0.09555555555555556
0.02568570338189602,0.0962962962962963
0.02592475339770317,0.09703703703703703
0.025960832834243774,0.09777777777777778
0.026007115840911865,0.09851851851851852
0.02611035294830799,0.09925925925925926
0.026112385094165802,0.1
0.02611546218395233,0.10074074074074074
0.026293130591511726,0.10148148148148148
0.026600603014230728,0.10222222222222223
0.026614796370267868,0.10296296296296296
0.026722868904471397,0.1037037037037037
0.026840975508093834,0.10444444444444445
0.02703552134335041,0.10518518518518519
0.027168402448296547,0.10592592592592592
0.02726893499493599,0.10666666666666667
0.027386438101530075,0.10740740740740741
0.027415508404374123,0.10814814814814815
0.027418581768870354,0.10888888888888888
0.027463072910904884,0.10962962962962963
0.02751174569129944,0.11037037037037037
0.027556298300623894,0.1111111111111111
0.02770185098052025,0.11185185185185186
0.027822494506835938,0.11259259259259259
0.02787019871175289,0.11333333333333333
0.027973581105470657,0.11407407407407408
0.028071558102965355,0.11481481481481481
0.028131723403930664,0.11555555555555555
0.028354616835713387,0.1162962962962963
0.028446627780795097,0.11703703703703704
0.028576016426086426,0.11777777777777777
0.028781451284885406,0.11851851851851852
0.02900552749633789,0.11925925925925926
0.029049841687083244,0.12
0.029059119522571564,0.12074074074074075
0.029108215123414993,0.12148148148148148
0.029289543628692627,0.12222222222222222
0.029676776379346848,0.12296296296296297
0.029905827715992928,0.1237037037037037
0.030130155384540558,0.12444444444444444
0.03019559569656849,0.12518518518518518
0.03022516705095768,0.1259259259259259
0.030337918549776077,0.12666666666666668
0.03055710345506668,0.1274074074074074
0.03067607991397381,0.12814814814814815
0.030743343755602837,0.1288888888888889
0.030811866745352745,0.12962962962962962
0.0309751033782959,0.13037037037037036
0.03133128955960274,0.13111111111111112
0.03154342621564865,0.13185185185185186
0.03199860081076622,0.1325925925925926
0.032136786729097366,0.13333333333333333
0.03238007426261902,0.13407407407407407
0.032538000494241714,0.1348148148148148
0.03267769142985344,0.13555555555555557
0.033045921474695206,0.1362962962962963
0.03306002542376518,0.13703703703703704
0.033287424594163895,0.13777777777777778
0.03338722884654999,0.1385185185185185
0.03370058536529541,0.13925925925925925
0.03391377627849579,0.14
0.03398588299751282,0.14074074074074075
0.03426424786448479,0.14148148148148149
0.034418702125549316,0.14222222222222222
0.034809354692697525,0.14296296296296296
0.03493528068065643,0.1437037037037037
0.03502790257334709,0.14444444444444443
0.03535361960530281,0.1451851851851852
0.03537376597523689,0.14592592592592593
0.035401441156864166,0.14666666666666667
0.035533905029296875,0.1474074074074074
0.03646906465291977,0.14814814814814814
0.036699455231428146,0.14888888888888888
0.03728628158569336,0.14962962962962964
0.037314970046281815,0.15037037037037038
0.03768444061279297,0.1511111111111111
0.03772991895675659,0.15185185185185185
0.03778312727808952,0.15259259259259259
0.03797547146677971,0.15333333333333332
0.03818829730153084,0.15407407407407409
0.038814131170511246,0.15481481481481482
0.03882194682955742,0.15555555555555556
0.03929203376173973,0.1562962962962963
0.03988498076796532,0.15703703703703703
0.039932090789079666,0.15777777777777777
0.040088534355163574,0.15851851851851853
0.04012992978096008,0.15925925925925927
0.04036228358745575,0.16
0.04036637768149376,0.16074074074074074
0.04061080887913704,0.16148148148148148
0.041841667145490646,0.1622222222222222
0.04194723069667816,0.16296296296296298
0.04267294704914093,0.1637037037037037
0.04284161329269409,0.16444444444444445
0.042958274483680725,0.16518518518518518
0.043121978640556335,0.16592592592592592
0.04323546215891838,0.16666666666666666
0.043295979499816895,0.1674074074074074
0.04412378370761871,0.16814814814814816
0.0441608764231205,0.1688888888888889
0.0448208712041378,0.16962962962962963
0.04502362385392189,0.17037037037037037
0.04535257816314697,0.1711111111111111
0.04578576982021332,0.17185185185185184
0.04584116488695145,0.1725925925925926
0.04625752568244934,0.17333333333333334
0.046372074633836746,0.17407407407407408
0.04662858694791794,0.1748148148148148
0.04686363413929939,0.17555555555555555
0.04704723507165909,0.17629629629629628
0.04743325710296631,0.17703703703703705
0.047736406326293945,0.17777777777777778
0.04819774627685547,0.17851851851851852
0.04833080619573593,0.17925925925925926
0.048412203788757324,0.18
0.048603907227516174,0.18074074074074073
0.04921168088912964,0.1814814814814815
0.049456387758255005,0.18222222222222223
0.04982830584049225,0.18296296296296297
0.049886394292116165,0.1837037037037037
0.049910955131053925,0.18444444444444444
0.04991870000958443,0.18518518518518517
0.04993216693401337,0.18592592592592594
0.05053918436169624,0.18666666666666668
0.050545692443847656,0.1874074074074074
0.05063673108816147,0.18814814814814815
0.05067690089344978,0.18888888888888888
0.05072188377380371,0.18962962962962962
0.050764162093400955,0.19037037037037038
0.05082155019044876,0.19111111111111112
0.05083203315734863,0.19185185185185186
0.05084623396396637,0.1925925925925926
0.05113940313458443,0.19333333333333333
0.05129026621580124,0.19407407407407407
0.05131726339459419,0.1948148148148148
0.05146394297480583,0.19555555555555557
0.05149245262145996,0.1962962962962963
0.05149686336517334,0.19703703703703704
0.05153518542647362,0.19777777777777777
0.05158117040991783,0.1985185185185185
0.05166303366422653,0.19925925925925925
0.0516815185546875,0.2
0.05174252390861511,0.20074074074074075
0.05176784098148346,0.20148148148148148
0.052186764776706696,0.20222222222222222
0.052245769649744034,0.20296296296296296
0.05231213569641113,0.2037037037037037
0.05233755707740784,0.20444444444444446
0.052360016852617264,0.2051851851851852
0.05241549015045166,0.20592592592592593
0.052416522055864334,0.20666666666666667
0.052442584186792374,0.2074074074074074
0.052529964596033096,0.20814814814814814
0.052580755203962326,0.2088888888888889
0.052629005163908005,0.20962962962962964
0.05273280665278435,0.21037037037037037
0.05279401317238808,0.2111111111111111
0.052940044552087784,0.21185185185185185
0.05318745970726013,0.21259259259259258
0.053222596645355225,0.21333333333333335
0.05323006212711334,0.21407407407407408
0.05330859124660492,0.21481481481481482
0.05332568287849426,0.21555555555555556
0.053385257720947266,0.2162962962962963
0.053402166813611984,0.21703703703703703
0.053500767797231674,0.21777777777777776
0.05350711941719055,0.21851851851851853
0.053590089082717896,0.21925925925925926
0.05361957103013992,0.22
0.05364683270454407,0.22074074074074074
0.0538993664085865,0.22148148148148147
0.0539458766579628,0.2222222222222222
0.05394795536994934,0.22296296296296297
0.05396163463592529,0.2237037037037037
0.053998276591300964,0.22444444444444445
0.054013192653656006,0.22518518518518518
0.05406562611460686,0.22592592592592592
0.05413324013352394,0.22666666666666666
0.05420771613717079,0.22740740740740742
0.05420960485935211,0.22814814814814816
0.05430224910378456,0.2288888888888889
0.05432533472776413,0.22962962962962963
0.05435039848089218,0.23037037037037036
0.054394692182540894,0.2311111111111111
0.054427459836006165,0.23185185185185186
0.05445435643196106,0.2325925925925926
0.05450530722737312,0.23333333333333334
0.054692063480615616,0.23407407407407407
0.054737579077482224,0.2348148148148148
0.054791469126939774,0.23555555555555555
0.05482740327715874,0.2362962962962963
0.05484510213136673,0.23703703703703705
0.05492449551820755,0.23777777777777778
0.05498754233121872,0.23851851851851852
0.054999034851789474,0.23925925925925925
0.055000633001327515,0.24
0.05503123253583908,0.24074074074074073
0.055046770721673965,0.2414814814814815
0.05508539825677872,0.24222222222222223
0.05509087070822716,0.24296296296296296
0.05515202134847641,0.2437037037037037
0.055192556232213974,0.24444444444444444
0.05519678071141243,0.24518518518518517
0.05521849915385246,0.24592592592592594
0.05526480823755264,0.24666666666666667
0.055274393409490585,0.2474074074074074
0.055377572774887085,0.24814814814814815
0.05537852644920349,0.24888888888888888
0.05539451166987419,0.24962962962962962
0.05543778836727142,0.25037037037037035
0.055495038628578186,0.2511111111111111
0.05549735948443413,0.2518518518518518
0.055582255125045776,0.2525925925925926
0.055604808032512665,0.25333333333333335
0.05561468005180359,0.25407407407407406
0.05565358325839043,0.2548148148148148
0.0556611604988575,0.25555555555555554
0.05568386986851692,0.2562962962962963
0.05570461228489876,0.25703703703703706
0.055750522762537,0.2577777777777778
0.055781811475753784,0.25851851851851854
0.0557863712310791,0.25925925925925924
0.05579182505607605,0.26
0.05585605278611183,0.2607407407407407
0.05585848167538643,0.2614814814814815
0.05585918575525284,0.26222222222222225
0.05587345361709595,0.26296296296296295
0.05587669834494591,0.2637037037037037
0.05596279352903366,0.2644444444444444
0.05607880651950836,0.2651851851851852
0.05612831935286522,0.2659259259259259
0.056145280599594116,0.26666666666666666
0.056169986724853516,0.2674074074074074
0.05617883801460266,0.26814814814814814
0.056186459958553314,0.2688888888888889
0.05618991330265999,0.2696296296296296
0.056213609874248505,0.27037037037037037
0.0562225803732872,0.27111111111111114
0.056228481233119965,0.27185185185185184
0.056259386241436005,0.2725925925925926
0.05628066882491112,0.2733333333333333
0.05628308653831482,0.2740740740740741
0.056298255920410156,0.2748148148148148
0.05630968138575554,0.27555555555555555
0.05631734058260918,0.2762962962962963
0.056340716779232025,0.277037037037037
0.05635723099112511,0.2777777777777778
0.056358035653829575,0.2785185185185185
0.05636335164308548,0.27925925925925926
0.05639604479074478,0.28
0.05644095316529274,0.28074074074074074
0.056445688009262085,0.2814814814814815
0.056449584662914276,0.2822222222222222
0.05650116503238678,0.28296296296296297
0.05651729553937912,0.2837037037037037
0.05653666704893112,0.28444444444444444
0.05655026435852051,0.2851851851851852
0.05656445771455765,0.2859259259259259
0.05657398700714111,0.2866666666666667
0.05658220127224922,0.2874074074074074
0.05661008134484291,0.28814814814814815
0.05661582574248314,0.28888888888888886
0.0566246435046196,0.2896296296296296
0.05662976950407028,0.2903703703703704
0.056663792580366135,0.2911111111111111
0.05667582154273987,0.29185185185185186
0.05677914246916771,0.29259259259259257
0.05685226246714592,0.29333333333333333
0.05685630068182945,0.2940740740740741
0.05688048526644707,0.2948148148148148
0.05689318850636482,0.29555555555555557
0.05690494552254677,0.2962962962962963
0.0569348968565464,0.29703703703703704
0.05695068836212158,0.29777777777777775
0.05697052180767059,0.2985185185185185
0.05704912170767784,0.2992592592592593
0.05707653984427452,0.3
0.05712392181158066,0.30074074074074075
0.05715101957321167,0.30148148148148146
0.05723467096686363,0.3022222222222222
0.057235777378082275,0.302962962962963
0.057244498282670975,0.3037037037037037
0.05724591016769409,0.30444444444444446
0.057249221950769424,0.30518518518518517
0.05726401135325432,0.30592592592592593
0.05726702883839607,0.30666666666666664
0.057285670191049576,0.3074074074074074
0.05728885531425476,0.30814814814814817
0.05729721114039421,0.3088888888888889
0.05730500444769859,0.30962962962962964
0.057325467467308044,0.31037037037037035
0.057344771921634674,0.3111111111111111
0.057355545461177826,0.3118518518518518
0.0573747456073761,0.3125925925925926
0.05738122761249542,0.31333333333333335
0.05738756060600281,0.31407407407407406
0.05738895386457443,0.3148148148148148
0.057398080825805664,0.31555555555555553
0.05740341544151306,0.3162962962962963
0.057465240359306335,0.31703703703703706
0.05748222768306732,0.31777777777777777
0.05749444663524628,0.31851851851851853
0.05750073119997978,0.31925925925925924
0.05753589794039726,0.32
0.05753694474697113,0.3207407407407407
0.057556748390197754,0.3214814814814815
0.05756502225995064,0.32222222222222224
0.05761677771806717,0.32296296296296295
0.057622622698545456,0.3237037037037037
0.05764055252075195,0.3244444444444444
0.05765436962246895,0.3251851851851852
0.05765548720955849,0.32592592592592595
0.05766790732741356,0.32666666666666666
0.05767589434981346,0.3274074074074074
0.05769532546401024,0.32814814814814813
0.05771675705909729,0.3288888888888889
0.05774636194109917,0.3296296296296296
0.05775522440671921,0.33037037037037037
0.05784451588988304,0.33111111111111113
0.05785641819238663,0.33185185185185184
0.05789368599653244,0.3325925925925926
0.05790478363633156,0.3333333333333333
0.05792703106999397,0.3340740740740741
0.05793481692671776,0.3348148148148148
0.057965535670518875,0.33555555555555555
0.057973138988018036,0.3362962962962963
0.05801796913146973,0.337037037037037
0.05803845077753067,0.3377777777777778
0.05805648863315582,0.3385185185185185
0.05808863043785095,0.33925925925925926
0.05813528224825859,0.34
0.05815830081701279,0.34074074074074073
0.058172035962343216,0.3414814814814815
0.05817427486181259,0.3422222222222222
0.058192797005176544,0.34296296296296297
0.058193523436784744,0.3437037037037037
0.05820496007800102,0.34444444444444444
0.05820843204855919,0.3451851851851852
0.05822007358074188,0.3459259259259259
0.05822363123297691,0.3466666666666667
0.05823960155248642,0.3474074074074074
0.05825808271765709,0.34814814814814815
0.05827328562736511,0.3488888888888889
0.058283936232328415,0.3496296296296296
0.05831250920891762,0.3503703703703704
0.058320119976997375,0.3511111111111111
0.05836145952343941,0.35185185185185186
0.05836956948041916,0.35259259259259257
0.05842061713337898,0.35333333333333333
0.05842329561710358,0.3540740740740741
0.058449339121580124,0.3548148148148148
0.05846250802278519,0.35555555555555557
0.05848541483283043,0.3562962962962963
0.05851580575108528,0.35703703703703704
0.05853606387972832,0.35777777777777775
0.058541860431432724,0.3585185185185185
0.05855124443769455,0.3592592592592593
0.05859678238630295,0.36
0.058612361550331116,0.36074074074074075
0.0586782731115818,0.36148148148148146
0.058678723871707916,0.3622222222222222
0.05868576467037201,0.362962962962963
0.05871419608592987,0.3637037037037037
0.05871524289250374,0.36444444444444446
0.05873073264956474,0.36518518518518517
0.05874038115143776,0.36592592592592593
0.05876271054148674,0.36666666666666664
0.05877561867237091,0.3674074074074074
0.05885240063071251,0.36814814814814817
0.058876726776361465,0.3688888888888889
0.05889040604233742,0.36962962962962964
0.058904796838760376,0.37037037037037035
0.05890943855047226,0.3711111111111111
0.0589095838367939,0.3718518518518519
0.0589190274477005,0.3725925925925926
0.05892343074083328,0.37333333333333335
0.058926600962877274,0.37407407407407406
0.05893486738204956,0.3748148148148148
0.05893849954009056,0.37555555555555553
0.05898967385292053,0.3762962962962963
0.058992959558963776,0.37703703703703706
0.05899692326784134,0.37777777777777777
0.05899892747402191,0.37851851851851853
0.059007830917835236,0.37925925925925924
0.059031255543231964,0.38
0.05904326215386391,0.38074074074074077
0.05906606465578079,0.3814814814814815
0.0590730719268322,0.38222222222222224
0.059075549244880676,0.38296296296296295
0.05908991023898125,0.3837037037037037
0.0591101236641407,0.3844444444444444
0.059115681797266006,0.3851851851851852
0.05912517011165619,0.38592592592592595
0.05913463979959488,0.38666666666666666
0.05915654078125954,0.3874074074074074
0.05919220298528671,0.38814814814814813
0.0591924749314785,0.3888888888888889
0.05919888615608215,0.3896296296296296
0.05919904634356499,0.39037037037037037
0.05921560525894165,0.39111111111111113
0.05922194570302963,0.39185185185185184
0.05924064666032791,0.3925925925925926
0.059261444956064224,0.3933333333333333
0.059270601719617844,0.3940740740740741
0.05927151441574097,0.39481481481481484
0.059292349964380264,0.39555555555555555
0.05932840704917908,0.3962962962962963
0.059389445930719376,0.397037037037037
0.059393011033535004,0.3977777777777778
0.059401825070381165,0.3985185185185185
0.05942742899060249,0.39925925925925926
0.05943227931857109,0.4
0.05945126339793205,0.40074074074074073
0.05945771932601929,0.4014814814814815
0.05947556719183922,0.4022222222222222
0.059477053582668304,0.40296296296296297
0.05952737480401993,0.40370370370370373
0.05954628437757492,0.40444444444444444
0.05955161154270172,0.4051851851851852
0.05955301970243454,0.4059259259259259
0.059563346207141876,0.4066666666666667
0.05956871435046196,0.4074074074074074
0.05956993252038956,0.40814814814814815
0.059587933123111725,0.4088888888888889
0.05959548428654671,0.4096296296296296
0.05959717929363251,0.4103703703703704
0.059607893228530884,0.4111111111111111
0.05962962657213211,0.41185185185185186
0.059637509286403656,0.41259259259259257
0.05964512750506401,0.41333333333333333
0.05965537205338478,0.4140740740740741
0.05966508761048317,0.4148148148148148
0.05967945605516434,0.41555555555555557
0.05968235433101654,0.4162962962962963
0.059687692672014236,0.41703703703703704
0.05970960110425949,0.4177777777777778
0.059719592332839966,0.4185185185185185
0.059742387384176254,0.4192592592592593
0.05974791571497917,0.42
0.059777770191431046,0.42074074074074075
0.05977911129593849,0.42148148148148146
0.059855349361896515,0.4222222222222222
0.05987541750073433,0.422962962962963
0.05987832695245743,0.4237037037037037
0.05987921357154846,0.42444444444444446
0.05987989529967308,0.42518518518518517
0.059914883226156235,0.42592592592592593
0.059930507093667984,0.4266666666666667
0.059935521334409714,0.4274074074074074
0.05993649363517761,0.42814814814814817
0.0599621944129467,0.4288888888888889
0.05996507778763771,0.42962962962962964
0.059965830296278,0.43037037037037035
0.05996718257665634,0.4311111111111111
0.059972602874040604,0.4318518518518519
0.059974733740091324,0.4325925925925926
0.059980254620313644,0.43333333333333335
0.05999215692281723,0.43407407407407406
0.060020655393600464,0.4348148148148148
0.06003172695636749,0.43555555555555553
0.060040153563022614,0.4362962962962963
0.060056716203689575,0.43703703703703706
0.060071878135204315,0.43777777777777777
0.060081999748945236,0.43851851851851853
0.060088951140642166,0.43925925925925924
0.060095835477113724,0.44
0.06010504439473152,0.44074074074074077
0.060159336775541306,0.4414814814814815
0.06017044931650162,0.44222222222222224
0.06017545983195305,0.44296296296296295
0.060194674879312515,0.4437037037037037
0.06020078435540199,0.4444444444444444
0.06021633744239807,0.4451851851851852
0.06022568419575691,0.44592592592592595
0.060246821492910385,0.44666666666666666
0.06025930494070053,0.4474074074074074
0.06026138737797737,0.44814814814814813
0.06026214733719826,0.4488888888888889
0.06028292700648308,0.44962962962962966
0.06028638035058975,0.45037037037037037
0.06029656529426575,0.45111111111111113
0.060306936502456665,0.45185185185185184
0.06031982600688934,0.4525925925925926
0.060326818376779556,0.4533333333333333
0.06033375859260559,0.4540740740740741
0.060334961861371994,0.45481481481481484
0.060338057577610016,0.45555555555555555
0.060374993830919266,0.4562962962962963
0.06037700176239014,0.457037037037037
0.06039045378565788,0.4577777777777778
0.06041203811764717,0.4585185185185185
0.06041523069143295,0.45925925925925926
0.06042233854532242,0.46
0.06043578311800957,0.46074074074074073
0.06043809652328491,0.4614814814814815
0.060442615300416946,0.4622222222222222
0.06044602021574974,0.46296296296296297
0.0604528933763504,0.46370370370370373
0.06046444550156593,0.46444444444444444
0.06048388034105301,0.4651851851851852
0.060498010367155075,0.4659259259259259
0.060501594096422195,0.4666666666666667
0.0605214424431324,0.4674074074074074
0.060534458607435226,0.46814814814814815
0.06055324152112007,0.4688888888888889
0.06056128069758415,0.4696296296296296
0.06058817729353905,0.4703703703703704
0.06059011071920395,0.4711111111111111
0.060597024857997894,0.47185185185185186
0.060598280280828476,0.4725925925925926
0.06060441583395004,0.47333333333333333
0.06061375513672829,0.4740740740740741
0.060635507106781006,0.4748148148148148
0.060636669397354126,0.47555555555555556
0.060652680695056915,0.4762962962962963
0.06067118048667908,0.47703703703703704
0.06068246066570282,0.4777777777777778
0.06068279221653938,0.4785185185185185
0.06068303436040878,0.4792592592592593
0.060693223029375076,0.48
0.06069568544626236,0.48074074074074075
0.060699909925460815,0.48148148148148145
0.06070638820528984,0.4822222222222222
0.060709625482559204,0.482962962962963
0.060716915875673294,0.4837037037037037
0.06072650104761124,0.48444444444444446
0.060731783509254456,0.48518518518518516
0.060742300003767014,0.48592592592592593
0.060755666345357895,0.4866666666666667
0.0607597753405571,0.4874074074074074
0.06076495721936226,0.48814814814814816
0.06076902523636818,0.4888888888888889
0.060773514211177826,0.48962962962962964
0.06079275533556938,0.49037037037037035
0.06080217659473419,0.4911111111111111
0.060803964734077454,0.4918518518518519
0.06080996245145798,0.4925925925925926
0.06081346794962883,0.49333333333333335
0.0608164444565773,0.49407407407407405
0.06082357466220856,0.4948148148148148
0.060823626816272736,0.4955555555555556
0.06083909794688225,0.4962962962962963
0.060839660465717316,0.49703703703703705
0.060855790972709656,0.49777777777777776
0.06086006015539169,0.4985185185185185
0.060866907238960266,0.49925925925925924
0.060876600444316864,0.5
0.060881610959768295,0.5007407407407407
0.06091988459229469,0.5014814814814815
0.06092878431081772,0.5022222222222222
0.06093224510550499,0.502962962962963
0.06093388795852661,0.5037037037037037
0.06093847006559372,0.5044444444444445
0.06094742566347122,0.5051851851851852
0.060950350016355515,0.5059259259259259
0.06095848232507706,0.5066666666666667
0.0609612762928009,0.5074074074074074
0.060963407158851624,0.5081481481481481
0.06097681075334549,0.5088888888888888
0.06097954511642456,0.5096296296296297
0.06101049855351448,0.5103703703703704
0.06102960929274559,0.5111111111111111
0.06103217974305153,0.5118518518518519
0.06106065958738327,0.5125925925925926
0.061079755425453186,0.5133333333333333
0.06108412519097328,0.5140740740740741
0.06110142916440964,0.5148148148148148
0.06110250577330589,0.5155555555555555
0.06110382452607155,0.5162962962962963
0.061118148267269135,0.5170370370370371
0.06113133579492569,0.5177777777777778
0.061143241822719574,0.5185185185185185
0.061146412044763565,0.5192592592592593
0.06114806607365608,0.52
0.06115838885307312,0.5207407407407407
0.06116104871034622,0.5214814814814814
0.06116390973329544,0.5222222222222223
0.06118352711200714,0.522962962962963
0.061185989528894424,0.5237037037037037
0.061203356832265854,0.5244444444444445
0.061218712478876114,0.5251851851851852
0.061232760548591614,0.5259259259259259
0.06124618649482727,0.5266666666666666
0.06125757470726967,0.5274074074074074
0.061286721378564835,0.5281481481481481
0.06133488565683365,0.5288888888888889
0.0613827109336853,0.5296296296296297
0.06138363480567932,0.5303703703703704
0.06140677258372307,0.5311111111111111
0.06140758842229843,0.5318518518518518
0.06141042709350586,0.5325925925925926
0.061413802206516266,0.5333333333333333
0.06143360584974289,0.534074074074074
0.06144891306757927,0.5348148148148149
0.06148114055395126,0.5355555555555556
0.06150282546877861,0.5362962962962963
0.06150461733341217,0.5370370370370371
0.06158473342657089,0.5377777777777778
0.0616021603345871,0.5385185185185185
0.06161457300186157,0.5392592592592592
0.061654575169086456,0.54
0.061657775193452835,0.5407407407407407
0.061696503311395645,0.5414814814814815
0.06174580752849579,0.5422222222222223
0.061758462339639664,0.542962962962963
0.061763882637023926,0.5437037037037037
0.06176861375570297,0.5444444444444444
0.06177511438727379,0.5451851851851852
0.061817947775125504,0.5459259259259259
0.06182413920760155,0.5466666666666666
0.06182938441634178,0.5474074074074075
0.06184150278568268,0.5481481481481482
0.061841536313295364,0.5488888888888889
0.061845310032367706,0.5496296296296296
0.06187574937939644,0.5503703703703704
0.06188400834798813,0.5511111111111111
0.061896465718746185,0.5518518518518518
0.061912331730127335,0.5525925925925926
0.06193152442574501,0.5533333333333333
0.06194251403212547,0.554074074074074
0.06200939416885376,0.5548148148148148
0.06202157586812973,0.5555555555555556
0.06202395632863045,0.5562962962962963
0.06202870234847069,0.557037037037037
0.06203021481633186,0.5577777777777778
0.06205093115568161,0.5585185185185185
0.06207377463579178,0.5592592592592592
0.06213784217834473,0.56
0.06214068457484245,0.5607407407407408
0.062162645161151886,0.5614814814814815
0.06217583641409874,0.5622222222222222
0.06221765652298927,0.562962962962963
0.062231436371803284,0.5637037037037037
0.0622953400015831,0.5644444444444444
0.06232798472046852,0.5651851851851852
0.06234603375196457,0.5659259259259259
0.06238080933690071,0.5666666666666667
0.06238207593560219,0.5674074074074074
0.06240222603082657,0.5681481481481482
0.06240682676434517,0.5688888888888889
0.062409356236457825,0.5696296296296296
0.062411196529865265,0.5703703703703704
0.06241976097226143,0.5711111111111111
0.06243284046649933,0.5718518518518518
0.062467437237501144,0.5725925925925925
0.062471903860569,0.5733333333333334
0.06247921288013458,0.5740740740740741
0.06249428167939186,0.5748148148148148
0.06249689683318138,0.5755555555555556
0.06254637986421585,0.5762962962962963
0.06255091726779938,0.577037037037037
0.06258714199066162,0.5777777777777777
0.06264135241508484,0.5785185185185185
0.06264913827180862,0.5792592592592593
0.06266235560178757,0.58
0.06270593404769897,0.5807407407407408
0.0627213716506958,0.5814814814814815
0.0627245306968689,0.5822222222222222
0.06273452937602997,0.582962962962963
0.06273512542247772,0.5837037037037037
0.06274636834859848,0.5844444444444444
0.06276130676269531,0.5851851851851851
0.06276774406433105,0.585925925925926
0.06277475506067276,0.5866666666666667
0.0628124475479126,0.5874074074074074
0.06284037232398987,0.5881481481481482
0.06285513192415237,0.5888888888888889
0.06285610049962997,0.5896296296296296
0.06285702437162399,0.5903703703703703
0.06286032497882843,0.5911111111111111
0.06289728730916977,0.5918518518518519
0.06290476769208908,0.5925925925925926
0.06294159591197968,0.5933333333333334
0.06294585764408112,0.5940740740740741
0.06295399367809296,0.5948148148148148
0.06298347562551498,0.5955555555555555
0.06298966705799103,0.5962962962962963
0.06299524754285812,0.597037037037037
0.06301046162843704,0.5977777777777777
0.06301529705524445,0.5985185185185186
0.06302197277545929,0.5992592592592593
0.06307484954595566,0.6
0.06307608634233475,0.6007407407407407
0.06308425217866898,0.6014814814814815
0.06308769434690475,0.6022222222222222
0.06309015303850174,0.6029629629629629
0.06313250958919525,0.6037037037037037
0.06316111236810684,0.6044444444444445
0.06316494941711426,0.6051851851851852
0.06318654119968414,0.605925925925926
0.06319044530391693,0.6066666666666667
0.06319154798984528,0.6074074074074074
0.06319373846054077,0.6081481481481481
0.0632031187415123,0.6088888888888889
0.06321172416210175,0.6096296296296296
0.0632343664765358,0.6103703703703703
0.0632518082857132,0.6111111111111112
0.06330426782369614,0.6118518518518519
0.0633297860622406,0.6125925925925926
0.06334973126649857,0.6133333333333333
0.06337587535381317,0.6140740740740741
0.06343730539083481,0.6148148148148148
0.06343845278024673,0.6155555555555555
0.06345855444669724,0.6162962962962963
0.06347084045410156,0.617037037037037
0.06347974389791489,0.6177777777777778
0.0634903758764267,0.6185185185185185
0.06351789087057114,0.6192592592592593
0.06353709846735,0.62
0.06354577839374542,0.6207407407407407
0.06356051564216614,0.6214814814814815
0.06360899657011032,0.6222222222222222
0.06364932656288147,0.6229629629629629
0.0636608749628067,0.6237037037037036
0.06368551403284073,0.6244444444444445
0.06371960043907166,0.6251851851851852
0.06374192237854004,0.6259259259259259
0.06376279890537262,0.6266666666666667
0.06377967447042465,0.6274074074074074
0.06380083411931992,0.6281481481481481
0.06381290405988693,0.6288888888888889
0.0638134777545929,0.6296296296296297
0.06381811201572418,0.6303703703703704
0.06384691596031189,0.6311111111111111
0.06384982168674469,0.6318518518518519
0.0638522058725357,0.6325925925925926
0.06387879699468613,0.6333333333333333
0.06388375908136368,0.6340740740740741
0.06389899551868439,0.6348148148148148
0.0639142245054245,0.6355555555555555
0.06394108384847641,0.6362962962962962
0.06396731734275818,0.6370370370370371
0.06397642195224762,0.6377777777777778
0.06398079544305801,0.6385185185185185
0.06399090588092804,0.6392592592592593
0.063994400203228,0.64
0.06403343379497528,0.6407407407407407
0.06404898315668106,0.6414814814814814
0.06408291310071945,0.6422222222222222
0.064087875187397,0.642962962962963
0.06411834806203842,0.6437037037037037
0.06414049863815308,0.6444444444444445
0.06417011469602585,0.6451851851851852
0.06417597830295563,0.6459259259259259
0.06417892873287201,0.6466666666666666
0.06418978422880173,0.6474074074074074
0.06419721990823746,0.6481481481481481
0.0642053559422493,0.6488888888888888
0.06421951949596405,0.6496296296296297
0.06423955410718918,0.6503703703703704
0.06424181908369064,0.6511111111111111
0.06434560567140579,0.6518518518518519
0.06437463313341141,0.6525925925925926
0.06437840312719345,0.6533333333333333
0.0643986165523529,0.654074074074074
0.06442108750343323,0.6548148148148148
0.06446528434753418,0.6555555555555556
0.06448400765657425,0.6562962962962963
0.0644959807395935,0.6570370370370371
0.06460212916135788,0.6577777777777778
0.06469657272100449,0.6585185185185185
0.06469948589801788,0.6592592592592592
0.06470860540866852,0.66
0.064720518887043,0.6607407407407407
0.06472581624984741,0.6614814814814814
0.06472739577293396,0.6622222222222223
0.06473932415246964,0.662962962962963
0.06475335359573364,0.6637037037037037
0.06477008759975433,0.6644444444444444
0.06477957218885422,0.6651851851851852
0.06478166580200195,0.6659259259259259
0.06481025367975235,0.6666666666666666
0.06481609493494034,0.6674074074074074
0.06485763192176819,0.6681481481481482
0.06488501280546188,0.6688888888888889
0.06491314619779587,0.6696296296296296
0.06494732201099396,0.6703703703703704
0.06495604664087296,0.6711111111111111
0.06496274471282959,0.6718518518518518
0.06497666984796524,0.6725925925925926
0.06499407440423965,0.6733333333333333
0.06500344723463058,0.674074074074074
0.06501114368438721,0.6748148148148149
0.0650249645113945,0.6755555555555556
0.06504397094249725,0.6762962962962963
0.06505478173494339,0.677037037037037
0.06508942693471909,0.6777777777777778
0.0650920420885086,0.6785185185185185
0.06509705632925034,0.6792592592592592
0.06512930989265442,0.68
0.06517141312360764,0.6807407407407408
0.06517963111400604,0.6814814814814815
0.06518363207578659,0.6822222222222222
0.0651858001947403,0.682962962962963
0.06519096344709396,0.6837037037037037
0.06519167125225067,0.6844444444444444
0.06525182723999023,0.6851851851851852
0.06532388180494308,0.6859259259259259
0.06539082527160645,0.6866666666666666
0.06540524959564209,0.6874074074074074
0.0654066875576973,0.6881481481481482
0.06540854275226593,0.6888888888888889
0.06541720777750015,0.6896296296296296
0.06542529910802841,0.6903703703703704
0.065459705889225,0.6911111111111111
0.06546171754598618,0.6918518518518518
0.06547273695468903,0.6925925925925925
0.06548119336366653,0.6933333333333334
0.06551193445920944,0.6940740740740741
0.06555020064115524,0.6948148148148148
0.06555649638175964,0.6955555555555556
0.0655597448348999,0.6962962962962963
0.0655919536948204,0.697037037037037
0.06559726595878601,0.6977777777777778
0.06560970097780228,0.6985185185185185
0.06563536077737808,0.6992592592592592
0.06564118713140488,0.7
0.06564170867204666,0.7007407407407408
0.06565160304307938,0.7014814814814815
0.06565684825181961,0.7022222222222222
0.06571360677480698,0.702962962962963
0.0657341256737709,0.7037037037037037
0.0658697560429573,0.7044444444444444
0.0658932700753212,0.7051851851851851
0.06592066586017609,0.705925925925926
0.06593445688486099,0.7066666666666667
0.06595577299594879,0.7074074074074074
0.06597310304641724,0.7081481481481482
0.06597818434238434,0.7088888888888889
0.06598993390798569,0.7096296296296296
0.06600012630224228,0.7103703703703703
0.06600228697061539,0.7111111111111111
0.06601390242576599,0.7118518518518518
0.06604357808828354,0.7125925925925926
0.06606239080429077,0.7133333333333334
0.06607494503259659,0.7140740740740741
0.06609286367893219,0.7148148148148148
0.06610170006752014,0.7155555555555555
0.06614872068166733,0.7162962962962963
0.06617551296949387,0.717037037037037
0.06617564707994461,0.7177777777777777
0.06617933511734009,0.7185185185185186
0.06619741022586823,0.7192592592592593
0.06622350215911865,0.72
0.0662415623664856,0.7207407407407408
0.06625416874885559,0.7214814814814815
0.06625478714704514,0.7222222222222222
0.06627137959003448,0.7229629629629629
0.066310815513134,0.7237037037037037
0.06631634384393692,0.7244444444444444
0.06631937623023987,0.7251851851851852
0.06633477658033371,0.725925925925926
0.06635970622301102,0.7266666666666667
0.06636911630630493,0.7274074074074074
0.06642568111419678,0.7281481481481481
0.06643593311309814,0.7288888888888889
0.06645385921001434,0.7296296296296296
0.0664607360959053,0.7303703703703703
0.0664791613817215,0.7311111111111112
0.06650087237358093,0.7318518518518519
0.0665043368935585,0.7325925925925926
0.06650740653276443,0.7333333333333333
0.06655222922563553,0.7340740740740741
0.06656505167484283,0.7348148148148148
0.06657950580120087,0.7355555555555555
0.06661119312047958,0.7362962962962963
0.06663327664136887,0.737037037037037
0.06665786355733871,0.7377777777777778
0.06666576862335205,0.7385185185185185
0.06676455587148666,0.7392592592592593
0.0668000876903534,0.74
0.06680294871330261,0.7407407407407407
0.06686469167470932,0.7414814814814815
0.06690683215856552,0.7422222222222222
0.06693325191736221,0.7429629629629629
0.0669461339712143,0.7437037037037038
0.06695285439491272,0.7444444444444445
0.0669604167342186,0.7451851851851852
0.06696885079145432,0.7459259259259259
0.0669953003525734,0.7466666666666667
0.06699839979410172,0.7474074074074074
0.06701202690601349,0.7481481481481481
0.06705884635448456,0.7488888888888889
0.06709791719913483,0.7496296296296296
0.06710213422775269,0.7503703703703704
0.06710248440504074,0.7511111111111111
0.06717772781848907,0.7518518518518519
0.0671841949224472,0.7525925925925926
0.06719717383384705,0.7533333333333333
0.06720907241106033,0.7540740740740741
0.06722202897071838,0.7548148148148148
0.067329540848732,0.7555555555555555
0.06733419001102448,0.7562962962962962
0.06733912974596024,0.7570370370370371
0.06742604076862335,0.7577777777777778
0.06742791831493378,0.7585185185185185
0.0674724206328392,0.7592592592592593
0.0674961656332016,0.76
0.06751089543104172,0.7607407407407407
0.0675254687666893,0.7614814814814815
0.06756456941366196,0.7622222222222222
0.06758109480142593,0.762962962962963
0.06759019196033478,0.7637037037037037
0.06763090938329697,0.7644444444444445
0.06763702630996704,0.7651851851851852
0.06765493750572205,0.7659259259259259
0.06768551468849182,0.7666666666666667
0.06771089136600494,0.7674074074074074
0.06772683560848236,0.7681481481481481
0.0677391067147255,0.7688888888888888
0.06774953752756119,0.7696296296296297
0.06776398420333862,0.7703703703703704
0.06778113543987274,0.7711111111111111
0.06778310239315033,0.7718518518518519
0.06779907643795013,0.7725925925925926
0.06780708581209183,0.7733333333333333
0.06781840324401855,0.774074074074074
0.06786485761404037,0.7748148148148148
0.06791863590478897,0.7755555555555556
0.06793756037950516,0.7762962962962963
0.06794913113117218,0.7770370370370371
0.0679730549454689,0.7777777777777778
0.06803099066019058,0.7785185185185185
0.06803099811077118,0.7792592592592592
0.0681011751294136,0.78
0.0681796595454216,0.7807407407407407
0.06818395107984543,0.7814814814814814
0.06819358468055725,0.7822222222222223
0.06820018589496613,0.782962962962963
0.06821373850107193,0.7837037037037037
0.06824081391096115,0.7844444444444445
0.06824150681495667,0.7851851851851852
0.06830655038356781,0.7859259259259259
0.0683804526925087,0.7866666666666666
0.06841451674699783,0.7874074074074074
0.06845135986804962,0.7881481481481482
0.06845162808895111,0.7888888888888889
0.06847976893186569,0.7896296296296297
0.06848358362913132,0.7903703703703704
0.06848648935556412,0.7911111111111111
0.06850693374872208,0.7918518518518518
0.06854982674121857,0.7925925925925926
0.06857138872146606,0.7933333333333333
0.0685810074210167,0.794074074074074
0.0685870498418808,0.7948148148148149
0.06859766691923141,0.7955555555555556
0.0685991495847702,0.7962962962962963
0.06865515559911728,0.797037037037037
0.06867115199565887,0.7977777777777778
0.06867371499538422,0.7985185185185185
0.0686740130186081,0.7992592592592592
0.06869840621948242,0.8
0.06870720535516739,0.8007407407407408
0.06875506788492203,0.8014814814814815
0.06875994056463242,0.8022222222222222
0.06876704096794128,0.802962962962963
0.06877201795578003,0.8037037037037037
0.0687725767493248,0.8044444444444444
0.06879444420337677,0.8051851851851852
0.06881611049175262,0.8059259259259259
0.06882227957248688,0.8066666666666666
0.06882544606924057,0.8074074074074075
0.06882626563310623,0.8081481481481482
0.06882745027542114,0.8088888888888889
0.06883429735898972,0.8096296296296296
0.06884312629699707,0.8103703703703704
0.0688444972038269,0.8111111111111111
0.06884706020355225,0.8118518518518518
0.06887302547693253,0.8125925925925926
0.0688926950097084,0.8133333333333334
0.06889878958463669,0.8140740740740741
0.06889890134334564,0.8148148148148148
0.06890276074409485,0.8155555555555556
0.06891096383333206,0.8162962962962963
0.06891439110040665,0.817037037037037
0.06892868876457214,0.8177777777777778
0.06894996017217636,0.8185185185185185
0.0689614862203598,0.8192592592592592
0.06897114217281342,0.82
0.06900195777416229,0.8207407407407408
0.06900604814291,0.8214814814814815
0.06903189420700073,0.8222222222222222
0.06903501600027084,0.822962962962963
0.06905075907707214,0.8237037037037037
0.06907661259174347,0.8244444444444444
0.06908483058214188,0.8251851851851851
0.06911860406398773,0.825925925925926
0.0691298246383667,0.8266666666666667
0.06914011389017105,0.8274074074074074
0.06918755173683167,0.8281481481481482
0.06919066607952118,0.8288888888888889
0.06920526921749115,0.8296296296296296
0.0692085549235344,0.8303703703703704
0.06920900195837021,0.8311111111111111
0.0692143663764,0.8318518518518518
0.06921769678592682,0.8325925925925926
0.06921906024217606,0.8333333333333334
0.06922362744808197,0.8340740740740741
0.06923120468854904,0.8348148148148148
0.06930357217788696,0.8355555555555556
0.06930381059646606,0.8362962962962963
0.06930522620677948,0.837037037037037
0.0693131536245346,0.8377777777777777
0.06935308128595352,0.8385185185185186
0.06939149647951126,0.8392592592592593
0.06940372288227081,0.84
0.06940654665231705,0.8407407407407408
0.06940656155347824,0.8414814814814815
0.0694812461733818,0.8422222222222222
0.0694834291934967,0.8429629629629629
0.06948941946029663,0.8437037037037037
0.06949124485254288,0.8444444444444444
0.06951754540205002,0.8451851851851852
0.06954864412546158,0.845925925925926
0.06955640017986298,0.8466666666666667
0.06957253813743591,0.8474074074074074
0.069577157497406,0.8481481481481481
0.06960143893957138,0.8488888888888889
0.06960226595401764,0.8496296296296296
0.06963810324668884,0.8503703703703703
0.06967273354530334,0.8511111111111112
0.06968849897384644,0.8518518518518519
0.0697144865989685,0.8525925925925926
0.06974691152572632,0.8533333333333334
0.06977656483650208,0.8540740740740741
0.0697905644774437,0.8548148148148148
0.06986759603023529,0.8555555555555555
0.06987360119819641,0.8562962962962963
0.06987810879945755,0.857037037037037
0.06991662085056305,0.8577777777777778
0.06993324309587479,0.8585185185185186
0.0699564516544342,0.8592592592592593
0.0700751543045044,0.86
0.0700899064540863,0.8607407407407407
0.07013358920812607,0.8614814814814815
0.07022974640130997,0.8622222222222222
0.07025798410177231,0.8629629629629629
0.07032343000173569,0.8637037037037038
0.07054918259382248,0.8644444444444445
0.07055941969156265,0.8651851851851852
0.07058022171258926,0.8659259259259259
0.07059215009212494,0.8666666666666667
0.07065718621015549,0.8674074074074074
0.07067184895277023,0.8681481481481481
0.07068374007940292,0.8688888888888889
0.07070676982402802,0.8696296296296296
0.07074348628520966,0.8703703703703703
0.07075349986553192,0.8711111111111111
0.07081548869609833,0.8718518518518519
0.07089544087648392,0.8725925925925926
0.07094141840934753,0.8733333333333333
0.07119983434677124,0.8740740740740741
0.07132538408041,0.8748148148148148
0.07134103775024414,0.8755555555555555
0.0713881403207779,0.8762962962962964
0.07139687985181808,0.8770370370370371
0.07143042236566544,0.8777777777777778
0.07146916538476944,0.8785185185185185
0.07147178798913956,0.8792592592592593
0.07147403061389923,0.88
0.07151957601308823,0.8807407407407407
0.07153759896755219,0.8814814814814815
0.0715412050485611,0.8822222222222222
0.07154939323663712,0.882962962962963
0.07159421592950821,0.8837037037037037
0.07166021317243576,0.8844444444444445
0.07168465852737427,0.8851851851851852
0.07169005274772644,0.8859259259259259
0.07171081006526947,0.8866666666666667
0.07179926335811615,0.8874074074074074
0.07182417064905167,0.8881481481481481
0.07182466238737106,0.8888888888888888
0.0718335509300232,0.8896296296296297
0.07188157737255096,0.8903703703703704
0.0719451904296875,0.8911111111111111
0.07196591049432755,0.8918518518518519
0.07207135111093521,0.8925925925925926
0.07211675494909286,0.8933333333333333
0.07211822271347046,0.894074074074074
0.07212375104427338,0.8948148148148148
0.07217621803283691,0.8955555555555555
0.07219067215919495,0.8962962962962963
0.07220853865146637,0.8970370370370371
0.07229385524988174,0.8977777777777778
0.0722970962524414,0.8985185185185185
0.07241705060005188,0.8992592592592593
0.07242275029420853,0.9
0.07245216518640518,0.9007407407407407
0.07245355099439621,0.9014814814814814
0.07245486974716187,0.9022222222222223
0.07246744632720947,0.902962962962963
0.07247507572174072,0.9037037037037037
0.07254953682422638,0.9044444444444445
0.07258426398038864,0.9051851851851852
0.07266544550657272,0.9059259259259259
0.07274458557367325,0.9066666666666666
0.07277318090200424,0.9074074074074074
0.07278724759817123,0.9081481481481481
0.07279008626937866,0.9088888888888889
0.0727994292974472,0.9096296296296297
0.07280127704143524,0.9103703703703704
0.07280370593070984,0.9111111111111111
0.07281326502561569,0.9118518518518518
0.07281864434480667,0.9125925925925926
0.07282731682062149,0.9133333333333333
0.07285371422767639,0.914074074074074
0.07286886870861053,0.9148148148148149
0.072872593998909,0.9155555555555556
0.07302264124155045,0.9162962962962963
0.07306700944900513,0.917037037037037
0.07316582649946213,0.9177777777777778
0.07316593825817108,0.9185185185185185
0.0731765627861023,0.9192592592592592
0.0731792226433754,0.92
0.0731988400220871,0.9207407407407407
0.07320411503314972,0.9214814814814815
0.07321747392416,0.9222222222222223
0.07322313636541367,0.922962962962963
0.07327205687761307,0.9237037037037037
0.07329125702381134,0.9244444444444444
0.07332418859004974,0.9251851851851852
0.07332509756088257,0.9259259259259259
0.07333008944988251,0.9266666666666666
0.07333440333604813,0.9274074074074075
0.07336534559726715,0.9281481481481482
0.07342579215765,0.9288888888888889
0.07342631369829178,0.9296296296296296
0.07342969626188278,0.9303703703703704
0.07345900684595108,0.9311111111111111
0.07347843050956726,0.9318518518518518
0.07353206723928452,0.9325925925925926
0.07354523986577988,0.9333333333333333
0.07361192256212234,0.9340740740740741
0.07361212372779846,0.9348148148148148
0.07361634075641632,0.9355555555555556
0.07365500926971436,0.9362962962962963
0.07367933541536331,0.937037037037037
0.07368317246437073,0.9377777777777778
0.073683962225914,0.9385185185185185
0.07369573414325714,0.9392592592592592
0.07370879501104355,0.94
0.07371538877487183,0.9407407407407408
0.07371562719345093,0.9414814814814815
0.07377961277961731,0.9422222222222222
0.07381795346736908,0.942962962962963
0.0738929733633995,0.9437037037037037
0.07392000406980515,0.9444444444444444
0.07393283396959305,0.9451851851851852
0.07398487627506256,0.945925925925926
0.07403091341257095,0.9466666666666667
0.07403966784477234,0.9474074074074074
0.07405289262533188,0.9481481481481482
0.07405664771795273,0.9488888888888889
0.07406993210315704,0.9496296296296296
0.0740971565246582,0.9503703703703704
0.07410451024770737,0.9511111111111111
0.07412073761224747,0.9518518518518518
0.07412092387676239,0.9525925925925925
0.07412582635879517,0.9533333333333334
0.07413306832313538,0.9540740740740741
0.074190154671669,0.9548148148148148
0.07424915581941605,0.9555555555555556
0.07425740361213684,0.9562962962962963
0.0742853507399559,0.957037037037037
0.07428570091724396,0.9577777777777777
0.0743168443441391,0.9585185185185185
0.07434576749801636,0.9592592592592593
0.07436362653970718,0.96
0.0744626596570015,0.9607407407407408
0.07447889447212219,0.9614814814814815
0.0745149776339531,0.9622222222222222
0.07451806962490082,0.9629629629629629
0.07456161081790924,0.9637037037037037
0.07456731051206589,0.9644444444444444
0.07457791268825531,0.9651851851851851
0.07461158186197281,0.965925925925926
0.0746622309088707,0.9666666666666667
0.07471632212400436,0.9674074074074074
0.07476767152547836,0.9681481481481482
0.07476960122585297,0.9688888888888889
0.0748046264052391,0.9696296296296296
0.07481444627046585,0.9703703703703703
0.07487273961305618,0.9711111111111111
0.07491407543420792,0.9718518518518519
0.07496695220470428,0.9725925925925926
0.07509879022836685,0.9733333333333334
0.07515224069356918,0.9740740740740741
0.07525201886892319,0.9748148148148148
0.07533085346221924,0.9755555555555555
0.07534737139940262,0.9762962962962963
0.07536439597606659,0.977037037037037
0.07555396109819412,0.9777777777777777
0.07556869834661484,0.9785185185185186
0.07559540867805481,0.9792592592592593
0.07567752152681351,0.98
0.07573967427015305,0.9807407407407407
0.07587695866823196,0.9814814814814815
0.07601415365934372,0.9822222222222222
0.07607350498437881,0.9829629629629629
0.07612384110689163,0.9837037037037037
0.07616713643074036,0.9844444444444445
0.0762162059545517,0.9851851851851852
0.07626234740018845,0.9859259259259259
0.07634709030389786,0.9866666666666667
0.07636088877916336,0.9874074074074074
0.07652226835489273,0.9881481481481481
0.0767005905508995,0.9888888888888889
0.07673543691635132,0.9896296296296296
0.07710821181535721,0.9903703703703703
0.07740657031536102,0.9911111111111112
0.07742249965667725,0.9918518518518519
0.07753731310367584,0.9925925925925926
0.07770867645740509,0.9933333333333333
0.0778377503156662,0.9940740740740741
0.07792824506759644,0.9948148148148148
0.0780503898859024,0.9955555555555555
0.07845290005207062,0.9962962962962963
0.08090698719024658,0.997037037037037
0.08190282434225082,0.9977777777777778
0.08455146849155426,0.9985185185185185
0.08540808409452438,0.9992592592592593
0.09473693370819092,1.0
