decode_token_execution_plus_preemption_time,cdf
0.0,0.009900990099009901
0.015560775995254517,0.019801980198019802
0.01616346463561058,0.0297029702970297
0.01665571518242359,0.039603960396039604
0.017026200890541077,0.04950495049504951
0.017579851672053337,0.0594059405940594
0.018079042434692383,0.06930693069306931
0.018666928634047508,0.07920792079207921
0.01931251771748066,0.0891089108910891
0.020671449601650238,0.09900990099009901
0.02181839756667614,0.10891089108910891
0.02326042763888836,0.1188118811881188
0.02575821429491043,0.12871287128712872
0.0447348915040493,0.13861386138613863
0.048363905400037766,0.1485148514851485
0.04973722994327545,0.15841584158415842
0.05064060911536217,0.16831683168316833
0.05135456100106239,0.1782178217821782
0.0518706850707531,0.18811881188118812
0.05239199474453926,0.19801980198019803
0.052812810987234116,0.2079207920792079
0.05313064157962799,0.21782178217821782
0.053557392209768295,0.22772277227722773
0.05387970060110092,0.2376237623762376
0.05420394986867905,0.24752475247524752
0.054530151188373566,0.25742574257425743
0.054858315736055374,0.26732673267326734
0.05507818982005119,0.27722772277227725
0.05529894307255745,0.2871287128712871
0.05563173443078995,0.297029702970297
0.05585470795631409,0.3069306930693069
0.05607857555150986,0.31683168316831684
0.056190844625234604,0.32673267326732675
0.05641605705022812,0.33663366336633666
0.05664217472076416,0.3465346534653465
0.05686919763684273,0.3564356435643564
0.05709712952375412,0.36633663366336633
0.057325974106788635,0.37623762376237624
0.05755573883652687,0.38613861386138615
0.05778641998767853,0.39603960396039606
0.0580180287361145,0.40594059405940597
0.05825056880712509,0.4158415841584158
0.058601122349500656,0.42574257425742573
0.05883599445223808,0.43564356435643564
0.05907180905342102,0.44554455445544555
0.05930856987833977,0.45544554455445546
0.0596654936671257,0.46534653465346537
0.05990463122725487,0.4752475247524752
0.06002456322312355,0.48514851485148514
0.060144729912281036,0.49504950495049505
0.06038579344749451,0.504950495049505
0.06062781810760498,0.5148514851485149
0.06087081506848335,0.5247524752475248
0.06111478805541992,0.5346534653465347
0.06135973706841469,0.5445544554455446
0.06160566583275795,0.5544554455445545
0.061852581799030304,0.5643564356435643
0.06222481280565262,0.5742574257425742
0.06247420981526375,0.5841584158415841
0.06285018473863602,0.594059405940594
0.06310208886861801,0.6039603960396039
0.06348183751106262,0.6138613861386139
0.06386387348175049,0.6237623762376238
0.0639917328953743,0.6336633663366337
0.0641198456287384,0.6435643564356436
0.0643768385052681,0.6534653465346535
0.06476425379514694,0.6633663366336634
0.06502383202314377,0.6732673267326733
0.0654151514172554,0.6831683168316832
0.06580881774425507,0.693069306930693
0.06633739918470383,0.7029702970297029
0.06687022745609283,0.7128712871287128
0.06727265566587448,0.7227722772277227
0.06781299412250519,0.7326732673267327
0.06794875860214233,0.7425742574257426
0.06822109967470169,0.7524752475247525
0.06876906007528305,0.7623762376237624
0.0693214163184166,0.7722772277227723
0.07015828788280487,0.7821782178217822
0.07086338847875595,0.7920792079207921
0.07143256813287735,0.801980198019802
0.07200632244348526,0.8118811881188119
0.07215047627687454,0.8217821782178217
0.07302150130271912,0.8316831683168316
0.07390303909778595,0.8415841584158416
0.07494495809078217,0.8514851485148515
0.07584971189498901,0.8613861386138614
0.0761537179350853,0.8712871287128713
0.07753689587116241,0.8811881188118812
0.07894519716501236,0.8910891089108911
0.07989824563264847,0.900990099009901
0.08086280524730682,0.9108910891089109
0.08282698690891266,0.9207920792079208
0.0841628760099411,0.9306930693069307
0.08672601729631424,0.9405940594059405
0.08847800642251968,0.9504950495049505
0.09153798222541809,0.9603960396039604
0.09489338099956512,0.9702970297029703
0.09896378964185715,0.9801980198019802
0.10592740774154663,0.9900990099009901
0.2224615514278412,1.0
