prefill_time_execution_plus_preemption_normalized,cdf
1.9842973415507004e-06,0.0007407407407407407
2.913631078627077e-06,0.0014814814814814814
3.262349537180853e-06,0.0022222222222222222
4.7131161409197375e-06,0.002962962962962963
5.877078365301713e-06,0.003703703703703704
5.953355412202654e-06,0.0044444444444444444
8.3409122453304e-06,0.005185185185185185
8.54189602250699e-06,0.005925925925925926
9.265719199902378e-06,0.006666666666666667
1.0318804925191216e-05,0.007407407407407408
1.1092828572145663e-05,0.008148148148148147
1.1149433703394607e-05,0.008888888888888889
1.3550060430134181e-05,0.00962962962962963
1.356618304271251e-05,0.01037037037037037
1.3654620488523506e-05,0.011111111111111112
1.3669176951225381e-05,0.011851851851851851
1.379355035169283e-05,0.012592592592592593
1.3896260497858748e-05,0.013333333333333334
1.3961911463411525e-05,0.014074074074074074
1.4343222574098036e-05,0.014814814814814815
1.4711748008267023e-05,0.015555555555555555
1.4819311218161602e-05,0.016296296296296295
1.4844963516225107e-05,0.017037037037037038
1.5013361007731874e-05,0.017777777777777778
1.531506859464571e-05,0.018518518518518517
1.5966639693942852e-05,0.01925925925925926
1.6247660823864862e-05,0.02
1.6552274246350862e-05,0.02074074074074074
1.675060048000887e-05,0.02148148148148148
1.687002441030927e-05,0.022222222222222223
1.698255982773844e-05,0.022962962962962963
1.7073405615519732e-05,0.023703703703703703
1.7435371773899533e-05,0.024444444444444446
1.7506221411167644e-05,0.025185185185185185
1.8874183297157288e-05,0.025925925925925925
1.9056216842727736e-05,0.02666666666666667
2.022988337557763e-05,0.027407407407407408
2.0727440642076544e-05,0.028148148148148148
2.0760113329743035e-05,0.028888888888888888
2.108346961904317e-05,0.02962962962962963
2.1394138457253575e-05,0.03037037037037037
2.1862611902179196e-05,0.03111111111111111
2.4520782972103916e-05,0.03185185185185185
2.476382360327989e-05,0.03259259259259259
2.6571717171464115e-05,0.03333333333333333
2.6691594030125998e-05,0.034074074074074076
2.7451698770164512e-05,0.03481481481481481
2.7775797207141295e-05,0.035555555555555556
2.791552833514288e-05,0.0362962962962963
2.893587043217849e-05,0.037037037037037035
2.9629860364366323e-05,0.03777777777777778
3.1336097890743986e-05,0.03851851851851852
3.37276651407592e-05,0.03925925925925926
3.4788085031323135e-05,0.04
3.655385080492124e-05,0.040740740740740744
3.659202775452286e-05,0.04148148148148148
3.78364602511283e-05,0.042222222222222223
3.869624197250232e-05,0.04296296296296296
4.160510434303433e-05,0.0437037037037037
4.430664557730779e-05,0.044444444444444446
4.502696538111195e-05,0.04518518518518518
4.58328468084801e-05,0.045925925925925926
4.871424607699737e-05,0.04666666666666667
5.211710958974436e-05,0.047407407407407405
5.249051901046187e-05,0.04814814814814815
5.271904228720814e-05,0.04888888888888889
5.323921504896134e-05,0.04962962962962963
5.717322346754372e-05,0.05037037037037037
5.7886696595232934e-05,0.051111111111111114
5.867214349564165e-05,0.05185185185185185
5.9627887821989134e-05,0.052592592592592594
5.962805516901426e-05,0.05333333333333334
6.049457078916021e-05,0.05407407407407407
6.0685812059091404e-05,0.054814814814814816
6.0877973737660795e-05,0.05555555555555555
6.109131209086627e-05,0.056296296296296296
6.122984632384032e-05,0.05703703703703704
6.17392870481126e-05,0.057777777777777775
6.189079431351274e-05,0.05851851851851852
6.206546822795644e-05,0.05925925925925926
6.23517480562441e-05,0.06
6.338597449939698e-05,0.06074074074074074
6.481227319454774e-05,0.061481481481481484
6.485008634626865e-05,0.06222222222222222
6.555284198839217e-05,0.06296296296296296
6.599558400921524e-05,0.0637037037037037
6.651901639997959e-05,0.06444444444444444
6.683452375000343e-05,0.06518518518518518
6.704845145577565e-05,0.06592592592592593
6.709181616315618e-05,0.06666666666666667
6.715280323987827e-05,0.0674074074074074
6.754507194273174e-05,0.06814814814814815
6.795530498493463e-05,0.06888888888888889
6.797286187065765e-05,0.06962962962962962
6.924596527824178e-05,0.07037037037037037
6.926629430381581e-05,0.07111111111111111
7.000870391493663e-05,0.07185185185185185
7.00523960404098e-05,0.0725925925925926
7.012340211076662e-05,0.07333333333333333
7.041301432764158e-05,0.07407407407407407
7.073469896567985e-05,0.07481481481481482
7.084250682964921e-05,0.07555555555555556
7.117564382497221e-05,0.07629629629629629
7.24304627510719e-05,0.07703703703703704
7.248463953146711e-05,0.07777777777777778
7.318987627513707e-05,0.07851851851851852
7.384923083009198e-05,0.07925925925925927
7.392301631625742e-05,0.08
7.475423626601696e-05,0.08074074074074074
7.594207272632048e-05,0.08148148148148149
7.615425420226529e-05,0.08222222222222222
7.726132753305137e-05,0.08296296296296296
7.749558426439762e-05,0.0837037037037037
7.79388501541689e-05,0.08444444444444445
7.807218935340643e-05,0.08518518518518518
7.83407740527764e-05,0.08592592592592592
7.908309635240585e-05,0.08666666666666667
7.92488717706874e-05,0.0874074074074074
7.927310070954263e-05,0.08814814814814814
8.037927182158455e-05,0.08888888888888889
8.083870488917455e-05,0.08962962962962963
8.093596989056095e-05,0.09037037037037036
8.109752525342628e-05,0.09111111111111111
8.169486682163551e-05,0.09185185185185185
8.219560550060123e-05,0.09259259259259259
8.262728806585073e-05,0.09333333333333334
8.263637573691085e-05,0.09407407407407407
8.330115088028833e-05,0.09481481481481481
8.335809980053455e-05,0.09555555555555556
8.42204608488828e-05,0.0962962962962963
8.492206688970327e-05,0.09703703703703703
8.49692733027041e-05,0.09777777777777778
8.514556247973815e-05,0.09851851851851852
8.517746755387634e-05,0.09925925925925926
8.554215310141444e-05,0.1
8.601874287705868e-05,0.10074074074074074
8.606730989413336e-05,0.10148148148148148
8.606741175753996e-05,0.10222222222222223
8.689756214153022e-05,0.10296296296296296
8.745022205403075e-05,0.1037037037037037
8.754753071116284e-05,0.10444444444444445
8.790074207354337e-05,0.10518518518518519
8.790495485300198e-05,0.10592592592592592
8.814675675239414e-05,0.10666666666666667
8.854785846779123e-05,0.10740740740740741
8.859868830768391e-05,0.10814814814814815
8.875320781953633e-05,0.10888888888888888
8.898713713278994e-05,0.10962962962962963
8.930386684369296e-05,0.11037037037037037
8.935988444136456e-05,0.1111111111111111
8.946249727159739e-05,0.11185185185185186
9.004133607959375e-05,0.11259259259259259
9.02768733794801e-05,0.11333333333333333
9.032891102833673e-05,0.11407407407407408
9.037404379341751e-05,0.11481481481481481
9.046213381225243e-05,0.11555555555555555
9.067144856089726e-05,0.1162962962962963
9.084944758797064e-05,0.11703703703703704
9.104556374950334e-05,0.11777777777777777
9.12499162950553e-05,0.11851851851851852
9.156382293440402e-05,0.11925925925925926
9.162069909507409e-05,0.12
9.190990385832265e-05,0.12074074074074075
9.21573955565691e-05,0.12148148148148148
9.224425593856722e-05,0.12222222222222222
9.23158586374484e-05,0.12296296296296297
9.243759996024892e-05,0.1237037037037037
9.280359518015757e-05,0.12444444444444444
9.301640238845721e-05,0.12518518518518518
9.319933451479301e-05,0.1259259259259259
9.331620094599202e-05,0.12666666666666668
9.333793423138559e-05,0.1274074074074074
9.342050179839134e-05,0.12814814814814815
9.364350262330845e-05,0.1288888888888889
9.39937453949824e-05,0.12962962962962962
9.414360829396173e-05,0.13037037037037036
9.43217019084841e-05,0.13111111111111112
9.442114969715476e-05,0.13185185185185186
9.447366755921394e-05,0.1325925925925926
9.46906438912265e-05,0.13333333333333333
9.501210297457874e-05,0.13407407407407407
9.531322575639933e-05,0.1348148148148148
9.562652121530846e-05,0.13555555555555557
9.582571510691196e-05,0.1362962962962963
9.597562166163698e-05,0.13703703703703704
9.59989192779176e-05,0.13777777777777778
9.600420162314549e-05,0.1385185185185185
9.61775949690491e-05,0.13925925925925925
9.636030881665647e-05,0.14
9.641641372581944e-05,0.14074074074074075
9.643230441724882e-05,0.14148148148148149
9.664812387200072e-05,0.14222222222222222
9.674722969066352e-05,0.14296296296296296
9.711230086395517e-05,0.1437037037037037
9.758296801010147e-05,0.14444444444444443
9.769155440153554e-05,0.1451851851851852
9.788170427782461e-05,0.14592592592592593
9.797506936592981e-05,0.14666666666666667
9.827642497839406e-05,0.1474074074074074
9.834290540311486e-05,0.14814814814814814
9.83944846666418e-05,0.14888888888888888
9.847151522990316e-05,0.14962962962962964
9.848875197349116e-05,0.15037037037037038
9.877536649582908e-05,0.1511111111111111
9.88577157841064e-05,0.15185185185185185
9.893919923342764e-05,0.15259259259259259
9.898904681904241e-05,0.15333333333333332
9.919106378220022e-05,0.15407407407407409
9.921369928633794e-05,0.15481481481481482
9.93217618088238e-05,0.15555555555555556
9.932526882039383e-05,0.1562962962962963
9.947503713192418e-05,0.15703703703703703
9.958898590411991e-05,0.15777777777777777
9.974512795452029e-05,0.15851851851851853
0.00010034381557488814,0.15925925925925927
0.00010047742398455739,0.16
0.0001005875674309209,0.16074074074074074
0.00010087041300721467,0.16148148148148148
0.00010088640556205064,0.1622222222222222
0.00010094654862768948,0.16296296296296298
0.00010096903861267492,0.1637037037037037
0.00010104752436745912,0.16444444444444445
0.0001010804990073666,0.16518518518518518
0.00010147126886295155,0.16592592592592592
0.00010156304051633924,0.16666666666666666
0.00010160556848859414,0.1674074074074074
0.0001017614922602661,0.16814814814814816
0.0001018090479192324,0.1688888888888889
0.0001019922347040847,0.16962962962962963
0.00010200557153439149,0.17037037037037037
0.00010202606790699065,0.1711111111111111
0.00010203300917055458,0.17185185185185184
0.00010222720447927713,0.1725925925925926
0.00010223987192148343,0.17333333333333334
0.00010226813174085692,0.17407407407407408
0.0001022701762849465,0.1748148148148148
0.0001023441000143066,0.17555555555555555
0.00010236103116767481,0.17629629629629628
0.00010272941290168092,0.17703703703703705
0.00010297457629349083,0.17777777777777778
0.0001030431012623012,0.17851851851851852
0.00010318207205273211,0.17925925925925926
0.00010326847404940054,0.18
0.00010330650547984987,0.18074074074074073
0.00010350358206778765,0.1814814814814815
0.00010353773541282862,0.18222222222222223
0.00010368219955125824,0.18296296296296297
0.00010373347322456539,0.1837037037037037
0.00010375773126725107,0.18444444444444444
0.00010394705168437213,0.18518518518518517
0.00010398004087619483,0.18592592592592594
0.00010428902896819636,0.18666666666666668
0.00010433987336000428,0.1874074074074074
0.00010443343489896506,0.18814814814814815
0.00010443947394378483,0.18888888888888888
0.00010452802962390706,0.18962962962962962
0.00010467710671946406,0.19037037037037038
0.00010467795073054731,0.19111111111111112
0.00010481868957867846,0.19185185185185186
0.00010498766641831025,0.1925925925925926
0.00010512738663237542,0.19333333333333333
0.00010513977758819237,0.19407407407407407
0.000105299535789527,0.1948148148148148
0.00010539271897869185,0.19555555555555557
0.0001054106978699565,0.1962962962962963
0.00010563714749878272,0.19703703703703704
0.00010567841673037037,0.19777777777777777
0.0001057094123098068,0.1985185185185185
0.00010573168401606381,0.19925925925925925
0.00010577816283330321,0.2
0.00010585945710772648,0.20074074074074075
0.00010588155419100076,0.20148148148148148
0.00010591775208013132,0.20222222222222222
0.0001059255373547785,0.20296296296296296
0.00010593710612738505,0.2037037037037037
0.00010608278535073623,0.20444444444444446
0.0001060842550941743,0.2051851851851852
0.00010610685421852395,0.20592592592592593
0.00010618486703606322,0.20666666666666667
0.00010624079004628584,0.2074074074074074
0.00010624274000292644,0.20814814814814814
0.00010632594057824463,0.2088888888888889
0.00010636575461830944,0.20962962962962964
0.00010637041850714013,0.21037037037037037
0.00010638422099873424,0.2111111111111111
0.00010643402492860332,0.21185185185185185
0.0001065540054696612,0.21259259259259258
0.0001065558462869376,0.21333333333333335
0.0001065795513568446,0.21407407407407408
0.0001066750191967003,0.21481481481481482
0.00010680505511118099,0.21555555555555556
0.0001068095225491561,0.2162962962962963
0.0001068792407750152,0.21703703703703703
0.00010702582221711054,0.21777777777777776
0.0001070699654519558,0.21851851851851853
0.0001071057777153328,0.21925925925925926
0.00010729068162618205,0.22
0.0001073661696864292,0.22074074074074074
0.00010739468416431919,0.22148148148148147
0.00010748460772447288,0.2222222222222222
0.00010749715147539973,0.22296296296296297
0.00010752050729934126,0.2237037037037037
0.00010753364040283486,0.22444444444444445
0.00010757423297036439,0.22518518518518518
0.00010758535063359886,0.22592592592592592
0.00010777990974020213,0.22666666666666666
0.0001078977293218486,0.22740740740740742
0.00010791465319925919,0.22814814814814816
0.00010791750537464395,0.2288888888888889
0.00010793002729769796,0.22962962962962963
0.00010795560228871182,0.23037037037037036
0.00010802475298987702,0.2311111111111111
0.0001082393282558769,0.23185185185185186
0.00010831480176420882,0.2325925925925926
0.00010833278793143108,0.23333333333333334
0.00010841387120308354,0.23407407407407407
0.00010841395851457492,0.2348148148148148
0.00010841541370609775,0.23555555555555555
0.00010842779010999948,0.2362962962962963
0.00010847725934581831,0.23703703703703705
0.00010850041871890426,0.23777777777777778
0.00010851569822989404,0.23851851851851852
0.00010852328705368564,0.23925925925925925
0.00010861553892027587,0.24
0.00010862277122214437,0.24074074074074073
0.00010876535816350952,0.2414814814814815
0.00010887740791076794,0.24222222222222223
0.00010902458598138765,0.24296296296296296
0.00010902804206125438,0.2437037037037037
0.0001090300502255559,0.24444444444444444
0.00010904209193540737,0.24518518518518517
0.0001090824807761237,0.24592592592592594
0.00010908526746788993,0.24666666666666667
0.00010913441656157374,0.2474074074074074
0.00010915130405919626,0.24814814814814815
0.00010916952305706218,0.24888888888888888
0.00010919584019575268,0.24962962962962962
0.00010920238128164783,0.25037037037037035
0.00010920997010543942,0.2511111111111111
0.00010925324022537097,0.2518518518518518
0.0001092567399609834,0.2525925925925926
0.00010935818136204034,0.25333333333333335
0.00010944710811600089,0.25407407407407406
0.00010959409701172262,0.2548148148148148
0.00010971060692099854,0.25555555555555554
0.00010972936433972791,0.2562962962962963
0.00010973261669278145,0.25703703703703706
0.0001097364365705289,0.2577777777777778
0.00010975651093758643,0.25851851851851854
0.00010991901945089921,0.25925925925925924
0.00010995414777426049,0.26
0.00010995641787303612,0.2607407407407407
0.00010997406934620813,0.2614814814814815
0.00011002667451975867,0.26222222222222225
0.00011003739200532436,0.26296296296296295
0.00011004260886693373,0.2637037037037037
0.000110065215267241,0.2644444444444444
0.00011009904119418934,0.2651851851851852
0.00011010411981260404,0.2659259259259259
0.00011019340308848768,0.26666666666666666
0.00011023277329513803,0.2674074074074074
0.0001103010363294743,0.26814814814814814
0.00011037031072191894,0.2688888888888889
0.00011039585660910234,0.2696296296296296
0.00011040065146517009,0.27037037037037037
0.00011060689575970173,0.27111111111111114
0.00011062277917517349,0.27185185185185184
0.00011064034333685413,0.2725925925925926
0.00011065039871027693,0.2733333333333333
0.0001106768031604588,0.2740740740740741
0.00011071314656874165,0.2748148148148148
0.00011073206405853853,0.27555555555555555
0.00011084450670750812,0.2762962962962963
0.00011085817095590755,0.277037037037037
0.00011089419422205538,0.2777777777777778
0.00011092299246229231,0.2785185185185185
0.00011097860988229513,0.27925925925925926
0.0001110225057345815,0.28
0.00011109073966508731,0.28074074074074074
0.00011128196638310328,0.2814814814814815
0.00011130307393614203,0.2822222222222222
0.000111385241325479,0.28296296296296297
0.00011145296593895182,0.2837037037037037
0.00011148047633469105,0.28444444444444444
0.00011153176455991343,0.2851851851851852
0.0001115847917390056,0.2859259259259259
0.00011161717702634633,0.2866666666666667
0.00011162695591337979,0.2874074074074074
0.00011163199815200642,0.28814814814814815
0.00011163880844833329,0.28888888888888886
0.00011166233889525756,0.2896296296296296
0.00011168210039613768,0.2903703703703704
0.00011169491335749626,0.2911111111111111
0.00011182876187376678,0.29185185185185186
0.00011191685916855931,0.29259259259259257
0.00011199469736311585,0.29333333333333333
0.00011203025496797636,0.2940740740740741
0.000112073466880247,0.2948148148148148
0.00011214311962248757,0.29555555555555557
0.00011224049376323819,0.2962962962962963
0.00011225469643250108,0.29703703703703704
0.00011227495269849896,0.29777777777777775
0.00011228068615309894,0.2985185185185185
0.0001122867179219611,0.2992592592592593
0.00011230653763050213,0.3
0.00011232475662836805,0.30074074074074075
0.00011244162305956706,0.30148148148148146
0.0001124449263443239,0.3022222222222222
0.00011245478526689112,0.302962962962963
0.0001124751943279989,0.3037037037037037
0.00011256873403908685,0.30444444444444446
0.00011258778249612078,0.30518518518518517
0.00011268081289017573,0.30592592592592593
0.00011272504343651235,0.30666666666666664
0.00011274072312517092,0.3074074074074074
0.00011280577018624172,0.30814814814814817
0.00011291214468656108,0.3088888888888889
0.00011300209007458761,0.30962962962962964
0.00011305342195555568,0.31037037037037035
0.00011306073429295793,0.3111111111111111
0.00011306630040053278,0.3118518518518518
0.0001131299213739112,0.3125925925925926
0.00011322186037432402,0.31333333333333335
0.00011323768558213487,0.31407407407407406
0.00011337066098349169,0.3148148148148148
0.00011337927571730688,0.31555555555555553
0.00011348873522365466,0.3162962962962963
0.00011349216947564855,0.31703703703703706
0.00011355485912645236,0.31777777777777777
0.0001135794518631883,0.31851851851851853
0.00011359230848029256,0.31925925925925924
0.00011359508062014356,0.32
0.00011372068547643721,0.3207407407407407
0.00011374425957910717,0.3214814814814815
0.00011385571269784123,0.32222222222222224
0.0001138875013566576,0.32296296296296295
0.00011390343570383266,0.3237037037037037
0.00011391902808099985,0.3244444444444444
0.00011396663467166945,0.3251851851851852
0.00011398903006920591,0.32592592592592595
0.0001140089298132807,0.32666666666666666
0.00011404715769458562,0.3274074074074074
0.00011408729187678546,0.32814814814814813
0.00011408780119381845,0.3288888888888889
0.00011419556540204212,0.3296296296296296
0.00011434686166467145,0.33037037037037037
0.00011434808402555063,0.33111111111111113
0.00011442599497968331,0.33185185185185184
0.0001144447669503279,0.3325925925925926
0.00011445130803622305,0.3333333333333333
0.00011460562382126227,0.3340740740740741
0.00011464783165138215,0.3348148148148148
0.00011468814773252234,0.33555555555555555
0.00011477573571028188,0.3362962962962963
0.00011478945816634223,0.337037037037037
0.00011487099254736677,0.3377777777777778
0.00011487728625070304,0.3385185185185185
0.0001150092066382058,0.33925925925925926
0.00011501717381179333,0.34
0.00011505473958095536,0.34074074074074073
0.00011506237933645025,0.3414814814814815
0.00011506665032356977,0.3422222222222222
0.00011508187890285626,0.34296296296296297
0.00011514229117892683,0.3437037037037037
0.000115172952064313,0.34444444444444444
0.00011517916573211551,0.3451851851851852
0.00011518396058818325,0.3459259259259259
0.00011520052794367075,0.3466666666666667
0.00011522082058945671,0.3474074074074074
0.00011529080074978992,0.34814814814814815
0.0001153431148850359,0.3488888888888889
0.00011535709927557036,0.3496296296296296
0.00011536860256455839,0.3503703703703704
0.00011540264677023515,0.3511111111111111
0.00011545311281224713,0.35185185185185186
0.00011548710608622059,0.35259259259259257
0.00011551707575563341,0.35333333333333333
0.00011559907579794526,0.3540740740740741
0.00011567352339625359,0.3548148148148148
0.0001156955404439941,0.35555555555555557
0.00011570561036933213,0.3562962962962963
0.00011572966468520463,0.35703703703703704
0.00011574920063139871,0.35777777777777775
0.00011582921433728188,0.3585185185185185
0.00011591321526793763,0.3592592592592593
0.0001159233579528518,0.36
0.00011597498814808205,0.36074074074074075
0.0001159989697043784,0.36148148148148146
0.00011600212019402534,0.3622222222222222
0.00011608209752012044,0.362962962962963
0.00011609538341872394,0.3637037037037037
0.00011609595821937546,0.36444444444444446
0.00011612960952334106,0.36518518518518517
0.00011615173571044579,0.36592592592592593
0.00011616698611760512,0.36666666666666664
0.00011616876145126298,0.3674074074074074
0.00011617438576649874,0.36814814814814817
0.00011619560973485932,0.3688888888888889
0.00011620212899288163,0.36962962962962964
0.0001162784465122968,0.37037037037037035
0.00011628218635451049,0.3711111111111111
0.00011629533400991932,0.3718518518518519
0.00011630814697127789,0.3725925925925926
0.00011636772978818044,0.37333333333333335
0.00011639230069704354,0.37407407407407406
0.00011646949133137241,0.3748148148148148
0.00011648407235043123,0.37555555555555553
0.00011672338587231934,0.3762962962962963
0.00011676968279061839,0.37703703703703706
0.00011681742762448266,0.37777777777777777
0.0001168396120192483,0.37851851851851853
0.00011685916251735762,0.37925925925925924
0.00011687284131767228,0.38
0.00011691114195855334,0.38074074074074077
0.00011691250983858481,0.3814814814814815
0.00011695009743561968,0.38222222222222224
0.00011704704229487106,0.38296296296296295
0.00011706858640536666,0.3837037037037037
0.00011707287922035903,0.3844444444444444
0.00011711315164575353,0.3851851851851852
0.00011712664127117023,0.38592592592592595
0.00011713997810147703,0.38666666666666666
0.00011714168795151636,0.3874074074074074
0.00011715434811776504,0.38814814814814813
0.00011717260349541903,0.3888888888888889
0.0001172307092929259,0.3896296296296296
0.0001172392803709954,0.39037037037037037
0.00011726618686225265,0.39111111111111113
0.0001172686752397567,0.39185185185185184
0.0001172748306998983,0.3925925925925926
0.0001172768315882422,0.3933333333333333
0.00011736447049770504,0.3940740740740741
0.00011736846499843523,0.39481481481481484
0.00011743316281354055,0.39555555555555555
0.00011747521057259291,0.3962962962962963
0.00011749671102734283,0.397037037037037
0.00011756613093893975,0.3977777777777778
0.00011757860920624807,0.3985185185185185
0.00011758316395571455,0.39925925925925926
0.00011760150664485991,0.4
0.0001176080695586279,0.40074074074074073
0.00011763045768020675,0.4014814814814815
0.00011763632937800139,0.4022222222222222
0.00011763808288378641,0.40296296296296297
0.00011766773241106421,0.40370370370370373
0.0001177022495539859,0.40444444444444444
0.000117749092169106,0.4051851851851852
0.00011775215534726158,0.4059259259259259
0.00011786469985963777,0.4066666666666667
0.00011787683615693823,0.4074074074074074
0.00011792934674303979,0.40814814814814815
0.00011796846956713125,0.4088888888888889
0.00011798847845057026,0.4096296296296296
0.000117998402856756,0.4103703703703704
0.00011815981997642666,0.4111111111111111
0.0001181796396849677,0.41185185185185186
0.0001182061096187681,0.41259259259259257
0.00011822696978924796,0.41333333333333333
0.00011823033128166571,0.4140740740740741
0.00011824760440504178,0.4148148148148148
0.00011830346193164587,0.41555555555555557
0.00011830490257125348,0.4162962962962963
0.00011833178723463789,0.41703703703703704
0.00011834688484668732,0.4177777777777778
0.00011835955956485122,0.4185185185185185
0.00011842189269373193,0.4192592592592593
0.00011847248970298097,0.42
0.00011852484021801502,0.42074074074074075
0.00011853723117383197,0.42148148148148146
0.00011854737385874614,0.4222222222222222
0.00011862751125590876,0.422962962962963
0.00011866569548146799,0.4237037037037037
0.00011868910951307043,0.42444444444444446
0.00011874487972818315,0.42518518518518517
0.00011874803021783009,0.42592592592592593
0.00011877672659466043,0.4266666666666667
0.00011880160309374332,0.4274074074074074
0.00011880993406521156,0.42814814814814817
0.0001188955211546272,0.4288888888888889
0.00011889856978086755,0.42962962962962964
0.00011892581824213266,0.43037037037037035
0.00011898356751771644,0.4311111111111111
0.00011904474376933649,0.4318518518518519
0.0001190498805954121,0.4325925925925926
0.0001190600378322415,0.43333333333333335
0.00011907181033166125,0.43407407407407406
0.00011909331078641117,0.4348148148148148
0.00011910775356227532,0.43555555555555553
0.00011917867959709838,0.4362962962962963
0.00011926608567591757,0.43703703703703706
0.00011952529894188046,0.43777777777777777
0.00011957085371250287,0.43851851851851853
0.00011957387323491275,0.43925925925925924
0.00011958078539464623,0.44
0.00011958258983213454,0.44074074074074077
0.00011961616110056639,0.4414814814814815
0.00011971769708907232,0.44222222222222224
0.00011972225911449641,0.44296296296296295
0.0001197467718156986,0.4437037037037037
0.00011974813969573006,0.4444444444444444
0.00011975976667599753,0.4451851851851852
0.00011976408859482035,0.44592592592592595
0.0001198763566208072,0.44666666666666666
0.00011997676483588293,0.4474074074074074
0.00012003206211375073,0.44814814814814813
0.00012005578901153058,0.4488888888888889
0.00012009315105387941,0.44962962962962966
0.0001201061240863055,0.45037037037037037
0.00012016191612929106,0.45111111111111113
0.00012016535038128495,0.45185185185185184
0.00012030443758703768,0.4525925925925926
0.00012033501116093248,0.4533333333333333
0.00012036105908919126,0.4540740740740741
0.0001203953506774269,0.45481481481481484
0.00012040983710903674,0.45555555555555555
0.00012041159789077938,0.4562962962962963
0.00012045364564983174,0.457037037037037
0.00012047986092511564,0.4577777777777778
0.0001204931759275496,0.4585185185185185
0.00012053945829393342,0.45925925925925926
0.0001206003362312913,0.46
0.00012060508015565574,0.46074074074074073
0.0001206183951580897,0.4614814814814815
0.00012079117732355371,0.4622222222222222
0.00012079468433512375,0.46296296296296297
0.00012079704902134836,0.46370370370370373
0.00012084485206287354,0.46444444444444444
0.00012093307304894552,0.4651851851851852
0.00012100239109713584,0.4659259259259259
0.00012103230983484536,0.4666666666666667
0.00012104115739930421,0.4674074074074074
0.00012105006317142397,0.46814814814814815
0.0001210667469422333,0.4688888888888889
0.0001211618073284626,0.4696296296296296
0.00012129193783039227,0.4703703703703704
0.00012138534657424316,0.4711111111111111
0.00012144181528128684,0.47185185185185186
0.00012145922664785758,0.4725925925925926
0.00012153719580965117,0.47333333333333333
0.00012164732470409945,0.4740740740740741
0.00012164821237092838,0.4748148148148148
0.0001217037279275246,0.47555555555555556
0.00012172026617918164,0.4762962962962963
0.00012175875599496067,0.47703703703703704
0.00012175911251688376,0.4777777777777778
0.00012176951713627204,0.4785185185185185
0.00012180013436591253,0.4792592592592593
0.00012181742204120383,0.48
0.00012186274398118258,0.48074074074074075
0.00012193425936857238,0.48148148148148145
0.00012195846647955477,0.4822222222222222
0.00012198527110740542,0.482962962962963
0.00012215776951052248,0.4837037037037037
0.00012216098548378795,0.48444444444444446
0.0001221867132699117,0.48518518518518516
0.00012220045027788728,0.48592592592592593
0.00012225689715705812,0.4866666666666667
0.00012228205741848797,0.4874074074074074
0.0001223146537085995,0.48814814814814816
0.00012232431618031114,0.4888888888888889
0.00012235667963977903,0.48962962962962964
0.0001224736770382151,0.49037037037037035
0.00012248627899680287,0.4911111111111111
0.00012248801067471504,0.4918518518518519
0.0001224885490955785,0.4925925925925926
0.0001224885490955785,0.49333333333333335
0.00012249492283444852,0.49407407407407405
0.00012253067689016461,0.4948148148148148
0.0001225432934006676,0.4955555555555556
0.00012259524373803288,0.4962962962962963
0.00012262433301657438,0.49703703703703705
0.00012269603030290455,0.49777777777777776
0.0001227046741405502,0.4985185185185185
0.00012271951709408313,0.49925925925925924
0.00012280851660761982,0.5
0.00012281483213882893,0.5007407407407407
0.00012283689284231514,0.5014814814814815
0.00012284771946724504,0.5022222222222222
0.00012298166984692216,0.502962962962963
0.00012303639960009605,0.5037037037037037
0.00012304064875934273,0.5044444444444445
0.0001230662310263142,0.5051851851851852
0.00012314453488215804,0.5059259259259259
0.00012315798085182905,0.5066666666666667
0.00012316160427872092,0.5074074074074074
0.00012343634443823248,0.5081481481481481
0.00012344775313977152,0.5088888888888888
0.00012345296272542328,0.5096296296296297
0.00012349414464551955,0.5103703703703704
0.00012354800128377974,0.5111111111111111
0.00012360078108031303,0.5118518518518519
0.00012366408191155642,0.5125925925925926
0.00012368753959890455,0.5133333333333333
0.00012369401520118117,0.5140740740740741
0.00012373283971101046,0.5148148148148148
0.0001237688265973702,0.5155555555555555
0.00012376955419313163,0.5162962962962963
0.00012378874816931784,0.5170370370370371
0.0001238002150785178,0.5177777777777778
0.00012381465057842433,0.5185185185185185
0.00012387766037136316,0.5192592592592593
0.000123922000057064,0.52
0.00012392910139169544,0.5207407407407407
0.00012396533566061407,0.5214814814814814
0.00012398824037518352,0.5222222222222223
0.00012401836283970624,0.522962962962963
0.00012402707943692803,0.5237037037037037
0.000124056707136333,0.5244444444444445
0.00012410336057655513,0.5251851851851852
0.00012418400729075074,0.5259259259259259
0.00012421654537320137,0.5266666666666666
0.00012426151079125702,0.5274074074074074
0.0001243108999915421,0.5281481481481481
0.0001244118029717356,0.5288888888888889
0.00012450448411982507,0.5296296296296297
0.00012452754890546203,0.5303703703703704
0.00012456085823941976,0.5311111111111111
0.00012461461301427335,0.5318518518518518
0.00012465936015360057,0.5325925925925926
0.00012478727148845792,0.5333333333333333
0.00012486417836043984,0.534074074074074
0.00012486768537200987,0.5348148148148149
0.00012488711217883974,0.5355555555555556
0.00012489664368331432,0.5362962962962963
0.00012493949907366186,0.5370370370370371
0.0001249565539183095,0.5377777777777778
0.00012498354772105813,0.5385185185185185
0.00012498693831730634,0.5392592592592592
0.00012500798038672656,0.54
0.00012504520418588072,0.5407407407407407
0.00012509703810792416,0.5414814814814815
0.00012512375542428344,0.5422222222222223
0.00012517791765276343,0.542962962962963
0.00012518202129285783,0.5437037037037037
0.00012519300798885524,0.5444444444444444
0.00012527761282399297,0.5451851851851852
0.00012528228398878127,0.5459259259259259
0.00012529443483799696,0.5466666666666666
0.00012531672837212682,0.5474074074074075
0.0001253657101187855,0.5481481481481482
0.00012538758164737374,0.5488888888888889
0.00012546962534543127,0.5496296296296296
0.00012555865396279842,0.5503703703703704
0.00012556373258121312,0.5511111111111111
0.00012566383520606905,0.5518518518518518
0.00012567076191771775,0.5525925925925926
0.00012573979620356113,0.5533333333333333
0.00012581991904880852,0.554074074074074
0.0001258268894162029,0.5548148148148148
0.00012582993076648563,0.5555555555555556
0.00012593776045832783,0.5562962962962963
0.00012595448060892522,0.557037037037037
0.00012602415517903864,0.5577777777777778
0.0001260724529856816,0.5585185185185185
0.0001261657744180411,0.5592592592592592
0.00012617178435903043,0.56
0.00012618694745469838,0.5607407407407408
0.0001262713922187686,0.5614814814814815
0.00012628018157556653,0.5622222222222222
0.00012629671255126595,0.562962962962963
0.00012630841229110956,0.5637037037037037
0.00012638277257792652,0.5644444444444444
0.00012638869520742446,0.5651851851851852
0.00012644840171560645,0.5659259259259259
0.0001264838792849332,0.5666666666666667
0.00012648949632421136,0.5674074074074074
0.00012652082659769803,0.5681481481481482
0.0001265430764760822,0.5688888888888889
0.00012660275388043374,0.5696296296296296
0.0001266092003788799,0.5703703703703704
0.0001266156614292413,0.5711111111111111
0.00012662903463933617,0.5718518518518518
0.00012664262612815946,0.5725925925925925
0.00012667333066929132,0.5733333333333334
0.0001266764447791502,0.5740740740740741
0.0001268179912585765,0.5748148148148148
0.0001268658525077626,0.5755555555555556
0.00012688792776316404,0.5762962962962963
0.00012690265430137515,0.577037037037037
0.00012704524851869792,0.5777777777777777
0.00012712871830444783,0.5785185185185185
0.00012715432967524976,0.5792592592592593
0.0001272312947548926,0.58
0.00012723465624731034,0.5807407407407408
0.00012723999680019915,0.5814814814814815
0.00012724784028250724,0.5822222222222222
0.00012731215974781662,0.582962962962963
0.00012735514610540122,0.5837037037037037
0.00012743545812554657,0.5844444444444444
0.00012743956176564097,0.5851851851851851
0.00012744458217639476,0.585925925925926
0.00012756236537825316,0.5866666666666667
0.00012760216486640275,0.5874074074074074
0.00012767751468345523,0.5881481481481482
0.00012770298053510487,0.5888888888888889
0.00012770395551342517,0.5896296296296296
0.00012778796372003853,0.5903703703703703
0.00012779583630617708,0.5911111111111111
0.00012791765038855374,0.5918518518518519
0.00012792473717126995,0.5925925925925926
0.00012796049122698605,0.5933333333333334
0.00012798834359273314,0.5940740740740741
0.0001279963180422783,0.5948148148148148
0.00012806461018044502,0.5955555555555555
0.00012808237806893885,0.5962962962962963
0.0001280916330870241,0.597037037037037
0.0001281703298445791,0.5977777777777777
0.00012821190466638654,0.5985185185185186
0.00012827530736103654,0.5992592592592593
0.00012829464685637504,0.6
0.00012830579362343997,0.6007407407407407
0.00012830762716475874,0.6014814814814815
0.00012831272033508867,0.6022222222222222
0.0001283390010939911,0.6029629629629629
0.0001283902529394254,0.6037037037037037
0.0001284615573240444,0.6044444444444445
0.0001284988975385204,0.6051851851851852
0.00012851183419115841,0.605925925925926
0.00012851710198447108,0.6066666666666667
0.00012854489614255726,0.6074074074074074
0.00012854834494646639,0.6081481481481481
0.00012856069952249527,0.6088888888888889
0.00012858040281571448,0.6096296296296296
0.00012860876449849457,0.6103703703703703
0.00012874940875917673,0.6111111111111112
0.00012876030814368278,0.6118518518518519
0.00012904693721793592,0.6125925925925926
0.00012908903590869159,0.6133333333333333
0.00012919693836010993,0.6140740740740741
0.00012925647024530917,0.6148148148148148
0.00012931297533214092,0.6155555555555555
0.00012933992547914386,0.6162962962962963
0.0001294949179282412,0.617037037037037
0.0001294990215683356,0.6177777777777778
0.00012950484233442694,0.6185185185185185
0.00012955725833307952,0.6192592592592593
0.0001295726397074759,0.62
0.00012962031178176403,0.6207407407407407
0.00012965161295142025,0.6214814814814815
0.00012967054499313235,0.6222222222222222
0.00012970880197826773,0.6229629629629629
0.00012971233809366822,0.6237037037037036
0.0001297580893151462,0.6244444444444445
0.0001297901471843943,0.6251851851851852
0.00012981967302039266,0.6259259259259259
0.00012985234207008034,0.6266666666666667
0.00012987737136427313,0.6274074074074074
0.00012988806702196598,0.6281481481481481
0.00012997534940950572,0.6288888888888889
0.00012998694728594273,0.6296296296296297
0.0001300269941566512,0.6303703703703704
0.00013009179383516312,0.6311111111111111
0.00013014583964832127,0.6318518518518519
0.00013019102334510535,0.6325925925925926
0.00013027637032791972,0.6333333333333333
0.00013032295100856572,0.6340740740740741
0.00013037468306720257,0.6348148148148148
0.00013039796613156796,0.6355555555555555
0.00013041828060522676,0.6362962962962962
0.0001305049518123269,0.6370370370370371
0.00013051697169430554,0.6377777777777778
0.00013052309805061668,0.6385185185185185
0.00013063450751360506,0.6392592592592593
0.00013064198719803244,0.64
0.00013067178952042013,0.6407407407407407
0.00013069574197288603,0.6414814814814814
0.00013072829460725188,0.6422222222222222
0.0001307781203649938,0.642962962962963
0.00013082119403406978,0.6437037037037037
0.00013082881923764944,0.6444444444444445
0.00013085866521578282,0.6451851851851852
0.00013093414600007236,0.6459259259259259
0.00013097601186018437,0.6466666666666666
0.0001310336811002344,0.6474074074074074
0.0001311580854235217,0.6481481481481481
0.00013116264017298818,0.6488888888888888
0.00013129014405421913,0.6496296296296297
0.00013129861326888204,0.6503703703703704
0.00013145267439540476,0.6511111111111111
0.00013150740414857864,0.6518518518518519
0.00013151633902452886,0.6525925925925926
0.0001315417030127719,0.6533333333333333
0.00013167494034860283,0.654074074074074
0.00013169314479455352,0.6548148148148148
0.00013170315651223063,0.6555555555555556
0.00013171981845516711,0.6562962962962963
0.00013173824117984623,0.6570370370370371
0.0001317915739491582,0.6577777777777778
0.0001318595022894442,0.6585185185185185
0.00013187687727622688,0.6592592592592592
0.00013189922901801765,0.66
0.00013192027108743787,0.6607407407407407
0.00013192430196795613,0.6614814814814814
0.00013192606274969876,0.6622222222222223
0.00013196023064665496,0.662962962962963
0.00013197859516367316,0.6637037037037037
0.0001319809234701097,0.6644444444444444
0.0001320520677836612,0.6651851851851852
0.0001320735173067078,0.6659259259259259
0.00013207619485910982,0.6666666666666666
0.00013211242912802845,0.6674074074074074
0.00013222180132288486,0.6681481481481482
0.00013226625742390752,0.6688888888888889
0.00013238732935860753,0.6696296296296296
0.00013242545537650585,0.6703703703703704
0.00013248382310848683,0.6711111111111111
0.00013249923358671367,0.6718518518518518
0.00013252928329166025,0.6725925925925926
0.000132533154101111,0.6733333333333333
0.00013254185614641756,0.674074074074074
0.00013254533405415714,0.6748148148148149
0.00013257001410238445,0.6755555555555556
0.00013262772699818015,0.6762962962962963
0.0001327788340859115,0.677037037037037
0.00013281872088555247,0.6777777777777778
0.00013284981832839549,0.6785185185185185
0.00013288925401866436,0.6792592592592592
0.00013303058221936226,0.68
0.00013303346349857748,0.6807407407407408
0.0001331178063992411,0.6814814814814815
0.00013315309479366988,0.6822222222222222
0.00013316846161615103,0.682962962962963
0.00013317272532731295,0.6837037037037037
0.0001332536485278979,0.6844444444444444
0.00013333241804502904,0.6851851851851852
0.000133387598907575,0.6859259259259259
0.0001333947293460369,0.6866666666666666
0.00013345020124688745,0.6874074074074074
0.00013345135084819049,0.6881481481481482
0.00013348380161914974,0.6888888888888889
0.00013351747475098819,0.6896296296296296
0.00013353767280932516,0.6903703703703704
0.00013358602882362902,0.6911111111111111
0.00013359080185182393,0.6918518518518518
0.00013359311560634524,0.6925925925925925
0.0001336223358521238,0.6933333333333334
0.00013362527533899993,0.6940740740740741
0.00013371865497902036,0.6948148148148148
0.00013376363494899124,0.6955555555555556
0.00013379748270381242,0.6962962962962963
0.00013381027383729815,0.697037037037037
0.000133850408019498,0.6977777777777778
0.00013389228843152523,0.6985185185185185
0.00013394319103099406,0.6992592592592592
0.0001339893788099289,0.7
0.00013402449258137494,0.7007407407407408
0.00013420045434031636,0.7014814814814815
0.00013427904923446476,0.7022222222222222
0.000134343805257231,0.702962962962963
0.0001343500189250335,0.7037037037037037
0.00013437001325655729,0.7044444444444444
0.00013437532470561564,0.7051851851851851
0.00013438124733511358,0.705925925925926
0.000134423011331819,0.7066666666666667
0.00013445243530441076,0.7074074074074074
0.00013447167293634266,0.7081481481481482
0.00013451681297738105,0.7088888888888889
0.00013454240979626775,0.7096296296296296
0.00013456077431328595,0.7103703703703703
0.00013460575428325683,0.7111111111111111
0.00013464325456880033,0.7118518518518518
0.00013464412768371403,0.7125925925925926
0.00013470642443280667,0.7133333333333334
0.0001348503865301609,0.7140740740740741
0.00013489140837918967,0.7148148148148148
0.0001350388629361987,0.7155555555555555
0.00013505690731108189,0.7162962962962963
0.0001351682294625789,0.717037037037037
0.00013523967936635017,0.7177777777777777
0.00013531811418943107,0.7185185185185186
0.00013540864165406674,0.7192592592592593
0.00013542582746595144,0.72
0.00013542915985453874,0.7207407407407408
0.00013544366811402142,0.7214814814814815
0.00013545097317546606,0.7222222222222222
0.00013545840920414776,0.7229629629629629
0.00013550289440900087,0.7237037037037037
0.000135564521769993,0.7244444444444444
0.00013568619033321738,0.7251851851851852
0.00013574992772191763,0.725925925925926
0.00013587741705123335,0.7266666666666667
0.00013589031004812568,0.7274074074074074
0.0001359109446639195,0.7281481481481481
0.00013595497875940055,0.7288888888888889
0.00013596662029158324,0.7296296296296296
0.00013599400699604303,0.7303703703703703
0.00013601826503872871,0.7311111111111112
0.0001361198810627684,0.7318518518518519
0.0001361869799438864,0.7325925925925926
0.00013623872655443847,0.7333333333333333
0.00013631467300001532,0.7340740740740741
0.0001363339979434386,0.7348148148148148
0.00013635179493576288,0.7355555555555555
0.00013643497368320823,0.7362962962962963
0.00013649465108755976,0.737037037037037
0.00013657959061674774,0.7377777777777778
0.00013658181705977768,0.7385185185185185
0.00013659705291502178,0.7392592592592593
0.00013660026888828725,0.74
0.00013660656986758113,0.7407407407407407
0.0001366596552543342,0.7414814814814815
0.000136662827571854,0.7422222222222222
0.00013666451559402049,0.7429629629629629
0.0001366895594401285,0.7437037037037038
0.00013670990301761776,0.7444444444444445
0.00013676400703843683,0.7451851851851852
0.0001367871300317347,0.7459259259259259
0.00013679188850801438,0.7466666666666667
0.0001368299126625061,0.7474074074074074
0.0001368669036310166,0.7481481481481481
0.00013697147369384766,0.7488888888888889
0.00013697247777599841,0.7496296296296296
0.00013717793626710773,0.7503703703703704
0.0001372448750771582,0.7511111111111111
0.0001372636470478028,0.7518518518518519
0.00013730333012063056,0.7525925925925926
0.00013730907812714577,0.7533333333333333
0.00013735024549532682,0.7540740740740741
0.00013738546113017946,0.7548148148148148
0.0001374710409436375,0.7555555555555555
0.0001375071151414886,0.7562962962962962
0.00013750953075941652,0.7570370370370371
0.00013756151020061225,0.7577777777777778
0.00013756571570411325,0.7585185185185185
0.00013757235137745738,0.7592592592592593
0.00013761172886006534,0.76
0.00013774161925539374,0.7607407407407407
0.0001377649896312505,0.7614814814814815
0.00013781330198980868,0.7622222222222222
0.0001378692250000313,0.762962962962963
0.00013803198817186058,0.7637037037037037
0.00013804050104226917,0.7644444444444445
0.00013806932838633657,0.7651851851851852
0.0001384984061587602,0.7659259259259259
0.00013856728037353605,0.7666666666666667
0.00013867607049178332,0.7674074074074074
0.00013875898730475456,0.7681481481481481
0.00013882342318538576,0.7688888888888888
0.00013884012878406793,0.7696296296296297
0.00013884487270843238,0.7703703703703704
0.00013892812421545386,0.7711111111111111
0.0001389938552165404,0.7718518518518519
0.00013901774946134537,0.7725925925925926
0.00013902426871936768,0.7733333333333333
0.00013904929801356047,0.774074074074074
0.00013910623965784907,0.7748148148148148
0.0001391713012708351,0.7755555555555556
0.0001392010599374771,0.7762962962962963
0.00013922563812229782,0.7770370370370371
0.00013926386600360274,0.7777777777777778
0.0001392672857036814,0.7785185185185185
0.00013930618297308683,0.7792592592592592
0.00013930653221905231,0.78
0.00013941962970420718,0.7807407407407407
0.00013943413796368986,0.7814814814814814
0.00013944189413450658,0.7822222222222223
0.00013946900435257703,0.782962962962963
0.00013957750343251973,0.7837037037037037
0.0001395825674990192,0.7844444444444445
0.0001397931919200346,0.7851851851851852
0.000139842857606709,0.7859259259259259
0.0001400136243319139,0.7866666666666666
0.00014004191325511783,0.7874074074074074
0.0001400505716446787,0.7881481481481482
0.0001400629262207076,0.7888888888888889
0.00014011113671585917,0.7896296296296297
0.0001402337074978277,0.7903703703703704
0.00014024834672454745,0.7911111111111111
0.00014034054765943438,0.7918518518518518
0.0001403571222908795,0.7925925925925926
0.00014036572247277945,0.7933333333333333
0.0001403685746481642,0.794074074074074
0.00014038085646461695,0.7948148148148149
0.0001404810172971338,0.7955555555555556
0.000140498043037951,0.7962962962962963
0.00014057640510145575,0.797037037037037
0.0001406264491379261,0.7977777777777778
0.00014104240108281374,0.7985185185185185
0.00014104829460848123,0.7992592592592592
0.00014106970047578216,0.8
0.0001410802360624075,0.8007407407407408
0.00014111328346189111,0.8014814814814815
0.00014121894491836429,0.8022222222222222
0.00014123453001957387,0.802962962962963
0.00014127483882475644,0.8037037037037037
0.0001413279096595943,0.8044444444444444
0.00014138843107502908,0.8051851851851852
0.00014140500570647418,0.8059259259259259
0.00014158520207274705,0.8066666666666666
0.00014160429418552667,0.8074074074074075
0.00014168852067086846,0.8081481481481482
0.00014169083442538977,0.8088888888888889
0.00014178655692376196,0.8096296296296296
0.00014179122808855027,0.8103703703703704
0.00014180198195390403,0.8111111111111111
0.00014191797527018934,0.8118518518518518
0.0001420717453584075,0.8125925925925926
0.0001422120985807851,0.8133333333333334
0.00014221761375665665,0.8140740740740741
0.00014222407480701804,0.8148148148148148
0.00014235200069379061,0.8155555555555556
0.00014245578495319933,0.8162962962962963
0.0001424601796315983,0.817037037037037
0.00014249970263335854,0.8177777777777778
0.00014255486894398928,0.8185185185185185
0.00014264610945247114,0.8192592592592592
0.00014270361862145364,0.82
0.0001427045644959435,0.8207407407407408
0.00014275791181717068,0.8214814814814815
0.00014276590081863105,0.8222222222222222
0.00014281943731475621,0.822962962962963
0.00014285575889516622,0.8237037037037037
0.00014289497630670667,0.8244444444444444
0.00014296553854364902,0.8251851851851851
0.00014310269034467638,0.825925925925926
0.0001433132274542004,0.8266666666666667
0.00014347114483825862,0.8274074074074074
0.00014347644173540175,0.8281481481481482
0.00014357079635374248,0.8288888888888889
0.00014358667249325663,0.8296296296296296
0.0001436582242604345,0.8303703703703704
0.00014368970005307347,0.8311111111111111
0.00014397440827451646,0.8318518518518518
0.0001440211635781452,0.8325925925925926
0.00014404969988390803,0.8333333333333334
0.00014412327436730266,0.8340740740740741
0.00014425796689465642,0.8348148148148148
0.00014428005670197308,0.8355555555555556
0.00014434535114560276,0.8362962962962963
0.0001445361995138228,0.837037037037037
0.0001445981179131195,0.8377777777777777
0.00014464605192188174,0.8385185185185186
0.0001447773101972416,0.8392592592592593
0.0001448119292035699,0.84
0.00014490055036731064,0.8407407407407408
0.0001449552655685693,0.8414814814814815
0.00014505290891975164,0.8422222222222222
0.00014506527804769576,0.8429629629629629
0.00014516478404402733,0.8437037037037037
0.00014522683341056108,0.8444444444444444
0.00014529636246152222,0.8451851851851852
0.00014530586486216635,0.845925925925926
0.00014532003842759877,0.8466666666666667
0.00014533080684486777,0.8474074074074074
0.00014543096767738461,0.8481481481481481
0.000145461322972551,0.8488888888888889
0.00014553475193679333,0.8496296296296296
0.00014566477329935879,0.8503703703703703
0.00014568594633601606,0.8511111111111112
0.00014571829524356872,0.8518518518518519
0.00014616476255469024,0.8525925925925926
0.00014627807831857353,0.8533333333333334
0.00014633650425821543,0.8540740740740741
0.0001464789966121316,0.8548148148148148
0.000146494698128663,0.8555555555555555
0.00014667138748336583,0.8562962962962963
0.00014667140203528106,0.857037037037037
0.000146673628478311,0.8577777777777778
0.00014692751574330032,0.8585185185185186
0.00014702002226840705,0.8592592592592593
0.00014722038758918643,0.86
0.00014725637447554618,0.8607407407407407
0.00014727433153893799,0.8614814814814815
0.00014744672807864845,0.8622222222222222
0.0001475973112974316,0.8629629629629629
0.00014769041445106268,0.8637037037037038
0.00014769799599889666,0.8644444444444445
0.00014797209587413818,0.8651851851851852
0.0001479992497479543,0.8659259259259259
0.00014800310600548983,0.8666666666666667
0.00014812785957474262,0.8674074074074074
0.00014840313815511763,0.8681481481481481
0.00014843362441752106,0.8688888888888889
0.00014867601566947997,0.8696296296296296
0.00014868268044665456,0.8703703703703703
0.00014872268366161734,0.8711111111111111
0.00014875869965180755,0.8718518518518519
0.00014889355225022882,0.8725925925925926
0.00014890827878843993,0.8733333333333333
0.00014902380644343793,0.8740740740740741
0.00014908456068951637,0.8748148148148148
0.00014949881006032228,0.8755555555555555
0.0001495585747761652,0.8762962962962964
0.00014963987632654607,0.8770370370370371
0.00014969280164223164,0.8777777777777778
0.00014970407937653363,0.8785185185185185
0.00015014540986157954,0.8792592592592593
0.000150209671119228,0.88
0.0001502270606579259,0.8807407407407407
0.00015034177340567112,0.8814814814814815
0.0001504584652138874,0.8822222222222222
0.0001505523978266865,0.882962962962963
0.00015069471555761993,0.8837037037037037
0.00015086089842952788,0.8844444444444445
0.00015087648353073746,0.8851851851851852
0.00015089708904270083,0.8859259259259259
0.00015090988017618656,0.8866666666666667
0.00015118683222681284,0.8874074074074074
0.00015138884191401303,0.8881481481481481
0.00015151254774536937,0.8888888888888888
0.0001515331823611632,0.8896296296296297
0.00015159301983658224,0.8903703703703704
0.00015161465853452682,0.8911111111111111
0.00015169638209044933,0.8918518518518519
0.00015174495638348162,0.8925925925925926
0.00015206272655632347,0.8933333333333333
0.00015210322453640401,0.894074074074074
0.00015219436318147928,0.8948148148148148
0.0001522707607364282,0.8955555555555555
0.00015229171549435705,0.8962962962962963
0.00015236533363349736,0.8970370370370371
0.00015251507284119725,0.8977777777777778
0.00015254538448061794,0.8985185185185185
0.00015268640709109604,0.8992592592592593
0.00015320487727876753,0.9
0.0001532539026811719,0.9007407407407407
0.00015348600572906435,0.9014814814814814
0.00015366103616543114,0.9022222222222223
0.0001538247597636655,0.902962962962963
0.00015386909944936633,0.9037037037037037
0.0001538964279461652,0.9044444444444445
0.00015446642646566033,0.9051851851851852
0.0001547720021335408,0.9059259259259259
0.00015479480498470366,0.9066666666666666
0.0001548112923046574,0.9074074074074074
0.00015496219566557556,0.9081481481481481
0.00015504761540796608,0.9088888888888889
0.00015550068928860128,0.9096296296296297
0.00015558837912976742,0.9103703703703704
0.0001561052049510181,0.9111111111111111
0.00015626073582097888,0.9118518518518518
0.00015657104086130857,0.9125925925925926
0.00015663962403777987,0.9133333333333333
0.0001566485152579844,0.914074074074074
0.00015683259698562324,0.9148148148148149
0.0001569159358041361,0.9155555555555556
0.0001569853920955211,0.9162962962962963
0.00015715419431217015,0.917037037037037
0.00015764826093800366,0.9177777777777778
0.00015794056525919586,0.9185185185185185
0.00015834583609830588,0.9192592592592592
0.00015837805403862149,0.92
0.00015838105173315853,0.9207407407407407
0.0001585657155374065,0.9214814814814815
0.00015873224765527993,0.9222222222222223
0.0001588419108884409,0.922962962962963
0.00015887564222794026,0.9237037037037037
0.0001589612802490592,0.9244444444444444
0.00015936947602313012,0.9251851851851852
0.0001594755594851449,0.9259259259259259
0.0001597192749613896,0.9266666666666666
0.00015973008703440428,0.9274074074074075
0.0001598532107891515,0.9281481481481482
0.00015987185179255903,0.9288888888888889
0.00015991120017133653,0.9296296296296296
0.00015999589231796563,0.9303703703703704
0.00016003724886104465,0.9311111111111111
0.00016011603293009102,0.9318518518518518
0.00016013650747481734,0.9325925925925926
0.00016045317170210183,0.9333333333333333
0.00016049598343670368,0.9340740740740741
0.00016050541307777166,0.9348148148148148
0.00016054844309110194,0.9355555555555556
0.00016058831533882767,0.9362962962962963
0.00016078432963695377,0.937037037037037
0.00016085014794953167,0.9377777777777778
0.00016118513303808868,0.9385185185185185
0.0001614578941371292,0.9392592592592592
0.0001616109802853316,0.94
0.00016184916603378952,0.9407407407407408
0.000161902658874169,0.9414814814814815
0.00016246622544713318,0.9422222222222222
0.00016305505414493382,0.942962962962963
0.00016316529945470393,0.9437037037037037
0.0001632124767638743,0.9444444444444444
0.00016323158342856914,0.9451851851851852
0.00016352660895790905,0.945925925925926
0.00016404579218942672,0.9466666666666667
0.0001643737341510132,0.9474074074074074
0.0001645814918447286,0.9481481481481482
0.00016492651775479317,0.9488888888888889
0.00016566707927267998,0.9496296296296296
0.00016581943782512099,0.9503703703703704
0.00016597335343249142,0.9511111111111111
0.0001661384740145877,0.9518518518518518
0.0001664099545450881,0.9525925925925925
0.00016677702660672367,0.9533333333333334
0.00016703638539183885,0.9540740740740741
0.00016706537280697376,0.9548148148148148
0.00016720304847694933,0.9555555555555556
0.00016903433424886316,0.9562962962962963
0.00016908756515476853,0.957037037037037
0.0001699599961284548,0.9577777777777777
0.00017050839960575104,0.9585185185185185
0.00017133196524810046,0.9592592592592593
0.00017170187493320554,0.96
0.00017191383813042194,0.9607407407407408
0.00017283574561588466,0.9614814814814815
0.00017304001084994525,0.9622222222222222
0.00017467797442805022,0.9629629629629629
0.0001748128852341324,0.9637037037037037
0.00017510997713543475,0.9644444444444444
0.0001754198456183076,0.9651851851851851
0.000175742112332955,0.965925925925926
0.00017588962509762496,0.9666666666666667
0.00017604519962333143,0.9674074074074074
0.00017761424533091486,0.9681481481481482
0.00017963505524676293,0.9688888888888889
0.00017970961926039308,0.9696296296296296
0.00017989073239732534,0.9703703703703703
0.00018177178571932018,0.9711111111111111
0.00018456221732776612,0.9718518518518519
0.00018478152924217284,0.9725925925925926
0.00018492744129616767,0.9733333333333334
0.0001852074929047376,0.9740740740740741
0.00018716658814810216,0.9748148148148148
0.00019195687491446733,0.9755555555555555
0.00019442207121755928,0.9762962962962963
0.0001946910924743861,0.977037037037037
0.00019618911028373986,0.9777777777777777
0.00019642790721263736,0.9785185185185186
0.00019798683933913708,0.9792592592592593
0.00019813964900095016,0.98
0.00019914601580239832,0.9807407407407407
0.0002024028799496591,0.9814814814814815
0.0002027271402766928,0.9822222222222222
0.00021126210049260408,0.9829629629629629
0.0002170287916669622,0.9837037037037037
0.00023792053980287164,0.9844444444444445
0.00024672364816069603,0.9851851851851852
0.0002582257438916713,0.9859259259259259
0.0002790800353977829,0.9866666666666667
0.0002994074020534754,0.9874074074074074
0.0003222539962735027,0.9881481481481481
0.00034443114418536425,0.9888888888888889
0.0003522521583363414,0.9896296296296296
0.0003579875628929585,0.9903703703703703
0.0003698130894917995,0.9911111111111112
0.00039234652649611235,0.9918518518518519
0.0004023016954306513,0.9925925925925926
0.0008727195090614259,0.9933333333333333
0.0010515149915590882,0.9940740740740741
0.0011894918279722333,0.9948148148148148
0.0020561660639941692,0.9955555555555555
0.002133348025381565,0.9962962962962963
0.002289568306878209,0.997037037037037
0.00232969643548131,0.9977777777777778
0.00245604757219553,0.9985185185185185
0.0027135971467942,0.9992592592592593
0.004122221376746893,1.0
