request_execution_time,cdf
0.03813958168029785,0.001937984496124031
0.12924790382385254,0.003875968992248062
0.143294095993042,0.005813953488372093
0.1442112922668457,0.007751937984496124
0.1512455940246582,0.009689922480620155
0.1524672508239746,0.011627906976744186
0.15677833557128906,0.013565891472868217
0.15913128852844238,0.015503875968992248
0.1647343635559082,0.01744186046511628
0.20995402336120605,0.01937984496124031
0.21751928329467773,0.02131782945736434
0.2581334114074707,0.023255813953488372
0.26920437812805176,0.025193798449612403
0.29229116439819336,0.027131782945736434
0.32659912109375,0.029069767441860465
0.4159989356994629,0.031007751937984496
0.42850565910339355,0.03294573643410853
0.4290797710418701,0.03488372093023256
0.43494677543640137,0.03682170542635659
0.4621870517730713,0.03875968992248062
0.48261260986328125,0.040697674418604654
0.48766541481018066,0.04263565891472868
0.5222675800323486,0.044573643410852716
0.529604434967041,0.046511627906976744
0.532728910446167,0.04844961240310078
0.5431952476501465,0.050387596899224806
0.55950927734375,0.05232558139534884
0.563295841217041,0.05426356589147287
0.5659170150756836,0.0562015503875969
0.5732169151306152,0.05813953488372093
0.5740675926208496,0.060077519379844964
0.5841772556304932,0.06201550387596899
0.6059567928314209,0.06395348837209303
0.6171221733093262,0.06589147286821706
0.6230039596557617,0.06782945736434108
0.6546468734741211,0.06976744186046512
0.6663081645965576,0.07170542635658915
0.699378252029419,0.07364341085271318
0.7123496532440186,0.0755813953488372
0.7177529335021973,0.07751937984496124
0.7214465141296387,0.07945736434108527
0.7250609397888184,0.08139534883720931
0.8154926300048828,0.08333333333333333
0.8177063465118408,0.08527131782945736
0.8201034069061279,0.0872093023255814
0.8312857151031494,0.08914728682170543
0.8552093505859375,0.09108527131782945
0.8599648475646973,0.09302325581395349
0.8704473972320557,0.09496124031007752
0.8922326564788818,0.09689922480620156
0.9142727851867676,0.09883720930232558
0.9180343151092529,0.10077519379844961
0.9534811973571777,0.10271317829457365
0.9867627620697021,0.10465116279069768
1.0033173561096191,0.1065891472868217
1.0163099765777588,0.10852713178294573
1.045504093170166,0.11046511627906977
1.0676515102386475,0.1124031007751938
1.0816359519958496,0.11434108527131782
1.1000339984893799,0.11627906976744186
1.1052863597869873,0.1182170542635659
1.1333484649658203,0.12015503875968993
1.1470937728881836,0.12209302325581395
1.1577165126800537,0.12403100775193798
1.1950361728668213,0.12596899224806202
1.2017793655395508,0.12790697674418605
1.2254126071929932,0.1298449612403101
1.3090858459472656,0.13178294573643412
1.3571102619171143,0.13372093023255813
1.3651700019836426,0.13565891472868216
1.3695933818817139,0.1375968992248062
1.396432638168335,0.13953488372093023
1.4173595905303955,0.14147286821705427
1.4197008609771729,0.1434108527131783
1.4579858779907227,0.14534883720930233
1.4725875854492188,0.14728682170542637
1.4977574348449707,0.14922480620155038
1.5150885581970215,0.1511627906976744
1.5288817882537842,0.15310077519379844
1.5839667320251465,0.15503875968992248
1.600557804107666,0.1569767441860465
1.6225788593292236,0.15891472868217055
1.631434440612793,0.16085271317829458
1.642209768295288,0.16279069767441862
1.6425526142120361,0.16472868217054262
1.701462745666504,0.16666666666666666
1.7291615009307861,0.1686046511627907
1.7588355541229248,0.17054263565891473
1.7903614044189453,0.17248062015503876
1.8149263858795166,0.1744186046511628
1.8607444763183594,0.17635658914728683
1.9734578132629395,0.17829457364341086
1.9737179279327393,0.18023255813953487
2.0056066513061523,0.1821705426356589
2.0392537117004395,0.18410852713178294
2.084484100341797,0.18604651162790697
2.1192355155944824,0.187984496124031
2.1234591007232666,0.18992248062015504
2.1825289726257324,0.19186046511627908
2.1828980445861816,0.1937984496124031
2.1834380626678467,0.19573643410852712
2.199704647064209,0.19767441860465115
2.2287349700927734,0.1996124031007752
2.2590174674987793,0.20155038759689922
2.262706756591797,0.20348837209302326
2.2824854850769043,0.2054263565891473
2.2995593547821045,0.20736434108527133
2.3647260665893555,0.20930232558139536
2.41536283493042,0.21124031007751937
2.445833921432495,0.2131782945736434
2.4600865840911865,0.21511627906976744
2.468912124633789,0.21705426356589147
2.53039288520813,0.2189922480620155
2.5765624046325684,0.22093023255813954
2.6029398441314697,0.22286821705426357
2.60733699798584,0.2248062015503876
2.633392810821533,0.22674418604651161
2.6852762699127197,0.22868217054263565
2.686687707901001,0.23062015503875968
2.7509303092956543,0.23255813953488372
2.8102567195892334,0.23449612403100775
2.8265089988708496,0.2364341085271318
2.8277244567871094,0.23837209302325582
2.828976631164551,0.24031007751937986
2.8345978260040283,0.24224806201550386
2.8399393558502197,0.2441860465116279
2.840374231338501,0.24612403100775193
2.8797292709350586,0.24806201550387597
2.967298984527588,0.25
2.9751975536346436,0.25193798449612403
3.041410207748413,0.25387596899224807
3.1333096027374268,0.2558139534883721
3.1550469398498535,0.25775193798449614
3.179844856262207,0.2596899224806202
3.1861679553985596,0.2616279069767442
3.1874144077301025,0.26356589147286824
3.2074573040008545,0.2655038759689923
3.2599074840545654,0.26744186046511625
3.268803119659424,0.2693798449612403
3.270296096801758,0.2713178294573643
3.30580735206604,0.27325581395348836
3.3068487644195557,0.2751937984496124
3.400817394256592,0.2771317829457364
3.476672649383545,0.27906976744186046
3.573361873626709,0.2810077519379845
3.575023651123047,0.28294573643410853
3.5897295475006104,0.28488372093023256
3.6661367416381836,0.2868217054263566
3.679138660430908,0.28875968992248063
3.7154176235198975,0.29069767441860467
3.722761869430542,0.2926356589147287
3.757446527481079,0.29457364341085274
3.9038259983062744,0.29651162790697677
3.961252450942993,0.29844961240310075
3.965952157974243,0.3003875968992248
3.968269109725952,0.3023255813953488
3.974303960800171,0.30426356589147285
3.9839870929718018,0.3062015503875969
4.024927139282227,0.3081395348837209
4.045456886291504,0.31007751937984496
4.077179431915283,0.312015503875969
4.184340000152588,0.313953488372093
4.280920505523682,0.31589147286821706
4.282443046569824,0.3178294573643411
4.367564678192139,0.31976744186046513
4.375531196594238,0.32170542635658916
4.379483222961426,0.3236434108527132
4.3942060470581055,0.32558139534883723
4.4299468994140625,0.32751937984496127
4.433044910430908,0.32945736434108525
4.502650260925293,0.3313953488372093
4.562167167663574,0.3333333333333333
4.592785835266113,0.33527131782945735
4.595061302185059,0.3372093023255814
4.675887107849121,0.3391472868217054
4.754363059997559,0.34108527131782945
4.772334098815918,0.3430232558139535
4.773621559143066,0.3449612403100775
4.793581008911133,0.34689922480620156
4.871312141418457,0.3488372093023256
4.871580123901367,0.3507751937984496
4.95798397064209,0.35271317829457366
4.960760116577148,0.3546511627906977
5.028398513793945,0.35658914728682173
5.105171203613281,0.35852713178294576
5.231761932373047,0.36046511627906974
5.313121318817139,0.3624031007751938
5.332538604736328,0.3643410852713178
5.384993553161621,0.36627906976744184
5.397660255432129,0.3682170542635659
5.415825366973877,0.3701550387596899
5.437540054321289,0.37209302325581395
5.483546257019043,0.374031007751938
5.490245342254639,0.375968992248062
5.541803359985352,0.37790697674418605
5.565335750579834,0.3798449612403101
5.6059722900390625,0.3817829457364341
5.648643493652344,0.38372093023255816
5.661412715911865,0.3856589147286822
5.670208930969238,0.3875968992248062
5.76554536819458,0.38953488372093026
5.76662540435791,0.39147286821705424
5.794008731842041,0.39341085271317827
5.800310134887695,0.3953488372093023
5.85038423538208,0.39728682170542634
5.917390823364258,0.3992248062015504
5.92556095123291,0.4011627906976744
6.0049285888671875,0.40310077519379844
6.127132415771484,0.4050387596899225
6.151734828948975,0.4069767441860465
6.202328681945801,0.40891472868217055
6.247657775878906,0.4108527131782946
6.325042724609375,0.4127906976744186
6.381190776824951,0.41472868217054265
6.412055492401123,0.4166666666666667
6.421591758728027,0.4186046511627907
6.4220194816589355,0.42054263565891475
6.422867774963379,0.42248062015503873
6.435235023498535,0.42441860465116277
6.546399116516113,0.4263565891472868
6.583217144012451,0.42829457364341084
6.590934753417969,0.43023255813953487
6.701559066772461,0.4321705426356589
6.722352027893066,0.43410852713178294
6.724010467529297,0.436046511627907
6.75994873046875,0.437984496124031
6.781399726867676,0.43992248062015504
6.815847873687744,0.4418604651162791
6.852463245391846,0.4437984496124031
6.864383220672607,0.44573643410852715
6.898114204406738,0.4476744186046512
6.92496395111084,0.4496124031007752
6.9833245277404785,0.45155038759689925
7.024098873138428,0.45348837209302323
7.0363240242004395,0.45542635658914726
7.054056644439697,0.4573643410852713
7.153714179992676,0.45930232558139533
7.163599014282227,0.46124031007751937
7.205025672912598,0.4631782945736434
7.263811111450195,0.46511627906976744
7.325082778930664,0.46705426356589147
7.434476852416992,0.4689922480620155
7.502223014831543,0.47093023255813954
7.5023908615112305,0.4728682170542636
7.516397476196289,0.4748062015503876
7.517117500305176,0.47674418604651164
7.562310218811035,0.4786821705426357
7.565878391265869,0.4806201550387597
7.605294227600098,0.48255813953488375
7.610040187835693,0.4844961240310077
7.6482086181640625,0.48643410852713176
7.7317094802856445,0.4883720930232558
7.772478103637695,0.4903100775193798
7.972417831420898,0.49224806201550386
8.028977394104004,0.4941860465116279
8.032794952392578,0.49612403100775193
8.082507133483887,0.49806201550387597
8.12706184387207,0.5
8.143064498901367,0.501937984496124
8.151456832885742,0.5038759689922481
8.168628692626953,0.5058139534883721
8.182952880859375,0.5077519379844961
8.26031494140625,0.5096899224806202
8.288949966430664,0.5116279069767442
8.31160831451416,0.5135658914728682
8.317895889282227,0.5155038759689923
8.350375175476074,0.5174418604651163
8.401151657104492,0.5193798449612403
8.424562454223633,0.5213178294573644
8.425235748291016,0.5232558139534884
8.48318099975586,0.5251937984496124
8.546947479248047,0.5271317829457365
8.556407928466797,0.5290697674418605
8.598215103149414,0.5310077519379846
8.627952575683594,0.5329457364341085
8.655757904052734,0.5348837209302325
8.658746719360352,0.5368217054263565
8.684013366699219,0.5387596899224806
8.690068244934082,0.5406976744186046
8.709403991699219,0.5426356589147286
8.79423999786377,0.5445736434108527
8.807099342346191,0.5465116279069767
8.834844589233398,0.5484496124031008
8.836380004882812,0.5503875968992248
8.844952583312988,0.5523255813953488
8.851740837097168,0.5542635658914729
8.870880126953125,0.5562015503875969
9.028064727783203,0.5581395348837209
9.048653602600098,0.560077519379845
9.095537185668945,0.562015503875969
9.098569869995117,0.563953488372093
9.26034164428711,0.5658914728682171
9.31264877319336,0.5678294573643411
9.339946746826172,0.5697674418604651
9.383298873901367,0.5717054263565892
9.387693405151367,0.5736434108527132
9.4224271774292,0.5755813953488372
9.488689422607422,0.5775193798449613
9.575000762939453,0.5794573643410853
9.577119827270508,0.5813953488372093
9.581247329711914,0.5833333333333334
9.686248779296875,0.5852713178294574
9.774551391601562,0.5872093023255814
9.817718505859375,0.5891472868217055
9.825860023498535,0.5910852713178295
9.880034446716309,0.5930232558139535
9.885499954223633,0.5949612403100775
9.888641357421875,0.5968992248062015
9.892642974853516,0.5988372093023255
9.893123626708984,0.6007751937984496
9.95785140991211,0.6027131782945736
9.981033325195312,0.6046511627906976
10.056289672851562,0.6065891472868217
10.059600830078125,0.6085271317829457
10.069135665893555,0.6104651162790697
10.137849807739258,0.6124031007751938
10.228287696838379,0.6143410852713178
10.23027229309082,0.6162790697674418
10.238697052001953,0.6182170542635659
10.405020713806152,0.6201550387596899
10.420366287231445,0.622093023255814
10.46837329864502,0.624031007751938
10.47623062133789,0.625968992248062
10.478471755981445,0.627906976744186
10.516043663024902,0.6298449612403101
10.51768684387207,0.6317829457364341
10.550334930419922,0.6337209302325582
10.573314666748047,0.6356589147286822
10.634245872497559,0.6375968992248062
10.78765869140625,0.6395348837209303
10.789356231689453,0.6414728682170543
10.827774047851562,0.6434108527131783
10.830732345581055,0.6453488372093024
10.850580215454102,0.6472868217054264
10.931770324707031,0.6492248062015504
10.977048873901367,0.6511627906976745
11.030111312866211,0.6531007751937985
11.07919979095459,0.6550387596899225
11.142433166503906,0.6569767441860465
11.17763900756836,0.6589147286821705
11.206835746765137,0.6608527131782945
11.211379051208496,0.6627906976744186
11.355392456054688,0.6647286821705426
11.36281967163086,0.6666666666666666
11.469006538391113,0.6686046511627907
11.626908302307129,0.6705426356589147
11.644235610961914,0.6724806201550387
11.70133113861084,0.6744186046511628
11.709407806396484,0.6763565891472868
11.854530334472656,0.6782945736434108
11.893011093139648,0.6802325581395349
11.93288803100586,0.6821705426356589
12.065828323364258,0.6841085271317829
12.195913314819336,0.686046511627907
12.213007926940918,0.687984496124031
12.217374801635742,0.689922480620155
12.217939376831055,0.6918604651162791
12.227569580078125,0.6937984496124031
12.281054496765137,0.6957364341085271
12.411556243896484,0.6976744186046512
12.488727569580078,0.6996124031007752
12.494346618652344,0.7015503875968992
12.548781394958496,0.7034883720930233
12.80471420288086,0.7054263565891473
12.85299301147461,0.7073643410852714
13.055989265441895,0.7093023255813954
13.122358322143555,0.7112403100775194
13.127988815307617,0.7131782945736435
13.2429838180542,0.7151162790697675
13.317630767822266,0.7170542635658915
13.358478546142578,0.7189922480620154
13.388934135437012,0.7209302325581395
13.508713722229004,0.7228682170542635
13.521718978881836,0.7248062015503876
13.682720184326172,0.7267441860465116
13.700839042663574,0.7286821705426356
13.728242874145508,0.7306201550387597
13.751681327819824,0.7325581395348837
13.757966041564941,0.7344961240310077
13.901748657226562,0.7364341085271318
13.997245788574219,0.7383720930232558
14.010553359985352,0.7403100775193798
14.183537483215332,0.7422480620155039
14.232361793518066,0.7441860465116279
14.261247634887695,0.7461240310077519
14.306127548217773,0.748062015503876
14.326545715332031,0.75
14.328402519226074,0.751937984496124
14.42062759399414,0.7538759689922481
14.473091125488281,0.7558139534883721
14.515876770019531,0.7577519379844961
14.85777473449707,0.7596899224806202
15.009921073913574,0.7616279069767442
15.015151023864746,0.7635658914728682
15.070033073425293,0.7655038759689923
15.145665168762207,0.7674418604651163
15.512056350708008,0.7693798449612403
15.81916332244873,0.7713178294573644
16.011428833007812,0.7732558139534884
16.075965881347656,0.7751937984496124
16.099992752075195,0.7771317829457365
16.238691329956055,0.7790697674418605
16.336151123046875,0.7810077519379846
16.423377990722656,0.7829457364341085
16.436166763305664,0.7848837209302325
16.50493812561035,0.7868217054263565
16.666357040405273,0.7887596899224806
16.70125389099121,0.7906976744186046
16.98181915283203,0.7926356589147286
17.042781829833984,0.7945736434108527
17.050880432128906,0.7965116279069767
17.151470184326172,0.7984496124031008
17.488492965698242,0.8003875968992248
17.612600326538086,0.8023255813953488
17.617937088012695,0.8042635658914729
17.808923721313477,0.8062015503875969
18.003278732299805,0.8081395348837209
18.244701385498047,0.810077519379845
18.304183959960938,0.812015503875969
18.336143493652344,0.813953488372093
18.35475730895996,0.8158914728682171
18.435632705688477,0.8178294573643411
18.530933380126953,0.8197674418604651
18.538772583007812,0.8217054263565892
18.566452026367188,0.8236434108527132
18.667081832885742,0.8255813953488372
18.674480438232422,0.8275193798449613
18.93167495727539,0.8294573643410853
18.983177185058594,0.8313953488372093
18.98751449584961,0.8333333333333334
19.070629119873047,0.8352713178294574
19.100383758544922,0.8372093023255814
19.150009155273438,0.8391472868217055
19.208066940307617,0.8410852713178295
19.3005428314209,0.8430232558139535
19.439430236816406,0.8449612403100775
19.72646713256836,0.8468992248062015
19.821014404296875,0.8488372093023255
19.906484603881836,0.8507751937984496
19.968896865844727,0.8527131782945736
20.077632904052734,0.8546511627906976
20.199125289916992,0.8565891472868217
20.312908172607422,0.8585271317829457
20.417015075683594,0.8604651162790697
20.492544174194336,0.8624031007751938
20.61859130859375,0.8643410852713178
20.80482292175293,0.8662790697674418
21.061992645263672,0.8682170542635659
21.10618019104004,0.8701550387596899
21.206281661987305,0.872093023255814
21.503116607666016,0.874031007751938
21.65955924987793,0.875968992248062
21.94378662109375,0.877906976744186
21.966129302978516,0.8798449612403101
21.96765899658203,0.8817829457364341
22.066801071166992,0.8837209302325582
22.19036865234375,0.8856589147286822
22.321565628051758,0.8875968992248062
22.532197952270508,0.8895348837209303
22.55695343017578,0.8914728682170543
22.648962020874023,0.8934108527131783
22.67700958251953,0.8953488372093024
22.863117218017578,0.8972868217054264
22.888887405395508,0.8992248062015504
22.950645446777344,0.9011627906976745
23.29546546936035,0.9031007751937985
23.345134735107422,0.9050387596899225
23.56498146057129,0.9069767441860465
23.75010108947754,0.9089147286821705
23.822797775268555,0.9108527131782945
24.155054092407227,0.9127906976744186
24.261133193969727,0.9147286821705426
24.46087646484375,0.9166666666666666
25.031368255615234,0.9186046511627907
25.074567794799805,0.9205426356589147
25.20436668395996,0.9224806201550387
25.332256317138672,0.9244186046511628
25.45612335205078,0.9263565891472868
25.69818687438965,0.9282945736434108
25.7205753326416,0.9302325581395349
26.06252098083496,0.9321705426356589
26.18153953552246,0.9341085271317829
26.395401000976562,0.936046511627907
26.466428756713867,0.937984496124031
26.707975387573242,0.939922480620155
26.74065399169922,0.9418604651162791
26.746240615844727,0.9437984496124031
26.840173721313477,0.9457364341085271
26.944429397583008,0.9476744186046512
27.128910064697266,0.9496124031007752
27.585895538330078,0.9515503875968992
27.77460479736328,0.9534883720930233
27.973590850830078,0.9554263565891473
28.032136917114258,0.9573643410852714
28.273969650268555,0.9593023255813954
28.304841995239258,0.9612403100775194
28.350677490234375,0.9631782945736435
28.573856353759766,0.9651162790697675
28.925901412963867,0.9670542635658915
29.48739242553711,0.9689922480620154
29.825639724731445,0.9709302325581395
30.045772552490234,0.9728682170542635
30.132448196411133,0.9748062015503876
31.913286209106445,0.9767441860465116
32.28947830200195,0.9786821705426356
33.13719940185547,0.9806201550387597
33.59010314941406,0.9825581395348837
33.94597625732422,0.9844961240310077
34.03164291381836,0.9864341085271318
35.467838287353516,0.9883720930232558
35.49227523803711,0.9903100775193798
37.765480041503906,0.9922480620155039
38.52378845214844,0.9941860465116279
39.88200759887695,0.9961240310077519
44.88984680175781,0.998062015503876
47.43134307861328,1.0
