request_execution_plus_preemption_time,cdf
0.03814530372619629,0.001937984496124031
0.13140034675598145,0.003875968992248062
0.14533638954162598,0.005813953488372093
0.14538097381591797,0.007751937984496124
0.15297627449035645,0.009689922480620155
0.15554499626159668,0.011627906976744186
0.16082239151000977,0.013565891472868217
0.16880440711975098,0.015503875968992248
0.17823219299316406,0.01744186046511628
0.21726560592651367,0.01937984496124031
0.22445440292358398,0.02131782945736434
0.2644383907318115,0.023255813953488372
0.2801218032836914,0.025193798449612403
0.29789161682128906,0.027131782945736434
0.33159971237182617,0.029069767441860465
0.42159271240234375,0.031007751937984496
0.4406547546386719,0.03294573643410853
0.4423530101776123,0.03488372093023256
0.44775962829589844,0.03682170542635659
0.4750072956085205,0.03875968992248062
0.4961545467376709,0.040697674418604654
0.5002784729003906,0.04263565891472868
0.5339632034301758,0.044573643410852716
0.5438840389251709,0.046511627906976744
0.5469019412994385,0.04844961240310078
0.5551414489746094,0.050387596899224806
0.5724945068359375,0.05232558139534884
0.5772082805633545,0.05426356589147287
0.5814635753631592,0.0562015503875969
0.5856645107269287,0.05813953488372093
0.5973572731018066,0.060077519379844964
0.5974886417388916,0.06201550387596899
0.6215813159942627,0.06395348837209303
0.628300666809082,0.06589147286821706
0.639472484588623,0.06782945736434108
0.6750457286834717,0.06976744186046512
0.6887097358703613,0.07170542635658915
0.7139091491699219,0.07364341085271318
0.7295267581939697,0.0755813953488372
0.738771915435791,0.07751937984496124
0.7403910160064697,0.07945736434108527
0.7432806491851807,0.08139534883720931
0.8238434791564941,0.08333333333333333
0.8339848518371582,0.08527131782945736
0.8386564254760742,0.0872093023255814
0.8569505214691162,0.08914728682170543
0.8688328266143799,0.09108527131782945
0.8842015266418457,0.09302325581395349
0.8962137699127197,0.09496124031007752
0.9167780876159668,0.09689922480620156
0.9317333698272705,0.09883720930232558
0.9401447772979736,0.10077519379844961
0.9755473136901855,0.10271317829457365
1.020535945892334,0.10465116279069768
1.0207622051239014,0.1065891472868217
1.0447287559509277,0.10852713178294573
1.0698421001434326,0.11046511627906977
1.0875625610351562,0.1124031007751938
1.1154735088348389,0.11434108527131782
1.1256303787231445,0.11627906976744186
1.1318421363830566,0.1182170542635659
1.1597940921783447,0.12015503875968993
1.1608271598815918,0.12209302325581395
1.1994884014129639,0.12403100775193798
1.2258825302124023,0.12596899224806202
1.2305128574371338,0.12790697674418605
1.264671802520752,0.1298449612403101
1.3443470001220703,0.13178294573643412
1.386810064315796,0.13372093023255813
1.3948805332183838,0.13565891472868216
1.3988797664642334,0.1375968992248062
1.4318492412567139,0.13953488372093023
1.4442129135131836,0.14147286821705427
1.4608678817749023,0.1434108527131783
1.4943108558654785,0.14534883720930233
1.5010817050933838,0.14728682170542637
1.5420658588409424,0.14922480620155038
1.554584264755249,0.1511627906976744
1.555103063583374,0.15310077519379844
1.614652156829834,0.15503875968992248
1.6354413032531738,0.1569767441860465
1.6640925407409668,0.15891472868217055
1.6733689308166504,0.16085271317829458
1.6762173175811768,0.16279069767441862
1.6765482425689697,0.16472868217054262
1.7424449920654297,0.16666666666666666
1.7615125179290771,0.1686046511627907
1.8182213306427002,0.17054263565891473
1.8268144130706787,0.17248062015503876
1.8560011386871338,0.1744186046511628
1.9121365547180176,0.17635658914728683
2.012282371520996,0.17829457364341086
2.0233101844787598,0.18023255813953487
2.073521137237549,0.1821705426356589
2.0996570587158203,0.18410852713178294
2.142591714859009,0.18604651162790697
2.1538259983062744,0.187984496124031
2.1701979637145996,0.18992248062015504
2.2405507564544678,0.19186046511627908
2.254873037338257,0.1937984496124031
2.2549407482147217,0.19573643410852712
2.260833501815796,0.19767441860465115
2.2709269523620605,0.1996124031007752
2.3064115047454834,0.20155038759689922
2.3316292762756348,0.20348837209302326
2.3446359634399414,0.2054263565891473
2.3649935722351074,0.20736434108527133
2.423156261444092,0.20930232558139536
2.482724905014038,0.21124031007751937
2.493520736694336,0.2131782945736434
2.5058486461639404,0.21511627906976744
2.5089707374572754,0.21705426356589147
2.6107757091522217,0.2189922480620155
2.6346487998962402,0.22093023255813954
2.66400146484375,0.22286821705426357
2.6670007705688477,0.2248062015503876
2.6737754344940186,0.22674418604651161
2.791356086730957,0.22868217054263565
2.8180816173553467,0.23062015503875968
2.8981456756591797,0.23255813953488372
2.9072961807250977,0.23449612403100775
2.9118266105651855,0.2364341085271318
2.9126479625701904,0.23837209302325582
2.917936086654663,0.24031007751937986
2.927802801132202,0.24224806201550386
2.92836856842041,0.2441860465116279
2.9667532444000244,0.24612403100775193
3.023773431777954,0.24806201550387597
3.059765338897705,0.25
3.089418888092041,0.25193798449612403
3.2186615467071533,0.25387596899224807
3.2467081546783447,0.2558139534883721
3.256683826446533,0.25775193798449614
3.261237144470215,0.2596899224806202
3.27506947517395,0.2616279069767442
3.306055784225464,0.26356589147286824
3.3405919075012207,0.2655038759689923
3.3449032306671143,0.26744186046511625
3.346909761428833,0.2693798449612403
3.376692295074463,0.2713178294573643
3.4078476428985596,0.27325581395348836
3.5021982192993164,0.2751937984496124
3.573103666305542,0.2771317829457364
3.6224794387817383,0.27906976744186046
3.6793835163116455,0.2810077519379845
3.6912341117858887,0.28294573643410853
3.753723621368408,0.28488372093023256
3.7752928733825684,0.2868217054263566
3.788665771484375,0.28875968992248063
3.8007853031158447,0.29069767441860467
3.8652119636535645,0.2926356589147287
4.000018119812012,0.29457364341085274
4.048482418060303,0.29651162790697677
4.0625104904174805,0.29844961240310075
4.074782371520996,0.3003875968992248
4.080111980438232,0.3023255813953488
4.089407920837402,0.30426356589147285
4.125886917114258,0.3062015503875969
4.145785331726074,0.3081395348837209
4.155251502990723,0.31007751937984496
4.175836563110352,0.312015503875969
4.280919075012207,0.313953488372093
4.425747871398926,0.31589147286821706
4.429967880249023,0.3178294573643411
4.457740783691406,0.31976744186046513
4.484142780303955,0.32170542635658916
4.503664970397949,0.3236434108527132
4.5306315422058105,0.32558139534883723
4.556008815765381,0.32751937984496127
4.588027000427246,0.32945736434108525
4.61400032043457,0.3313953488372093
4.649508953094482,0.3333333333333333
4.694761276245117,0.33527131782945735
4.73081111907959,0.3372093023255814
4.795420169830322,0.3391472868217054
4.883549690246582,0.34108527131782945
4.892709732055664,0.3430232558139535
4.917527198791504,0.3449612403100775
4.939279079437256,0.34689922480620156
4.992740631103516,0.3488372093023256
5.008963584899902,0.3507751937984496
5.054882526397705,0.35271317829457366
5.06473445892334,0.3546511627906977
5.170829772949219,0.35658914728682173
5.216259002685547,0.35852713178294576
5.386419296264648,0.36046511627906974
5.458417892456055,0.3624031007751938
5.476785659790039,0.3643410852713178
5.488219261169434,0.36627906976744184
5.569133758544922,0.3682170542635659
5.591729164123535,0.3701550387596899
5.596809387207031,0.37209302325581395
5.60336971282959,0.374031007751938
5.655058860778809,0.375968992248062
5.663214683532715,0.37790697674418605
5.697299957275391,0.3798449612403101
5.766870975494385,0.3817829457364341
5.799406051635742,0.38372093023255816
5.811498165130615,0.3856589147286822
5.836031436920166,0.3875968992248062
5.875842094421387,0.38953488372093026
5.905635833740234,0.39147286821705424
5.944936752319336,0.39341085271317827
5.947348594665527,0.3953488372093023
6.001751899719238,0.39728682170542634
6.007954120635986,0.3992248062015504
6.0629987716674805,0.4011627906976744
6.156434059143066,0.40310077519379844
6.28996467590332,0.4050387596899225
6.322606086730957,0.4069767441860465
6.36826229095459,0.40891472868217055
6.443973541259766,0.4108527131782946
6.493002891540527,0.4127906976744186
6.519752502441406,0.41472868217054265
6.564146041870117,0.4166666666666667
6.569577217102051,0.4186046511627907
6.600968360900879,0.42054263565891475
6.626809120178223,0.42248062015503873
6.6601104736328125,0.42441860465116277
6.713862419128418,0.4263565891472868
6.738813400268555,0.42829457364341084
6.743470668792725,0.43023255813953487
6.899968147277832,0.4321705426356589
6.905305862426758,0.43410852713178294
6.912212371826172,0.436046511627907
6.918741226196289,0.437984496124031
6.977862358093262,0.43992248062015504
6.987309455871582,0.4418604651162791
7.037320137023926,0.4437984496124031
7.041340351104736,0.44573643410852715
7.047506332397461,0.4476744186046512
7.05148458480835,0.4496124031007752
7.111363410949707,0.45155038759689925
7.196743488311768,0.45348837209302323
7.210975646972656,0.45542635658914726
7.240071773529053,0.4573643410852713
7.339833736419678,0.45930232558139533
7.36551570892334,0.46124031007751937
7.377587795257568,0.4631782945736434
7.471343040466309,0.46511627906976744
7.574606895446777,0.46705426356589147
7.649171829223633,0.4689922480620155
7.690520763397217,0.47093023255813954
7.701399803161621,0.4728682170542636
7.703421592712402,0.4748062015503876
7.714931488037109,0.47674418604651164
7.727928161621094,0.4786821705426357
7.739837169647217,0.4806201550387597
7.7606940269470215,0.48255813953488375
7.776088237762451,0.4844961240310077
7.917473793029785,0.48643410852713176
7.969548225402832,0.4883720930232558
7.976174354553223,0.4903100775193798
8.151068687438965,0.49224806201550386
8.228193283081055,0.4941860465116279
8.27660083770752,0.49612403100775193
8.319387435913086,0.49806201550387597
8.338197708129883,0.5
8.344285011291504,0.501937984496124
8.384712219238281,0.5038759689922481
8.394441604614258,0.5058139534883721
8.40815544128418,0.5077519379844961
8.469465255737305,0.5096899224806202
8.528017044067383,0.5116279069767442
8.551305770874023,0.5135658914728682
8.57094669342041,0.5155038759689923
8.578103065490723,0.5174418604651163
8.648709297180176,0.5193798449612403
8.653264999389648,0.5213178294573644
8.720247268676758,0.5232558139534884
8.720847129821777,0.5251937984496124
8.789146423339844,0.5271317829457365
8.828897476196289,0.5290697674418605
8.852226257324219,0.5310077519379846
8.869451522827148,0.5329457364341085
8.88490104675293,0.5348837209302325
8.899932861328125,0.5368217054263565
8.91431999206543,0.5387596899224806
8.946044921875,0.5406976744186046
8.954225540161133,0.5426356589147286
8.967533111572266,0.5445736434108527
9.068914413452148,0.5465116279069767
9.06954574584961,0.5484496124031008
9.07562255859375,0.5503875968992248
9.081192016601562,0.5523255813953488
9.133702278137207,0.5542635658914729
9.15707778930664,0.5562015503875969
9.273317337036133,0.5581395348837209
9.322003364562988,0.560077519379845
9.33697509765625,0.562015503875969
9.364253044128418,0.563953488372093
9.434077262878418,0.5658914728682171
9.500175476074219,0.5678294573643411
9.514639854431152,0.5697674418604651
9.55092716217041,0.5717054263565892
9.656335830688477,0.5736434108527132
9.77542495727539,0.5755813953488372
9.77922248840332,0.5775193798449613
9.804298400878906,0.5794573643410853
9.881402015686035,0.5813953488372093
9.889719009399414,0.5833333333333334
9.93681526184082,0.5852713178294574
9.950349807739258,0.5872093023255814
10.033624649047852,0.5891472868217055
10.077874183654785,0.5910852713178295
10.098352432250977,0.5930232558139535
10.138434410095215,0.5949612403100775
10.143169403076172,0.5968992248062015
10.165830612182617,0.5988372093023255
10.183443069458008,0.6007751937984496
10.235814094543457,0.6027131782945736
10.299507141113281,0.6046511627906976
10.315910339355469,0.6065891472868217
10.335261344909668,0.6085271317829457
10.340412139892578,0.6104651162790697
10.376951217651367,0.6124031007751938
10.45759391784668,0.6143410852713178
10.505499839782715,0.6162790697674418
10.534242630004883,0.6182170542635659
10.556365966796875,0.6201550387596899
10.684014320373535,0.622093023255814
10.765871047973633,0.624031007751938
10.768245697021484,0.625968992248062
10.780086517333984,0.627906976744186
10.793734550476074,0.6298449612403101
10.853548049926758,0.6317829457364341
10.875429153442383,0.6337209302325582
10.894747734069824,0.6356589147286822
10.920318603515625,0.6375968992248062
10.974592208862305,0.6395348837209303
11.102510452270508,0.6414728682170543
11.149527549743652,0.6434108527131783
11.15915298461914,0.6453488372093024
11.20779037475586,0.6472868217054264
11.239306449890137,0.6492248062015504
11.319246292114258,0.6511627906976745
11.33261489868164,0.6531007751937985
11.362088203430176,0.6550387596899225
11.41950798034668,0.6569767441860465
11.42497730255127,0.6589147286821705
11.46176815032959,0.6608527131782945
11.482973098754883,0.6627906976744186
11.701813697814941,0.6647286821705426
11.707383155822754,0.6666666666666666
11.804821014404297,0.6686046511627907
11.824560165405273,0.6705426356589147
11.955391883850098,0.6724806201550387
11.996038436889648,0.6744186046511628
12.024866104125977,0.6763565891472868
12.148788452148438,0.6782945736434108
12.169363021850586,0.6802325581395349
12.241293907165527,0.6821705426356589
12.293370246887207,0.6841085271317829
12.509598731994629,0.686046511627907
12.513015747070312,0.687984496124031
12.56096363067627,0.689922480620155
12.586176872253418,0.6918604651162791
12.602202415466309,0.6937984496124031
12.643314361572266,0.6957364341085271
12.695953369140625,0.6976744186046512
12.730501174926758,0.6996124031007752
12.803792953491211,0.7015503875968992
12.854053497314453,0.7034883720930233
13.202486038208008,0.7054263565891473
13.204475402832031,0.7073643410852714
13.351176261901855,0.7093023255813954
13.553696632385254,0.7112403100775194
13.554295539855957,0.7131782945736435
13.604842185974121,0.7151162790697675
13.68591022491455,0.7170542635658915
13.694538116455078,0.7189922480620154
13.829259872436523,0.7209302325581395
13.850305557250977,0.7228682170542635
13.9271240234375,0.7248062015503876
14.068103790283203,0.7267441860465116
14.070855140686035,0.7286821705426356
14.074597358703613,0.7306201550387597
14.15047550201416,0.7325581395348837
14.193716049194336,0.7344961240310077
14.315791130065918,0.7364341085271318
14.327685356140137,0.7383720930232558
14.352985382080078,0.7403100775193798
14.404017448425293,0.7422480620155039
14.569855690002441,0.7441860465116279
14.661653518676758,0.7461240310077519
14.690229415893555,0.748062015503876
14.696199417114258,0.75
14.74481201171875,0.751937984496124
14.751992225646973,0.7538759689922481
14.863507270812988,0.7558139534883721
15.002862930297852,0.7577519379844961
15.26208209991455,0.7596899224806202
15.280410766601562,0.7616279069767442
15.434088706970215,0.7635658914728682
15.535686492919922,0.7655038759689923
15.671091079711914,0.7674418604651163
15.946846008300781,0.7693798449612403
16.294607162475586,0.7713178294573644
16.464725494384766,0.7732558139534884
16.524961471557617,0.7751937984496124
16.5322322845459,0.7771317829457365
16.619478225708008,0.7790697674418605
16.719141006469727,0.7810077519379846
16.934432983398438,0.7829457364341085
16.96125602722168,0.7848837209302325
17.018550872802734,0.7868217054263565
17.143991470336914,0.7887596899224806
17.169408798217773,0.7906976744186046
17.358295440673828,0.7926356589147286
17.444238662719727,0.7945736434108527
17.453264236450195,0.7965116279069767
17.638479232788086,0.7984496124031008
17.957700729370117,0.8003875968992248
18.003459930419922,0.8023255813953488
18.195707321166992,0.8042635658914729
18.316543579101562,0.8062015503875969
18.548654556274414,0.8081395348837209
18.86227035522461,0.810077519379845
18.867231369018555,0.812015503875969
18.896686553955078,0.813953488372093
18.92145347595215,0.8158914728682171
18.984819412231445,0.8178294573643411
19.024700164794922,0.8197674418604651
19.100887298583984,0.8217054263565892
19.10584831237793,0.8236434108527132
19.146875381469727,0.8255813953488372
19.21437644958496,0.8275193798449613
19.363025665283203,0.8294573643410853
19.375200271606445,0.8313953488372093
19.598249435424805,0.8333333333333334
19.697179794311523,0.8352713178294574
19.703960418701172,0.8372093023255814
19.719213485717773,0.8391472868217055
19.760211944580078,0.8410852713178295
19.838199615478516,0.8430232558139535
20.052900314331055,0.8449612403100775
20.18935775756836,0.8468992248062015
20.373294830322266,0.8488372093023255
20.436656951904297,0.8507751937984496
20.60237693786621,0.8527131782945736
20.702669143676758,0.8546511627906976
20.73467254638672,0.8565891472868217
20.76517105102539,0.8585271317829457
20.972251892089844,0.8604651162790697
21.14995002746582,0.8624031007751938
21.216548919677734,0.8643410852713178
21.440731048583984,0.8662790697674418
21.7396183013916,0.8682170542635659
21.791133880615234,0.8701550387596899
21.866413116455078,0.872093023255814
22.193666458129883,0.874031007751938
22.26523780822754,0.875968992248062
22.40990447998047,0.877906976744186
22.530048370361328,0.8798449612403101
22.592086791992188,0.8817829457364341
22.669157028198242,0.8837209302325582
22.86786460876465,0.8856589147286822
23.0399112701416,0.8875968992248062
23.220102310180664,0.8895348837209303
23.269489288330078,0.8914728682170543
23.29478645324707,0.8934108527131783
23.38410186767578,0.8953488372093024
23.476192474365234,0.8972868217054264
23.519296646118164,0.8992248062015504
23.63475799560547,0.9011627906976745
23.903261184692383,0.9031007751937985
24.071557998657227,0.9050387596899225
24.09364891052246,0.9069767441860465
24.379405975341797,0.9089147286821705
24.561338424682617,0.9108527131782945
24.906770706176758,0.9127906976744186
24.908485412597656,0.9147286821705426
25.192228317260742,0.9166666666666666
25.709566116333008,0.9186046511627907
25.724451065063477,0.9205426356589147
25.769794464111328,0.9224806201550387
25.94241714477539,0.9244186046511628
26.03919219970703,0.9263565891472868
26.364973068237305,0.9282945736434108
26.541872024536133,0.9302325581395349
26.89903450012207,0.9321705426356589
26.899751663208008,0.9341085271317829
27.044692993164062,0.936046511627907
27.24553680419922,0.937984496124031
27.372297286987305,0.939922480620155
27.42979621887207,0.9418604651162791
27.50265121459961,0.9437984496124031
27.603160858154297,0.9457364341085271
27.608718872070312,0.9476744186046512
27.85199546813965,0.9496124031007752
28.50106430053711,0.9515503875968992
28.567184448242188,0.9534883720930233
28.885896682739258,0.9554263565891473
28.951797485351562,0.9573643410852714
29.217653274536133,0.9593023255813954
29.253786087036133,0.9612403100775194
29.302658081054688,0.9631782945736435
29.46060562133789,0.9651162790697675
29.80786895751953,0.9670542635658915
30.38221549987793,0.9689922480620154
30.730337142944336,0.9709302325581395
30.905086517333984,0.9728682170542635
31.037324905395508,0.9748062015503876
32.844688415527344,0.9767441860465116
33.27285385131836,0.9786821705426356
34.18841552734375,0.9806201550387597
34.71357345581055,0.9825581395348837
35.08305740356445,0.9844961240310077
35.12887954711914,0.9864341085271318
36.50916290283203,0.9883720930232558
36.61798858642578,0.9903100775193798
38.778324127197266,0.9922480620155039
39.69923782348633,0.9941860465116279
41.18650436401367,0.9961240310077519
46.321720123291016,0.998062015503876
48.943458557128906,1.0
